nom_complet,genre,pays,age,revenu_annuel,type_abonnement,duree_abonnement_mois,nb_connexions_mensuelles,dernier_dispositif,derniere_connexion,churn,jour_semaine,mois
Juan Reed,Femme,Belgique,50.0,43826.83,Standard,4.8,19,SmartTV,2025-06-22 02:50:37,1,6,6
Yolanda David DVM,Femme,Algérie,20.0,33698.53,Familial,11.6,21,PC,2025-04-12 21:20:10,0,5,4
Mark May,Femme,France,57.0,62953.26,Standard,11.7,31,Tablette,2025-01-15 13:11:23,0,2,1
Christopher Richardson,Femme,Algérie,57.0,43161.83,Standard,13.1,22,SmartTV,2025-07-06 13:24:16,0,6,7
Ronald Jones,Femme,Maroc,68.0,59701.25,Premium,1.1,18,Mobile,2025-04-09 19:57:32,0,2,4
Natalie Martinez,Femme,Belgique,52.0,45494.62,Standard,26.5,21,PC,2025-04-20 23:06:07,0,6,4
Alyssa Oliver,Femme,Maroc,49.0,19788.55,Premium,33.3,24,Mobile,2025-06-15 08:24:47,0,6,6
Jason Vaughn,Femme,France,59.0,50984.83,Standard,31.2,22,SmartTV,2025-01-20 07:54:43,1,0,1
Dean Mahoney,Homme,Maroc,26.0,43945.01,Standard,3.9,20,Mobile,2025-05-28 10:23:19,0,2,5
Dustin Smith,Homme,Maroc,34.0,69558.91,Premium,14.1,17,Mobile,2025-07-09 10:53:12,0,2,7
Elizabeth Hebert,Homme,Maroc,53.0,21392.04,Standard,16.4,35,Mobile,2025-01-05 16:03:45,1,6,1
Edward Kirk,Homme,Maroc,24.0,40822.76,Premium,10.6,33,Mobile,2025-04-05 15:50:37,0,5,4
Elizabeth Morris,Homme,Canada,41.0,50247.97,Familial,50.9,22,Inconnu,2025-03-08 19:16:08,0,5,3
Joshua Rodriguez,Femme,Belgique,65.0,61463.13,Familial,15.0,17,Mobile,2025-06-15 23:22:27,1,6,6
Alicia Smith,Femme,Maroc,44.0,72813.07,Standard,17.9,20,Tablette,2025-01-30 16:44:20,0,3,1
Miss Stephanie Ramirez,Femme,Belgique,66.0,41125.19,Standard,1.1,20,Mobile,2025-06-02 13:52:39,0,0,6
Teresa Smith,Homme,Maroc,57.0,47621.35,Standard,4.9,31,SmartTV,2025-07-07 12:51:52,0,0,7
Kristina Webb,Femme,France,42.0,27037.59,Standard,13.8,16,PC,2025-03-29 16:08:38,0,5,3
Sherry Johnson MD,Femme,Maroc,57.0,40728.87,Premium,5.5,21,Mobile,2025-05-18 01:35:29,1,6,5
Dennis Gomez,Homme,Canada,29.0,35989.03,Premium,17.6,22,SmartTV,2025-02-05 02:54:27,0,2,2
Jennifer Mccullough,Femme,Algérie,43.0,36185.84,Standard,1.7,28,SmartTV,2025-05-17 06:59:13,0,5,5
Gary Smith,Femme,Belgique,40.0,40021.76,Premium,13.4,35,PC,2025-05-23 22:19:11,0,4,5
David Whitehead,Homme,Canada,50.0,49071.22,Premium,24.0,20,Mobile,2025-06-04 06:21:09,0,2,6
Belinda Baker,Homme,Canada,43.0,32927.62,Premium,13.9,22,PC,2025-01-28 22:56:24,1,1,1
Kimberly Harding,Femme,France,66.0,50195.23,Familial,27.4,29,Tablette,2025-01-14 02:50:24,0,1,1
Ana Ramos,Homme,Belgique,36.0,40728.87,Standard,11.9,24,SmartTV,2025-06-17 23:09:33,1,1,6
Keith Burke,Homme,Canada,56.0,32642.86,Standard,11.2,32,Mobile,2025-07-02 19:14:08,1,2,7
Noah Ramirez,Homme,Belgique,55.0,34800.36,Premium,1.2,23,Inconnu,2025-05-11 17:11:38,1,6,5
John Rios,Femme,Maroc,61.0,42445.87,Familial,1.7,15,SmartTV,2025-01-27 09:20:32,0,0,1
Frank Rowland,Homme,Canada,66.0,9227.9,Standard,11.4,34,Mobile,2025-04-09 04:29:24,0,2,4
Joseph Lam,Femme,Canada,20.0,53712.71,Standard,42.1,24,Mobile,2025-03-21 15:31:11,0,4,3
Jennifer Nguyen,Femme,France,45.0,44101.07,Familial,16.2,33,PC,2025-04-21 07:29:32,0,0,4
Rachel Hart,Femme,France,62.0,62514.05,Premium,14.36419689119171,23,PC,2025-05-22 15:31:23,0,3,5
Richard Andrews,Femme,Canada,52.0,44109.48,Familial,12.3,29,Mobile,2025-05-24 00:00:40,0,5,5
David Cooke,Femme,Algérie,18.0,62938.36,Standard,1.7,25,PC,2025-04-08 19:17:58,0,1,4
Tracey Gonzalez,Homme,Maroc,34.0,57868.54,Standard,0.2,26,Tablette,2025-04-01 12:31:19,0,1,4
Stacie Monroe,Homme,Algérie,47.0,50533.9,Familial,2.2,25,Inconnu,2025-04-15 08:25:55,0,1,4
Nicole Lee,Femme,Maroc,60.0,44399.18,Standard,31.8,27,Mobile,2025-06-27 08:44:58,0,4,6
Samantha Olsen,Femme,Belgique,39.0,28721.44,Premium,3.2,25,PC,2025-01-24 04:51:01,0,4,1
Alison Maxwell,Femme,Maroc,65.0,50216.25,Standard,3.3,25,SmartTV,2025-02-15 04:24:50,0,5,2
Charles Moore,Femme,Maroc,24.0,32555.64,Premium,0.4,23,PC,2025-01-23 18:43:58,0,3,1
Mariah Gilmore,Homme,Canada,56.0,21273.93,Premium,6.1,25,SmartTV,2025-01-20 20:43:26,0,0,1
Kendra Keller,Homme,France,58.0,42480.27,Premium,3.9,23,Mobile,2025-01-24 07:41:37,1,4,1
Nicole York,Femme,Canada,20.0,43245.48,Standard,48.8,30,SmartTV,2025-06-10 18:41:06,1,1,6
Joanne Pacheco,Homme,France,68.0,39397.14,Standard,17.4,29,PC,2025-05-31 02:29:40,0,5,5
Patrick Bruce,Homme,Algérie,30.0,38217.38,Standard,64.4,30,PC,2025-02-16 06:46:22,0,6,2
Lisa Foster,Femme,Maroc,47.0,35110.48,Premium,7.4,23,Mobile,2025-03-14 15:30:10,1,4,3
Justin Hernandez,Homme,Belgique,31.0,34690.81,Premium,33.4,26,PC,2025-04-03 09:53:14,1,3,4
Ruth Ramsey,Homme,Canada,40.0,45504.52,Standard,7.0,15,SmartTV,2025-01-22 23:06:30,0,2,1
Jason Rivera,Homme,France,69.0,47593.38,Premium,2.3,21,SmartTV,2025-05-10 11:36:46,1,5,5
Anthony Moore,Homme,Canada,55.0,67248.31,Premium,13.0,26,PC,2025-02-08 18:22:15,0,5,2
Mallory Shaffer,Homme,Algérie,53.0,40728.87,Standard,3.6,22,Mobile,2025-01-08 04:42:21,0,2,1
Alexandra Newton DDS,Femme,Algérie,60.0,44298.06,Premium,35.8,19,SmartTV,2025-06-09 15:44:52,0,0,6
Mr. Joseph Rodgers,Homme,Maroc,40.0,32470.97,Familial,5.7,21,PC,2025-02-09 20:25:52,0,6,2
Sheryl Mccormick MD,Homme,France,58.0,34055.33,Familial,35.9,25,Mobile,2025-06-17 04:17:28,1,1,6
Ms. Marie Blackwell,Femme,Canada,24.0,31380.36,Standard,14.36419689119171,24,SmartTV,2025-03-13 20:12:15,0,3,3
Thomas Savage,Femme,Belgique,47.0,50870.65,Familial,3.2,26,SmartTV,2025-06-04 13:09:41,0,2,6
Alexis Jordan,Femme,France,47.0,35887.75,Familial,6.5,27,Mobile,2025-02-21 05:44:25,0,4,2
Matthew Jackson,Homme,Canada,20.0,35542.71,Standard,1.5,20,Mobile,2025-01-31 04:32:41,0,4,1
Katrina Perry,Homme,Maroc,33.0,27027.24,Familial,0.2,20,SmartTV,2025-01-19 11:45:57,0,6,1
Jason Mccarthy,Homme,Belgique,37.0,47391.23,Standard,0.5,23,PC,2025-04-19 17:27:43,0,5,4
Hannah Warren,Non précisé,Algérie,41.0,43413.67,Standard,9.3,29,Mobile,2025-04-09 12:08:01,0,2,4
Timothy Baldwin,Femme,France,46.0,40462.62,Standard,34.4,26,SmartTV,2025-02-06 12:35:24,1,3,2
Olivia Dixon,Femme,France,39.0,59446.4,Standard,34.4,23,Mobile,2025-05-09 00:39:49,0,4,5
Marie Santos,Femme,Algérie,68.0,58845.94,Standard,6.2,22,SmartTV,2025-03-19 06:39:26,1,2,3
Matthew Diaz MD,Homme,Canada,53.0,43402.7,Standard,2.4,25,SmartTV,2025-01-02 06:48:42,0,3,1
Carlos Parker,Homme,Canada,56.0,36632.61,Standard,48.1,17,Tablette,2025-04-19 11:42:15,1,5,4
Ashley Martin,Homme,Canada,64.0,55414.4,Premium,55.2,27,SmartTV,2025-06-21 18:12:17,0,5,6
Gary Kelley,Homme,Canada,40.0,48268.43,Standard,1.8,20,PC,2025-03-01 06:17:16,0,5,3
Stephanie Parker,Femme,Maroc,35.0,56174.27,Premium,9.2,25,SmartTV,2025-02-27 06:39:06,1,3,2
Haley Jackson,Homme,Canada,30.0,55568.87,Premium,3.7,32,SmartTV,2025-04-06 18:25:17,1,6,4
Dillon Stanton,Homme,Algérie,46.0,33881.71,Familial,58.0,24,Mobile,2025-04-16 11:13:11,0,2,4
Kenneth Evans,Femme,France,21.0,10184.66,Standard,33.8,18,Tablette,2025-03-01 11:59:09,1,5,3
Melissa Lopez,Femme,Algérie,43.761429322122964,42921.95,Standard,19.0,23,PC,2025-06-02 20:36:35,0,0,6
Thomas Fields,Femme,Canada,43.0,40728.87,Familial,22.6,20,SmartTV,2025-01-04 08:21:13,0,5,1
Michael Price,Homme,France,34.0,33373.32,Premium,12.6,21,Tablette,2025-04-20 20:52:43,1,6,4
Shannon Perez,Non précisé,France,57.0,50889.94,Premium,11.0,29,Mobile,2025-06-18 22:45:45,0,2,6
Frederick Diaz,Femme,Belgique,60.0,40728.87,Standard,16.8,24,PC,2025-04-01 15:46:48,0,1,4
Katie Thompson,Homme,France,53.0,30270.69,Standard,5.5,18,PC,2025-03-29 19:29:19,0,5,3
Stephanie Edwards MD,Femme,France,43.761429322122964,50347.16,Premium,37.6,35,Mobile,2025-01-26 06:15:01,0,6,1
Taylor Ford,Femme,France,18.0,64244.82,Standard,1.0,23,Mobile,2025-03-28 06:02:31,0,4,3
Amber King,Femme,Algérie,34.0,31121.51,Premium,24.5,21,Tablette,2025-03-03 02:20:20,0,0,3
Ashley Davis,Homme,Belgique,37.0,50774.66,Standard,0.4,23,Tablette,2025-02-06 22:48:13,0,3,2
Monica Mitchell,Homme,Belgique,25.0,37521.19,Premium,13.8,27,Mobile,2025-02-15 08:36:56,0,5,2
Walter Welch,Homme,Algérie,26.0,31110.01,Standard,22.4,24,Mobile,2025-02-12 14:05:02,0,2,2
Kimberly Case,Homme,Maroc,62.0,40728.87,Familial,18.0,19,Mobile,2025-04-20 05:07:13,0,6,4
Diane Manning,Femme,Canada,27.0,52277.69,Familial,6.2,28,SmartTV,2025-02-17 20:29:59,1,0,2
Kirk Jackson,Femme,Maroc,23.0,41099.03,Premium,5.0,36,SmartTV,2025-01-20 10:31:56,0,0,1
Chase Villanueva,Homme,Algérie,23.0,64903.13,Premium,1.2,21,Mobile,2025-06-29 19:14:12,1,6,6
John Rivera,Femme,Belgique,49.0,31729.75,Premium,14.36419689119171,20,Mobile,2025-02-16 15:35:10,0,6,2
Daniel Mcbride,Femme,Belgique,48.0,44602.53,Premium,9.8,25,Mobile,2025-07-03 16:39:59,0,3,7
Jon Brown,Homme,Algérie,23.0,40728.87,Standard,6.2,24,PC,2025-04-08 23:32:08,0,1,4
Stephen Leblanc,Homme,France,61.0,8681.9,Standard,1.4,26,Mobile,2025-02-20 04:42:04,0,3,2
Amanda Rosales,Femme,Algérie,19.0,44542.83,Premium,12.8,21,SmartTV,2025-03-02 12:00:45,0,6,3
Lauren Andrews,Femme,Algérie,47.0,40728.87,Standard,6.2,27,PC,2025-02-28 17:34:57,0,4,2
Thomas Lynch,Femme,Algérie,37.0,24880.96,Premium,38.6,18,Mobile,2025-01-25 02:41:00,0,5,1
Brian Jones,Femme,France,43.761429322122964,41672.11,Premium,10.1,27,Mobile,2025-03-13 02:56:27,0,3,3
Jennifer Murphy,Femme,France,38.0,45430.42,Standard,28.4,28,SmartTV,2025-05-10 18:49:51,0,5,5
Norman Jacobson,Homme,Canada,29.0,47416.34,Premium,12.1,19,PC,2025-02-13 23:15:26,1,3,2
Dean Leonard,Homme,Belgique,30.0,41692.44,Premium,20.3,24,Mobile,2025-07-08 06:20:50,1,1,7
Jack Mann,Femme,Canada,38.0,24663.73,Standard,8.3,23,SmartTV,2025-01-28 08:49:59,0,1,1
Lauren Bailey,Homme,Canada,20.0,40728.87,Familial,34.4,18,Mobile,2025-01-10 00:21:17,0,4,1
Robert Lewis,Femme,France,43.761429322122964,40728.87,Standard,38.1,17,Mobile,2025-07-06 08:00:59,0,6,7
Kristine Grimes,Homme,Maroc,25.0,44705.01,Premium,4.5,18,Mobile,2025-02-26 04:38:56,0,2,2
John Warren,Homme,Canada,59.0,38273.85,Familial,6.5,18,SmartTV,2025-03-25 03:34:44,0,1,3
Cassidy Schwartz,Homme,France,41.0,49554.51,Familial,6.1,29,SmartTV,2025-02-25 12:26:58,0,1,2
Dwayne Giles MD,Femme,Algérie,27.0,25748.82,Familial,3.4,27,Mobile,2025-02-03 01:21:14,0,0,2
Andrew Farmer,Homme,France,52.0,43717.85,Standard,8.3,30,Tablette,2025-03-28 15:23:08,1,4,3
Steve Neal,Femme,Belgique,50.0,19753.01,Premium,8.2,28,Mobile,2025-06-04 05:45:48,0,2,6
Adriana Martinez,Homme,Algérie,20.0,24962.5,Standard,14.36419689119171,24,Mobile,2025-01-02 11:07:38,1,3,1
Steven Hines,Homme,Canada,47.0,36398.87,Standard,19.7,30,Mobile,2025-05-16 10:46:41,0,4,5
Amanda White,Femme,France,58.0,41046.24,Standard,8.3,25,Inconnu,2025-03-30 08:06:36,1,6,3
Carrie Anderson,Femme,Canada,59.0,48497.07,Premium,10.6,19,Mobile,2025-03-17 03:48:37,0,0,3
Joel Marks,Femme,Maroc,43.761429322122964,48547.26,Premium,5.3,19,Mobile,2025-04-24 14:51:40,1,3,4
Erin Wallace,Homme,Belgique,51.0,41442.71,Standard,46.2,39,SmartTV,2025-03-31 10:51:25,0,0,3
Laura Murray,Femme,Belgique,60.0,28401.8,Premium,8.6,21,Mobile,2025-03-19 01:04:09,0,2,3
Levi Wilson,Homme,Algérie,50.0,40728.87,Familial,13.4,27,Mobile,2025-01-30 08:20:03,1,3,1
Mary Adams,Femme,Belgique,52.0,54493.71,Premium,0.2,25,PC,2025-04-21 10:48:58,0,0,4
Nicole Guerrero,Homme,Canada,30.0,36200.2,Standard,22.6,25,SmartTV,2025-02-16 04:54:19,1,6,2
Courtney Ramsey,Femme,France,21.0,48788.14,Premium,27.5,37,SmartTV,2025-01-24 11:42:57,1,4,1
Kathryn Figueroa,Homme,Belgique,50.0,25140.45,Familial,8.7,27,SmartTV,2025-05-07 16:21:51,0,2,5
Jean Steele,Homme,Maroc,22.0,64160.65,Standard,17.6,16,PC,2025-01-09 05:44:55,0,3,1
Elizabeth Roberts,Femme,Maroc,69.0,41638.42,Standard,2.7,27,Mobile,2025-06-11 21:16:04,0,2,6
Donna Thompson,Homme,Algérie,51.0,36990.0,Familial,3.6,24,Tablette,2025-02-12 21:15:43,0,2,2
Brian Green,Femme,Maroc,63.0,48954.25,Premium,14.2,26,Mobile,2025-06-27 02:05:36,1,4,6
Jennifer Barnes,Femme,Algérie,46.0,35677.68,Premium,1.3,25,SmartTV,2025-03-26 23:26:46,1,2,3
Scott Burton,Homme,Maroc,36.0,41952.04,Standard,2.5,30,Mobile,2025-06-01 18:21:31,0,6,6
Cheryl Ware,Homme,France,60.0,29724.32,Familial,13.4,23,PC,2025-05-01 12:03:58,1,3,5
Jared Matthews,Homme,Canada,51.0,53516.4,Premium,9.8,23,Mobile,2025-01-04 02:23:05,0,5,1
Logan Fernandez,Homme,Belgique,27.0,49408.4,Premium,1.4,25,SmartTV,2025-01-12 01:04:15,0,6,1
Thomas Hampton,Homme,France,47.0,49340.33,Standard,0.8,30,SmartTV,2025-02-03 09:54:19,0,0,2
Jeffrey Sutton,Femme,Canada,50.0,33385.77,Premium,14.36419689119171,34,SmartTV,2025-02-24 15:06:38,1,0,2
Justin Deleon,Femme,Algérie,28.0,44274.0,Premium,12.3,29,Mobile,2025-01-18 15:19:34,0,5,1
Brian Skinner,Femme,Algérie,66.0,40728.87,Premium,14.0,29,Mobile,2025-01-04 05:48:17,0,5,1
Lisa Foster,Femme,Algérie,41.0,28551.26,Standard,6.5,31,PC,2025-06-26 20:51:34,0,3,6
Nicole Jones,Homme,Maroc,38.0,28556.74,Standard,32.2,14,PC,2025-04-19 11:38:47,1,5,4
Richard Brown,Femme,Maroc,40.0,40728.87,Premium,6.0,19,PC,2025-01-10 12:16:40,0,4,1
John Phelps,Homme,Belgique,51.0,68977.49,Premium,11.1,21,Mobile,2025-05-08 08:21:38,0,3,5
Jose Nichols,Femme,France,51.0,59591.83,Premium,1.7,25,SmartTV,2025-06-17 19:07:21,1,1,6
Tamara Alexander,Homme,Belgique,32.0,36869.05,Standard,14.36419689119171,29,SmartTV,2025-06-29 09:49:34,1,6,6
Shane Mann,Homme,Algérie,52.0,52460.67,Premium,46.7,25,SmartTV,2025-06-27 18:21:11,0,4,6
Laura Thompson,Homme,France,59.0,46065.09,Standard,13.3,32,SmartTV,2025-03-04 08:07:32,0,1,3
Shawn Lewis,Femme,France,48.0,27189.61,Premium,1.4,30,Tablette,2025-03-26 16:29:36,0,2,3
Robin Silva,Femme,France,23.0,36356.06,Premium,6.2,30,PC,2025-02-09 02:03:56,1,6,2
Wesley Manning,Femme,Belgique,52.0,16536.68,Premium,19.3,27,SmartTV,2025-03-19 15:21:38,1,2,3
Brandon Bell,Homme,Algérie,33.0,28922.41,Standard,1.1,23,Mobile,2025-01-14 13:41:46,0,1,1
James Walton,Homme,Belgique,63.0,46045.82,Standard,23.1,33,Mobile,2025-04-15 16:10:23,0,1,4
Brett Huang,Femme,Algérie,25.0,55690.95,Standard,7.7,39,Tablette,2025-02-06 12:43:01,1,3,2
Todd Johnson,Homme,Algérie,43.761429322122964,35472.66,Premium,13.9,27,Mobile,2025-06-06 05:32:24,0,4,6
Darren Thornton,Femme,Canada,50.0,49599.3,Standard,19.0,27,Mobile,2025-01-03 11:44:15,0,4,1
Bryan Fitzgerald,Femme,Canada,65.0,20604.27,Standard,27.1,26,Tablette,2025-06-07 20:33:56,0,5,6
Patricia Sawyer,Homme,Canada,25.0,18279.61,Premium,12.9,24,SmartTV,2025-01-29 22:20:44,0,2,1
Ana Bray,Femme,Algérie,45.0,31744.79,Standard,4.3,21,Mobile,2025-02-07 06:08:45,0,4,2
Valerie Taylor,Homme,Maroc,25.0,9978.37,Premium,8.9,25,PC,2025-03-04 05:11:40,0,1,3
James Williams,Homme,Algérie,50.0,21600.7,Premium,10.1,34,SmartTV,2025-02-09 21:15:58,0,6,2
Elizabeth Smith,Femme,Canada,56.0,35210.66,Standard,7.4,28,PC,2025-06-05 09:29:01,1,3,6
Mr. John Howard,Homme,Canada,44.0,32165.24,Familial,0.6,21,SmartTV,2025-06-08 04:49:31,0,6,6
Derrick Smith,Homme,Algérie,66.0,40728.87,Premium,15.9,26,Tablette,2025-04-05 03:15:10,0,5,4
Richard Lee,Homme,Algérie,23.0,32199.97,Standard,10.7,22,Mobile,2025-01-19 05:00:17,0,6,1
Kathleen Fletcher,Homme,Canada,40.0,37976.92,Standard,1.1,31,Mobile,2025-05-23 14:07:40,0,4,5
Jillian Rivera,Homme,Canada,40.0,32227.74,Standard,12.9,28,SmartTV,2025-01-31 21:15:20,0,4,1
Kathleen White,Homme,Canada,64.0,40594.94,Standard,1.0,22,Mobile,2025-04-14 13:28:15,0,0,4
Michael Kelly,Non précisé,Canada,48.0,38063.87,Premium,0.4,38,Mobile,2025-06-18 15:53:36,0,2,6
Christina Gross,Femme,France,23.0,18354.62,Standard,43.7,32,Inconnu,2025-01-07 08:13:03,0,1,1
Robert Hardy,Non précisé,Algérie,34.0,35740.15,Premium,2.3,26,SmartTV,2025-01-01 09:36:10,0,2,1
Wendy Powell,Femme,Maroc,66.0,26623.78,Premium,2.5,30,PC,2025-03-22 01:59:11,0,5,3
Tiffany Spence,Femme,France,36.0,48955.12,Standard,9.0,33,PC,2025-03-20 01:30:14,0,3,3
Jessica Fields,Homme,Algérie,22.0,40728.87,Standard,14.36419689119171,25,Mobile,2025-03-04 13:21:27,0,1,3
Steven Wyatt,Femme,Maroc,28.0,35564.68,Premium,31.5,24,PC,2025-05-10 03:02:40,0,5,5
James Rivera,Non précisé,Algérie,62.0,47122.68,Familial,0.3,28,Mobile,2025-01-28 03:40:53,0,1,1
Andrew Montgomery DDS,Femme,France,58.0,4715.34,Standard,14.36419689119171,28,Mobile,2025-01-23 23:49:11,0,3,1
Adam Baker,Homme,Canada,32.0,49604.91,Premium,26.2,17,SmartTV,2025-06-09 05:06:59,0,0,6
Jordan Odonnell,Femme,Maroc,25.0,49051.5,Familial,1.1,25,SmartTV,2025-05-11 12:55:59,1,6,5
Dennis Barrett,Homme,Algérie,19.0,20709.28,Standard,22.8,24,SmartTV,2025-03-09 11:01:38,0,6,3
Pamela Collins,Homme,Belgique,30.0,30847.3,Premium,1.8,25,SmartTV,2025-06-26 20:10:56,0,3,6
Alexis Reynolds DVM,Homme,France,45.0,26985.59,Standard,34.8,23,PC,2025-03-11 02:52:25,0,1,3
Jo Webb,Femme,Canada,32.0,27805.01,Premium,17.6,32,Mobile,2025-02-11 05:28:52,1,1,2
Jorge Collier,Femme,Algérie,28.0,42218.81,Premium,33.3,24,SmartTV,2025-03-17 14:59:55,0,0,3
Dorothy Norton,Femme,Belgique,50.0,27364.42,Premium,2.1,32,Mobile,2025-07-04 09:54:04,0,4,7
Richard Andrews,Homme,Canada,38.0,39957.9,Familial,9.0,27,PC,2025-05-20 10:13:34,0,1,5
David Fox,Homme,Algérie,48.0,28359.95,Familial,18.4,34,Tablette,2025-05-16 04:14:06,0,4,5
Taylor Tucker,Homme,Canada,53.0,41361.63,Premium,11.0,28,PC,2025-03-09 13:22:34,0,6,3
Kayla Brooks,Homme,Maroc,42.0,36270.95,Familial,4.3,32,PC,2025-05-23 14:06:17,0,4,5
Elizabeth Fernandez,Femme,Canada,57.0,42779.78,Standard,6.4,24,PC,2025-04-22 01:16:53,0,1,4
Paul Lewis,Homme,Algérie,33.0,53174.11,Premium,29.6,26,Mobile,2025-01-15 08:56:59,0,2,1
Jonathon Hanna,Femme,Canada,34.0,20281.73,Standard,13.6,26,SmartTV,2025-05-09 04:56:48,0,4,5
Melissa Hammond,Homme,Maroc,18.0,37191.76,Familial,17.2,19,SmartTV,2025-07-01 03:31:32,0,1,7
Jennifer Young,Homme,Maroc,51.0,45596.3,Premium,1.1,30,SmartTV,2025-05-23 19:26:45,0,4,5
Carolyn Parks,Femme,Belgique,25.0,40728.87,Standard,14.36419689119171,26,SmartTV,2025-05-16 00:10:47,0,4,5
Anthony Rodriguez,Homme,France,23.0,47062.64,Familial,40.3,29,PC,2025-04-14 01:08:33,0,0,4
Ricardo Mora,Homme,Canada,37.0,39923.78,Standard,6.2,21,Mobile,2025-01-18 09:31:30,1,5,1
Jason Foley,Homme,Maroc,39.0,58747.06,Premium,15.2,22,Inconnu,2025-02-18 18:29:54,0,1,2
April Tucker,Homme,Canada,20.0,40728.87,Premium,6.2,21,SmartTV,2025-02-13 05:15:52,0,3,2
Carol Thornton,Femme,Belgique,37.0,41804.87,Standard,0.6,22,SmartTV,2025-05-23 10:04:41,0,4,5
Diana Williams,Homme,France,68.0,40728.87,Familial,7.6,25,SmartTV,2025-01-03 03:19:47,0,4,1
Travis Novak,Femme,Algérie,63.0,36513.1,Familial,9.9,22,SmartTV,2025-01-09 08:49:03,0,3,1
Christina Romero,Homme,Belgique,69.0,48282.84,Standard,3.6,22,PC,2025-07-04 03:18:57,1,4,7
Steven Jefferson,Femme,Algérie,64.0,9299.58,Premium,31.7,21,Mobile,2025-03-29 02:22:09,1,5,3
Sarah Phillips,Femme,Belgique,38.0,24520.17,Standard,4.4,21,Mobile,2025-05-13 17:24:05,1,1,5
Jerry Johnson,Homme,Maroc,38.0,18406.43,Premium,14.36419689119171,24,Mobile,2025-03-21 00:38:40,1,4,3
Richard Williams,Femme,France,56.0,37540.91,Standard,3.4,19,SmartTV,2025-06-18 05:42:14,0,2,6
Nathan Potter,Homme,Canada,20.0,39185.47,Standard,33.2,29,SmartTV,2025-02-02 05:38:34,1,6,2
Daniel Gilmore,Femme,Maroc,46.0,46007.99,Premium,17.7,20,Mobile,2025-02-26 17:34:28,0,2,2
Maria Townsend,Homme,Algérie,48.0,40597.28,Familial,15.6,21,PC,2025-04-12 11:30:35,1,5,4
Janet Garcia,Femme,Algérie,50.0,27970.34,Premium,5.7,24,Mobile,2025-04-08 18:56:44,0,1,4
Pamela Collins,Homme,Belgique,19.0,26778.48,Standard,21.5,18,SmartTV,2025-04-16 08:08:32,1,2,4
Randall Fitzgerald,Femme,France,43.761429322122964,40393.56,Standard,1.7,29,Mobile,2025-02-09 03:25:53,0,6,2
Brenda Chavez,Femme,France,51.0,30898.06,Standard,15.0,26,Tablette,2025-05-29 13:59:00,0,3,5
Melissa Snow,Femme,Algérie,36.0,24405.03,Standard,4.0,28,Mobile,2025-02-24 16:46:07,0,0,2
Mark Greene,Homme,Canada,36.0,49956.79,Familial,18.7,20,SmartTV,2025-06-25 10:17:42,0,2,6
Jessica Scott,Femme,Algérie,24.0,46864.69,Familial,2.9,43,SmartTV,2025-05-05 03:45:46,0,0,5
Tanya Thomas,Homme,Canada,45.0,39253.71,Premium,14.36419689119171,21,PC,2025-02-10 11:03:37,0,0,2
Cindy Vaughn,Homme,Belgique,40.0,28322.62,Premium,12.6,22,SmartTV,2025-06-25 10:44:22,0,2,6
Jessica Chavez,Homme,Maroc,27.0,17470.69,Standard,4.8,24,Mobile,2025-05-17 05:31:44,1,5,5
Michael Gonzalez,Homme,Belgique,26.0,34955.26,Premium,25.1,25,SmartTV,2025-07-05 21:05:06,0,5,7
Sharon Nelson,Homme,France,30.0,56351.4,Standard,9.5,24,Mobile,2025-05-10 09:57:54,0,5,5
Michelle Diaz,Femme,France,45.0,41628.62,Standard,4.8,21,Mobile,2025-01-05 08:56:50,0,6,1
Elizabeth Brady,Homme,Canada,62.0,41978.92,Standard,5.5,25,Mobile,2025-05-20 18:22:41,0,1,5
Martin Lopez,Homme,Maroc,56.0,45012.08,Familial,19.3,27,Mobile,2025-02-27 03:30:25,0,3,2
Matthew Brown,Femme,Belgique,34.0,50163.97,Premium,21.8,26,PC,2025-07-02 11:36:21,1,2,7
Abigail Martin,Femme,Algérie,68.0,69120.6,Standard,6.9,27,SmartTV,2025-07-05 20:14:17,0,5,7
Christina Collins,Homme,France,18.0,45195.52,Premium,12.0,35,Tablette,2025-04-17 00:57:08,0,3,4
Deborah Freeman,Non précisé,Canada,24.0,48989.08,Standard,21.0,31,PC,2025-04-08 14:10:24,0,1,4
Wanda Moore,Homme,Canada,45.0,53305.46,Premium,29.0,18,SmartTV,2025-06-05 15:32:52,1,3,6
Susan Ryan,Femme,France,30.0,34512.38,Standard,11.5,20,Mobile,2025-02-08 15:38:12,0,5,2
Kimberly Vaughn,Femme,Algérie,28.0,47818.26,Standard,22.9,26,SmartTV,2025-06-11 12:07:53,1,2,6
Ann Wilson,Homme,France,69.0,26347.77,Premium,19.0,29,PC,2025-03-25 18:08:55,0,1,3
Craig Singh,Homme,France,29.0,28146.03,Standard,3.9,24,Mobile,2025-04-29 01:17:28,0,1,4
Dr. John Nelson,Homme,Algérie,68.0,51198.79,Premium,4.4,27,Mobile,2025-02-20 06:07:04,0,3,2
Tyler Jenkins,Femme,Algérie,24.0,52534.17,Premium,2.9,28,Mobile,2025-05-23 13:37:16,0,4,5
Rachel Short,Femme,Belgique,55.0,49081.46,Standard,3.9,24,Mobile,2025-01-02 21:00:32,1,3,1
Stephen Clark,Homme,Algérie,65.0,47349.63,Standard,34.8,22,Mobile,2025-02-14 23:26:31,1,4,2
Devin Morgan,Femme,Belgique,27.0,42322.83,Premium,2.1,26,Mobile,2025-06-19 18:18:00,0,3,6
Joshua Morris,Homme,Belgique,68.0,32767.77,Familial,8.7,31,Mobile,2025-01-24 03:21:24,1,4,1
Michael Perkins,Homme,Canada,42.0,31090.19,Premium,2.8,24,Mobile,2025-03-29 14:38:26,0,5,3
Daniel Franklin,Homme,Maroc,60.0,34176.33,Premium,33.7,26,Mobile,2025-03-06 04:26:17,0,3,3
Jonathan Bryant,Femme,Maroc,39.0,42479.76,Premium,12.7,23,Mobile,2025-01-03 21:50:45,0,4,1
Daniel Robinson,Femme,Canada,64.0,48861.89,Familial,20.9,23,SmartTV,2025-02-01 03:13:58,1,5,2
Brian Simmons,Femme,Maroc,51.0,32084.77,Standard,1.5,24,Mobile,2025-07-06 01:01:48,0,6,7
John Braun,Femme,Algérie,27.0,31541.58,Premium,0.9,30,PC,2025-03-29 08:51:47,0,5,3
Steven Washington,Femme,France,48.0,56224.34,Premium,9.9,27,Mobile,2025-06-18 06:59:58,0,2,6
Chase White,Femme,Canada,59.0,43386.25,Standard,6.0,20,SmartTV,2025-06-25 10:12:04,1,2,6
Oscar Soto,Homme,France,44.0,65270.02,Premium,15.0,30,SmartTV,2025-05-26 02:10:42,0,0,5
Alexander Coleman,Homme,Belgique,34.0,35282.55,Premium,10.1,34,Mobile,2025-05-25 06:53:42,1,6,5
Tina Henry,Femme,Maroc,45.0,50165.42,Premium,11.5,30,PC,2025-05-05 04:20:12,0,0,5
Jennifer Johnson,Homme,Belgique,22.0,37644.07,Standard,3.4,21,PC,2025-05-07 12:10:57,1,2,5
Carlos Thomas,Homme,Belgique,34.0,14955.68,Premium,35.5,22,Tablette,2025-05-06 17:59:24,0,1,5
Deborah Ruiz,Femme,Canada,33.0,32984.59,Premium,17.0,23,SmartTV,2025-06-28 23:30:13,1,5,6
Brittany Hendricks,Femme,Canada,57.0,35472.14,Standard,13.8,29,SmartTV,2025-01-24 13:29:50,1,4,1
Jeffrey Wilkerson,Homme,Maroc,29.0,64309.69,Standard,19.5,29,SmartTV,2025-06-02 00:03:54,1,0,6
Louis Smith,Femme,France,55.0,41176.81,Standard,5.9,34,SmartTV,2025-04-15 08:36:40,0,1,4
Brandon Dixon,Homme,Belgique,68.0,55550.46,Familial,5.8,28,SmartTV,2025-06-24 02:42:13,1,1,6
Stephanie Osborne,Femme,Maroc,45.0,40728.87,Standard,6.5,15,SmartTV,2025-02-26 08:03:56,0,2,2
Brian Valenzuela,Non précisé,Canada,51.0,34402.06,Standard,32.9,21,Mobile,2025-03-25 19:15:41,1,1,3
Sara Hammond,Homme,Maroc,29.0,50075.12,Standard,19.8,22,PC,2025-01-15 07:00:55,1,2,1
Travis Osborne,Homme,Algérie,66.0,28374.02,Premium,1.7,36,SmartTV,2025-06-29 16:35:19,0,6,6
Jason Cruz,Femme,Canada,60.0,40728.87,Familial,11.7,33,Mobile,2025-02-21 07:29:07,1,4,2
Sarah Cook,Homme,Belgique,62.0,55017.48,Standard,12.3,32,SmartTV,2025-03-08 06:06:17,1,5,3
Jonathan Walters,Femme,France,30.0,44010.12,Standard,4.2,24,Mobile,2025-03-02 07:57:24,0,6,3
Monica Robinson,Femme,Belgique,64.0,38136.89,Premium,31.9,30,SmartTV,2025-06-18 06:42:46,0,2,6
Felicia Owen,Homme,Belgique,23.0,36378.62,Premium,21.3,20,Mobile,2025-04-20 11:51:04,0,6,4
Matthew Murphy,Homme,Belgique,43.0,36811.43,Premium,49.6,28,Mobile,2025-06-09 10:11:39,0,0,6
Joel Hess,Homme,Algérie,52.0,48575.32,Familial,23.6,23,Mobile,2025-06-22 18:39:13,0,6,6
Kaitlyn Davis,Homme,Belgique,65.0,15400.7,Premium,0.4,19,PC,2025-03-28 20:07:09,0,4,3
Jimmy Daniels,Femme,Maroc,43.761429322122964,40728.87,Familial,14.1,23,SmartTV,2025-04-13 17:58:24,0,6,4
Joshua Jones,Homme,Maroc,62.0,36928.83,Familial,3.8,29,Mobile,2025-06-29 13:22:48,0,6,6
Karen Walters,Femme,France,37.0,41837.47,Premium,16.7,21,PC,2025-02-03 02:57:51,0,0,2
Jennifer Fox,Femme,Maroc,43.761429322122964,51888.5,Premium,15.1,20,Mobile,2025-04-26 07:11:32,0,5,4
Mary Woodward,Femme,Algérie,51.0,57953.23,Standard,7.0,26,Mobile,2025-04-19 08:45:53,1,5,4
Linda Flores,Non précisé,Canada,19.0,34288.14,Standard,0.6,23,Mobile,2025-07-01 06:51:37,1,1,7
Ryan Singh,Femme,France,29.0,38556.75,Premium,11.7,18,Mobile,2025-03-04 17:38:01,0,1,3
Cody Cortez,Femme,Belgique,34.0,40193.55,Familial,1.4,22,Mobile,2025-01-12 11:26:30,1,6,1
Jerry Vaughn,Femme,Algérie,54.0,63249.46,Standard,3.3,33,Mobile,2025-07-04 21:26:50,0,4,7
Andrew Lucero,Femme,France,22.0,38127.52,Standard,22.7,22,Mobile,2025-06-30 21:53:23,0,0,6
Ryan Rivas,Non précisé,Maroc,38.0,54188.23,Premium,13.5,24,PC,2025-02-11 17:35:19,0,1,2
Michael Herrera,Homme,Maroc,41.0,57634.99,Familial,0.6,20,PC,2025-07-05 15:48:34,0,5,7
Ralph Sharp,Femme,France,43.761429322122964,43545.13,Standard,30.8,29,Mobile,2025-05-10 02:33:48,0,5,5
Dean Sanchez,Femme,France,59.0,56446.43,Standard,2.0,31,Mobile,2025-04-12 10:24:41,0,5,4
William Bryant,Homme,Canada,29.0,48342.43,Familial,25.8,29,SmartTV,2025-03-07 09:30:43,0,4,3
Mrs. Teresa Campbell DDS,Homme,France,46.0,25990.0,Standard,11.1,31,Inconnu,2025-04-19 16:14:55,0,5,4
John Watts,Homme,Belgique,53.0,43858.61,Familial,13.3,21,Tablette,2025-03-22 23:32:59,0,5,3
Hannah Edwards,Femme,Algérie,33.0,40728.87,Premium,9.7,32,Mobile,2025-01-22 01:56:47,1,2,1
Sherry Collins,Femme,Maroc,34.0,37105.57,Standard,23.6,26,SmartTV,2025-05-02 03:58:15,1,4,5
Elizabeth Ford,Femme,Canada,37.0,39213.83,Standard,31.1,22,SmartTV,2025-04-26 10:44:57,1,5,4
Breanna Anthony,Homme,Maroc,50.0,43934.33,Premium,16.6,25,Mobile,2025-04-15 07:04:26,0,1,4
Michael Shaffer,Femme,Algérie,64.0,35662.45,Standard,1.6,26,Mobile,2025-04-29 19:27:52,0,1,4
Christopher Salazar,Homme,Maroc,43.0,40728.87,Premium,4.4,26,Tablette,2025-01-16 22:44:45,0,3,1
Alyssa Campbell,Femme,Maroc,56.0,47184.87,Standard,33.9,22,PC,2025-06-10 17:59:33,0,1,6
Tracey Gonzales,Femme,Algérie,31.0,15220.51,Standard,30.1,23,SmartTV,2025-01-02 22:57:12,0,3,1
Amy Mercer,Homme,France,24.0,40728.87,Standard,9.1,26,Mobile,2025-02-11 13:21:21,0,1,2
Sarah Cox,Femme,Canada,21.0,40969.5,Familial,12.0,30,SmartTV,2025-03-06 11:49:26,1,3,3
Amy Jordan,Femme,Algérie,46.0,31827.34,Standard,12.7,35,PC,2025-01-30 00:37:08,0,3,1
Courtney Gutierrez,Femme,Algérie,29.0,40728.87,Standard,14.36419689119171,20,SmartTV,2025-03-27 09:50:18,0,3,3
Amy Cherry,Homme,Belgique,47.0,50783.78,Familial,42.1,30,SmartTV,2025-02-03 03:11:00,0,0,2
William Chandler,Femme,France,20.0,59420.58,Familial,3.1,20,Mobile,2025-01-08 04:41:33,0,2,1
Kevin Neal,Homme,France,42.0,36867.45,Standard,28.2,24,Mobile,2025-01-20 17:27:29,1,0,1
Patrick Watkins,Homme,Belgique,59.0,41885.3,Premium,0.2,29,Mobile,2025-07-07 06:38:49,1,0,7
Megan Burns,Femme,France,58.0,8210.81,Premium,8.5,28,SmartTV,2025-02-26 03:21:19,0,2,2
Michele Gross,Femme,Belgique,60.0,56218.03,Standard,15.5,24,Mobile,2025-06-27 02:35:17,0,4,6
Deanna Green,Femme,France,43.761429322122964,58362.34,Standard,3.8,20,SmartTV,2025-02-19 07:10:07,0,2,2
Holly Thompson,Homme,Belgique,67.0,47979.13,Familial,5.5,25,SmartTV,2025-06-17 13:47:54,0,1,6
Donna Flores,Femme,Algérie,45.0,54412.18,Familial,0.9,19,SmartTV,2025-01-21 13:44:48,0,1,1
Gilbert Rodriguez,Non précisé,Algérie,65.0,40728.87,Standard,18.3,24,Mobile,2025-03-11 01:19:32,0,1,3
Michael Shields,Homme,Maroc,40.0,37864.74,Premium,3.1,21,Mobile,2025-02-09 13:59:05,0,6,2
Eric Khan,Femme,Maroc,23.0,46238.36,Standard,3.0,18,Tablette,2025-05-08 15:13:19,0,3,5
Diana Mitchell,Homme,France,42.0,50034.68,Standard,5.4,18,Mobile,2025-06-22 23:19:07,0,6,6
James Cline,Femme,Belgique,52.0,37922.16,Standard,27.7,32,SmartTV,2025-03-12 15:06:17,0,2,3
Christopher Lynn,Homme,Canada,59.0,30016.54,Standard,11.3,24,Mobile,2025-06-28 12:17:13,0,5,6
Tammy Peterson,Homme,Algérie,35.0,32340.61,Familial,0.2,28,Mobile,2025-01-30 15:11:23,0,3,1
Sheryl Mcbride,Homme,Belgique,37.0,40734.73,Premium,3.3,27,Mobile,2025-06-18 00:09:14,0,2,6
Jessica Miller,Homme,France,30.0,40897.06,Standard,34.0,25,SmartTV,2025-06-02 15:29:04,1,0,6
Paula Sutton,Femme,Belgique,31.0,34661.27,Standard,47.0,27,Mobile,2025-03-07 21:34:52,0,4,3
April Fischer,Femme,Belgique,36.0,29159.67,Premium,35.6,30,PC,2025-02-07 04:25:59,0,4,2
Todd Young,Homme,Algérie,24.0,41853.81,Familial,1.2,25,PC,2025-05-19 04:15:48,1,0,5
Kevin Moore,Femme,France,40.0,41323.85,Standard,15.5,21,Mobile,2025-06-21 03:29:17,0,5,6
Benjamin Martin,Femme,Belgique,56.0,49802.42,Premium,19.0,21,Mobile,2025-06-22 20:53:35,0,6,6
Kimberly Boyer,Femme,Algérie,40.0,34884.78,Premium,2.9,25,PC,2025-05-25 11:43:58,1,6,5
Thomas Booker,Homme,Maroc,69.0,45403.2,Standard,2.1,22,Mobile,2025-01-14 03:05:13,1,1,1
Adam Chung,Femme,Maroc,64.0,42631.72,Standard,14.36419689119171,33,Mobile,2025-04-07 22:25:08,0,0,4
Rebecca Johnson,Femme,France,24.0,78917.12,Standard,4.0,27,SmartTV,2025-01-01 09:55:22,1,2,1
Laura Carlson,Femme,France,66.0,67695.0,Standard,37.4,29,Mobile,2025-04-12 00:02:48,0,5,4
Teresa Zimmerman,Femme,Belgique,57.0,48346.28,Familial,19.6,32,PC,2025-04-06 21:08:00,0,6,4
Richard Smith,Femme,Maroc,60.0,74610.79,Standard,19.4,18,Mobile,2025-06-17 18:24:27,0,1,6
Melinda Ponce,Femme,Belgique,66.0,41241.26,Familial,0.1,29,Inconnu,2025-05-06 07:52:31,1,1,5
Mark Johnson,Femme,Belgique,43.0,64504.91,Standard,3.7,22,Mobile,2025-06-04 21:44:12,0,2,6
Teresa Brooks,Femme,Maroc,39.0,32091.92,Familial,33.0,22,Mobile,2025-04-11 02:39:24,0,4,4
Lisa Cowan,Femme,Canada,32.0,20026.28,Premium,1.9,33,SmartTV,2025-02-16 23:49:05,0,6,2
Cristina Anderson,Homme,Maroc,38.0,43086.39,Premium,20.5,33,Mobile,2025-02-28 02:35:54,0,4,2
Charlotte Gardner,Femme,Belgique,21.0,37112.02,Premium,16.9,24,SmartTV,2025-03-06 21:55:37,0,3,3
Jason Vazquez Jr.,Femme,France,23.0,40728.87,Standard,4.2,29,Mobile,2025-02-22 07:22:32,0,5,2
Jody Clark,Homme,France,50.0,33355.75,Premium,9.1,27,SmartTV,2025-05-17 00:25:57,0,5,5
Tiffany Ferguson,Homme,France,60.0,25007.26,Standard,2.3,30,Mobile,2025-02-08 16:28:22,0,5,2
Jacob Wilson,Femme,Algérie,33.0,26704.2,Familial,3.2,30,PC,2025-02-19 20:26:28,0,2,2
Michelle Watson,Homme,France,50.0,29928.16,Standard,11.0,26,Mobile,2025-02-24 21:33:43,0,0,2
Madison Smith,Homme,Algérie,34.0,56253.29,Premium,17.6,24,PC,2025-03-13 20:00:12,0,3,3
William Cross,Femme,Belgique,35.0,40008.52,Premium,0.8,25,Mobile,2025-01-28 08:12:35,0,1,1
Kevin Mooney,Homme,Algérie,66.0,37894.61,Standard,33.6,29,SmartTV,2025-07-06 07:56:25,1,6,7
Tracy Diaz,Femme,Algérie,53.0,56721.45,Familial,7.0,23,PC,2025-02-05 05:32:32,0,2,2
Veronica Johnson,Homme,Canada,31.0,48526.59,Standard,19.3,24,SmartTV,2025-05-22 06:12:55,0,3,5
Michael Burgess,Femme,France,61.0,49032.19,Premium,2.3,26,Tablette,2025-06-01 12:33:59,0,6,6
Phillip Wilson,Femme,Belgique,63.0,25750.42,Standard,5.6,26,PC,2025-02-11 04:06:15,0,1,2
Jerry Garcia,Homme,Maroc,54.0,36052.67,Standard,17.2,27,Mobile,2025-02-27 10:14:04,0,3,2
Jennifer Bauer,Homme,France,41.0,44311.63,Standard,16.7,17,Mobile,2025-03-23 00:39:25,1,6,3
Michael Marks,Homme,Canada,29.0,46565.7,Familial,12.2,18,Mobile,2025-07-09 12:32:21,0,2,7
Mrs. Crystal Cunningham,Femme,Algérie,26.0,29699.74,Standard,18.2,21,SmartTV,2025-02-28 03:42:54,1,4,2
Nicholas Williams,Homme,Belgique,61.0,15219.0,Standard,9.0,34,PC,2025-02-11 06:37:33,0,1,2
David Lawson,Femme,Belgique,23.0,40341.49,Premium,7.8,18,Mobile,2025-06-07 02:57:37,0,5,6
Paige Cook,Homme,France,43.0,34695.92,Standard,17.8,35,Mobile,2025-04-14 04:03:20,0,0,4
David Robinson,Homme,Belgique,35.0,55850.17,Standard,6.4,26,SmartTV,2025-06-11 17:27:31,0,2,6
Edward Wilson,Homme,Maroc,33.0,50483.54,Premium,4.0,31,Mobile,2025-06-16 08:11:25,0,0,6
Jerry Smith,Non précisé,Belgique,54.0,39635.17,Premium,37.8,18,SmartTV,2025-04-25 00:26:12,1,4,4
Elizabeth Carr,Homme,France,69.0,35246.25,Familial,20.0,22,SmartTV,2025-02-06 09:43:05,0,3,2
David Bowman,Homme,Belgique,40.0,30789.86,Standard,58.5,18,SmartTV,2025-06-16 05:06:42,0,0,6
Erica Villanueva,Femme,Canada,61.0,40954.06,Premium,34.2,30,PC,2025-01-03 05:31:12,1,4,1
Hannah Valenzuela,Homme,Maroc,59.0,40784.21,Standard,13.8,21,Mobile,2025-01-08 13:39:33,0,2,1
Jonathan Armstrong,Homme,France,33.0,39248.33,Standard,28.5,36,PC,2025-03-31 22:16:15,0,0,3
Rhonda Duke DDS,Homme,Belgique,67.0,42917.48,Standard,5.0,19,Mobile,2025-03-22 07:13:08,0,5,3
Angela Lane,Homme,France,66.0,47633.87,Familial,2.0,25,SmartTV,2025-02-14 22:06:19,1,4,2
Dawn Gould,Femme,France,33.0,20517.6,Standard,39.1,25,PC,2025-05-19 21:09:04,1,0,5
Luis White,Femme,Algérie,38.0,37002.28,Premium,14.36419689119171,25,PC,2025-06-07 11:27:01,0,5,6
Sean Moyer,Femme,Algérie,53.0,40728.87,Standard,0.1,23,SmartTV,2025-02-08 18:26:57,0,5,2
William Kane,Femme,France,27.0,56053.68,Standard,45.6,29,Mobile,2025-06-27 06:38:59,0,4,6
Wesley Duffy,Femme,Maroc,36.0,28435.72,Premium,31.3,25,PC,2025-04-29 09:26:32,1,1,4
Jeffrey Miller,Femme,Belgique,45.0,40130.55,Standard,44.7,26,SmartTV,2025-05-18 03:38:26,1,6,5
Holly Robinson,Femme,Belgique,52.0,46732.81,Standard,10.0,22,Tablette,2025-06-21 19:09:40,1,5,6
David Garcia,Femme,Belgique,66.0,36154.45,Standard,16.5,25,Mobile,2025-04-14 15:48:40,1,0,4
Michael Berg,Homme,Algérie,21.0,40297.16,Premium,16.6,23,Mobile,2025-02-10 05:09:44,0,0,2
Kaitlyn Hammond,Femme,Algérie,41.0,57304.07,Premium,2.9,21,Mobile,2025-04-30 20:21:29,0,2,4
John Curtis,Homme,Maroc,45.0,40808.87,Premium,28.3,28,SmartTV,2025-02-28 13:16:26,0,4,2
Douglas Thomas,Homme,Maroc,52.0,63503.86,Standard,30.8,19,Mobile,2025-04-10 21:56:54,0,3,4
Stacey Hunter,Homme,Canada,18.0,41725.23,Familial,17.4,29,SmartTV,2025-05-19 08:28:59,0,0,5
Teresa Erickson,Homme,Canada,48.0,39045.67,Premium,60.3,23,SmartTV,2025-02-01 14:47:20,0,5,2
Timothy Robertson,Homme,France,68.0,11275.79,Standard,13.6,18,Mobile,2025-01-24 11:43:45,0,4,1
Dennis Walton,Homme,Maroc,30.0,40728.87,Familial,3.9,22,PC,2025-04-29 18:13:32,1,1,4
Amy Davis,Homme,Maroc,23.0,39193.25,Standard,16.9,24,PC,2025-01-13 08:33:46,0,0,1
Timothy Allen,Homme,Maroc,29.0,48176.35,Familial,2.4,26,Mobile,2025-01-27 14:13:17,0,0,1
Lisa Sutton,Homme,France,59.0,26155.69,Standard,8.4,34,Mobile,2025-01-13 22:09:08,0,0,1
Robert Nicholson,Homme,Canada,62.0,32764.42,Familial,20.4,27,SmartTV,2025-04-03 01:56:18,0,3,4
Kristina Jones,Homme,France,55.0,43814.9,Premium,4.9,20,SmartTV,2025-01-31 00:29:12,0,4,1
Sarah Moore,Homme,Maroc,22.0,41885.54,Standard,1.7,21,Mobile,2025-01-12 03:56:47,1,6,1
James Knox,Homme,France,18.0,20157.01,Premium,12.4,17,PC,2025-03-04 06:27:10,1,1,3
Taylor Gillespie,Femme,Belgique,48.0,43175.37,Premium,14.36419689119171,23,SmartTV,2025-06-22 22:50:04,0,6,6
Jessica Johnson,Homme,Algérie,43.0,44204.44,Premium,28.5,24,SmartTV,2025-05-18 07:22:12,1,6,5
David Cardenas,Femme,Maroc,55.0,29868.11,Standard,11.2,30,PC,2025-04-04 19:51:31,0,4,4
Wendy Morgan,Femme,Canada,32.0,49950.57,Standard,7.2,23,Mobile,2025-02-15 13:14:49,0,5,2
Samuel Williams,Non précisé,Canada,26.0,40728.87,Standard,8.1,31,PC,2025-02-12 18:24:59,0,2,2
Kelly Villegas,Femme,France,63.0,47532.46,Premium,5.9,26,Mobile,2025-03-25 01:41:43,0,1,3
Cynthia Williams,Homme,Belgique,37.0,56306.82,Premium,5.3,19,Mobile,2025-03-14 11:19:35,0,4,3
Amy Fischer,Homme,Canada,41.0,40046.57,Standard,14.5,19,PC,2025-01-05 15:13:31,0,6,1
William Clark,Femme,Maroc,43.761429322122964,59466.1,Standard,6.1,17,Mobile,2025-05-06 12:29:00,1,1,5
Alisha Stewart,Femme,Algérie,49.0,28864.94,Standard,2.2,24,Mobile,2025-01-09 00:15:21,0,3,1
Diana Brown,Femme,Belgique,53.0,40728.87,Familial,6.1,25,SmartTV,2025-06-26 09:41:23,0,3,6
Fred Salazar,Femme,Belgique,34.0,40728.87,Standard,16.5,28,Mobile,2025-02-12 08:43:33,1,2,2
Paige Green,Homme,Algérie,29.0,43055.2,Standard,11.9,24,Mobile,2025-02-20 16:27:07,0,3,2
Kristin Mccoy,Femme,France,26.0,23979.37,Premium,5.0,31,SmartTV,2025-04-18 21:54:33,1,4,4
Jessica Moore,Homme,Maroc,47.0,32196.4,Standard,7.1,25,Mobile,2025-04-11 23:40:06,0,4,4
Michael Yu,Femme,Canada,61.0,47421.24,Familial,9.6,24,Mobile,2025-02-22 14:19:26,0,5,2
Brian Johnston,Homme,Maroc,30.0,51572.98,Standard,31.0,28,Mobile,2025-05-14 13:38:51,0,2,5
Kevin Snow,Femme,Algérie,39.0,44350.51,Standard,2.7,20,Mobile,2025-01-26 03:58:59,0,6,1
Mr. Daniel Lyons,Femme,France,45.0,8568.41,Premium,18.8,26,Mobile,2025-05-12 23:41:59,1,0,5
Philip Hunt,Homme,Canada,43.0,35212.95,Familial,0.0,28,Mobile,2025-07-08 09:47:51,0,1,7
Christina Caldwell,Homme,France,56.0,31540.75,Familial,8.5,34,Mobile,2025-03-09 02:51:14,0,6,3
Teresa Stewart,Femme,Canada,44.0,39029.45,Standard,10.0,24,Inconnu,2025-02-22 10:53:17,1,5,2
Lisa Jones,Homme,Algérie,48.0,39007.42,Standard,16.0,19,SmartTV,2025-05-20 20:41:33,0,1,5
Mr. Zachary Young,Homme,France,35.0,42917.1,Familial,7.2,24,PC,2025-01-01 02:48:43,1,2,1
Tristan Singh,Femme,Algérie,20.0,32699.79,Familial,4.8,14,SmartTV,2025-01-11 09:32:28,0,5,1
Nicole Thompson,Femme,Algérie,48.0,47110.36,Premium,0.2,26,Tablette,2025-05-28 16:12:02,0,2,5
Catherine Hawkins,Homme,Algérie,67.0,31319.86,Familial,10.8,20,SmartTV,2025-05-21 15:13:01,1,2,5
Amber Arroyo,Homme,Belgique,64.0,47953.38,Familial,3.2,31,PC,2025-06-21 16:24:20,0,5,6
Christopher Brown,Femme,France,43.761429322122964,41374.52,Standard,1.5,33,Mobile,2025-04-28 13:07:10,0,0,4
Victoria Valentine,Homme,France,66.0,42169.29,Standard,4.8,18,SmartTV,2025-04-30 20:18:05,0,2,4
Alexander Boyd,Femme,Canada,43.761429322122964,12156.21,Premium,8.9,23,SmartTV,2025-02-01 23:52:24,0,5,2
Daniel Rocha,Homme,Belgique,51.0,49391.56,Standard,41.7,19,Mobile,2025-03-09 08:08:45,0,6,3
Patrick Tate,Homme,Algérie,52.0,38809.6,Standard,8.6,20,SmartTV,2025-06-29 22:51:22,1,6,6
Megan Anderson,Femme,Canada,54.0,44518.12,Standard,26.8,32,Mobile,2025-01-17 01:54:05,1,4,1
Gina Hernandez,Femme,Canada,31.0,48162.59,Standard,17.0,28,Mobile,2025-06-18 21:52:51,1,2,6
Michael Johnson,Homme,Algérie,47.0,37613.8,Standard,6.6,26,Mobile,2025-06-19 22:14:25,0,3,6
Julie Martin,Homme,Maroc,43.0,44593.61,Standard,19.8,28,SmartTV,2025-01-10 21:56:55,0,4,1
Jason Velasquez,Femme,France,43.761429322122964,39726.17,Premium,35.9,15,SmartTV,2025-01-14 19:24:33,0,1,1
Jaime Gonzales,Femme,Maroc,66.0,40535.29,Premium,2.6,22,Mobile,2025-01-03 02:03:03,1,4,1
Joshua Cooley,Femme,Canada,49.0,55084.96,Standard,2.2,27,SmartTV,2025-02-24 08:20:12,0,0,2
Cynthia Landry,Femme,Algérie,29.0,42412.18,Familial,14.7,36,SmartTV,2025-05-27 15:37:09,0,1,5
Patrick Wallace,Homme,Belgique,25.0,40728.87,Standard,4.4,26,Mobile,2025-01-13 18:17:39,0,0,1
Chris Taylor,Homme,Algérie,31.0,40584.87,Standard,9.7,41,SmartTV,2025-04-06 16:39:54,0,6,4
Timothy Schultz,Homme,France,59.0,13311.76,Standard,2.6,26,Mobile,2025-06-14 06:56:16,0,5,6
Jason Myers,Homme,France,26.0,46520.69,Familial,45.6,27,SmartTV,2025-01-17 23:15:10,1,4,1
Brian Ray,Homme,Canada,60.0,26560.1,Premium,1.2,28,PC,2025-04-27 02:17:08,0,6,4
Michelle Johnson,Femme,Maroc,52.0,37916.45,Standard,6.6,25,SmartTV,2025-03-08 05:41:37,0,5,3
James Harris,Femme,Canada,50.0,46778.11,Standard,13.5,26,Mobile,2025-04-12 09:42:23,1,5,4
Justin Walls,Femme,Algérie,27.0,59629.57,Premium,10.8,21,Mobile,2025-03-17 12:38:07,0,0,3
Scott Myers,Femme,Maroc,30.0,53917.18,Familial,7.5,19,PC,2025-01-04 14:06:35,0,5,1
Jerry Morales,Femme,Canada,58.0,46164.15,Standard,26.4,26,PC,2025-04-29 00:47:13,0,1,4
David Wallace,Homme,Canada,37.0,25426.99,Premium,10.4,14,SmartTV,2025-02-12 08:43:15,0,2,2
Dr. Lisa Brown MD,Homme,Maroc,62.0,45474.87,Standard,14.6,27,SmartTV,2025-01-20 20:20:21,1,0,1
Jason Brown,Femme,Algérie,59.0,56910.29,Standard,15.1,22,Mobile,2025-02-03 11:38:12,0,0,2
Victoria Juarez,Femme,France,65.0,42784.08,Premium,14.36419689119171,24,SmartTV,2025-04-17 09:29:09,0,3,4
Ashley French,Homme,Canada,49.0,46861.2,Premium,1.1,27,PC,2025-04-19 11:23:56,0,5,4
Wanda King,Homme,Maroc,37.0,30673.16,Premium,48.5,15,Inconnu,2025-03-26 02:20:59,0,2,3
Joseph Morales,Femme,Canada,20.0,40728.87,Premium,17.0,23,PC,2025-06-13 22:12:22,0,4,6
Casey Mcdaniel,Femme,Maroc,58.0,40728.87,Premium,1.7,18,SmartTV,2025-04-17 09:08:01,0,3,4
Daniel Pacheco,Femme,France,69.0,60080.37,Standard,7.4,39,Mobile,2025-06-15 05:40:46,0,6,6
Raymond Johns,Homme,Canada,24.0,32926.57,Standard,23.1,33,Mobile,2025-05-12 01:33:26,1,0,5
Ms. Anna Chavez,Homme,Maroc,48.0,56180.64,Premium,18.7,29,Mobile,2025-05-29 19:19:01,1,3,5
Kyle Lewis,Femme,Maroc,41.0,48544.38,Familial,28.3,26,Tablette,2025-01-15 12:40:39,0,2,1
Cynthia Johnson,Homme,France,27.0,43276.13,Standard,20.0,23,Tablette,2025-02-16 07:16:20,0,6,2
Leslie Davis,Femme,Canada,19.0,15104.32,Standard,16.7,23,Mobile,2025-04-03 10:09:09,0,3,4
Valerie Benson,Homme,Belgique,63.0,37592.33,Premium,29.9,29,SmartTV,2025-06-28 23:51:02,0,5,6
Lisa Davis,Femme,France,30.0,44410.12,Standard,6.8,29,Mobile,2025-05-29 13:52:39,1,3,5
Justin Kane,Homme,Canada,38.0,53918.08,Standard,1.9,35,PC,2025-05-08 20:10:46,0,3,5
Dawn Richardson,Femme,France,39.0,33928.41,Standard,3.1,25,PC,2025-06-12 04:45:55,1,3,6
Micheal Sosa,Femme,Maroc,29.0,31179.12,Premium,10.4,22,Mobile,2025-01-19 13:30:25,0,6,1
Mark Jones,Homme,Maroc,60.0,60004.15,Standard,7.4,32,Mobile,2025-02-03 21:40:02,1,0,2
Carl Dawson,Femme,France,57.0,25742.22,Premium,11.5,30,Mobile,2025-05-24 19:16:37,0,5,5
Kristin Nguyen,Homme,Algérie,35.0,40861.99,Premium,28.9,31,SmartTV,2025-02-09 03:00:06,1,6,2
Roger Long,Femme,Canada,66.0,40158.9,Standard,4.9,20,SmartTV,2025-06-06 15:19:33,0,4,6
Angela Johns,Femme,France,49.0,35493.17,Premium,6.7,8,SmartTV,2025-05-04 17:31:09,1,6,5
Sylvia Foster,Homme,Algérie,36.0,49173.74,Familial,7.5,24,PC,2025-04-23 11:00:14,0,2,4
Ryan Holt,Homme,Belgique,34.0,28234.37,Standard,11.2,25,SmartTV,2025-04-30 17:34:25,0,2,4
Gregory Whitehead,Homme,Belgique,42.0,38257.13,Premium,21.8,31,SmartTV,2025-02-15 15:40:34,0,5,2
Stephen Carlson,Non précisé,Belgique,58.0,51656.72,Premium,2.7,19,SmartTV,2025-02-19 23:47:21,0,2,2
Michelle Hernandez,Homme,Algérie,23.0,40508.74,Premium,13.2,22,Mobile,2025-06-28 06:01:44,0,5,6
Amy Morris,Homme,France,54.0,40728.87,Standard,6.1,25,PC,2025-04-03 22:49:50,1,3,4
Frederick Warren,Homme,Canada,51.0,30267.22,Premium,4.2,19,SmartTV,2025-06-22 11:35:17,0,6,6
Nicole Howell,Homme,Canada,43.761429322122964,35665.04,Premium,2.8,30,SmartTV,2025-02-05 12:25:57,1,2,2
Brooke Hubbard,Homme,Algérie,27.0,49035.07,Standard,10.2,38,Mobile,2025-01-17 14:55:09,0,4,1
Daniel Tucker,Homme,Belgique,67.0,49856.81,Premium,4.8,26,SmartTV,2025-02-23 08:49:44,0,6,2
Diane Tucker,Homme,Algérie,23.0,41234.3,Standard,13.8,33,Tablette,2025-01-29 11:33:42,1,2,1
Rebecca Blankenship,Femme,Canada,53.0,41792.1,Standard,12.1,25,Mobile,2025-06-29 12:30:45,1,6,6
Jeffrey Gomez,Femme,France,55.0,30829.76,Standard,5.4,20,SmartTV,2025-01-18 09:48:51,0,5,1
Amanda Dudley,Homme,France,37.0,50514.09,Familial,23.0,22,Mobile,2025-03-21 11:45:45,0,4,3
Robin Sharp,Homme,Maroc,61.0,48255.2,Premium,14.36419689119171,20,Mobile,2025-02-08 14:57:40,0,5,2
Andrea Sandoval,Homme,Algérie,65.0,32644.2,Premium,13.4,23,SmartTV,2025-02-09 10:03:49,0,6,2
Melanie Woodard,Femme,Algérie,36.0,32590.15,Standard,19.8,26,Mobile,2025-04-09 03:20:20,0,2,4
Karen Wiley,Homme,Belgique,64.0,39107.03,Premium,8.3,30,SmartTV,2025-01-23 05:48:01,0,3,1
Randall Thompson,Homme,Maroc,43.761429322122964,60883.17,Familial,7.5,16,PC,2025-03-05 17:48:40,0,2,3
Anthony Sheppard,Femme,Canada,69.0,31466.67,Standard,10.8,22,Mobile,2025-04-24 17:55:34,0,3,4
Timothy Phillips,Homme,Canada,39.0,27378.99,Familial,3.8,23,Mobile,2025-01-15 10:59:36,0,2,1
Brett Garcia,Homme,Algérie,47.0,12835.26,Familial,4.6,25,Mobile,2025-02-08 02:59:52,0,5,2
Jackson Martinez,Homme,Algérie,18.0,45184.35,Standard,18.5,30,SmartTV,2025-06-30 10:44:53,1,0,6
Gregory Smith,Homme,Algérie,65.0,49278.37,Premium,7.0,23,Mobile,2025-02-12 22:44:04,0,2,2
Julian Barber,Homme,Belgique,58.0,17927.18,Familial,4.0,25,Mobile,2025-02-10 08:20:32,0,0,2
Brandi Phillips,Femme,France,19.0,2553.47,Standard,7.9,16,SmartTV,2025-04-24 22:27:41,0,3,4
Brianna Jones,Homme,Canada,56.0,35417.45,Premium,0.3,27,Mobile,2025-03-23 20:54:27,1,6,3
Savannah Jones,Homme,Canada,48.0,58069.49,Familial,0.6,32,Tablette,2025-01-16 02:00:04,0,3,1
Monica Livingston,Femme,France,58.0,37433.5,Familial,7.3,25,Mobile,2025-05-15 02:18:39,0,3,5
Christine Schwartz,Homme,Belgique,57.0,51643.79,Standard,9.2,21,Mobile,2025-03-12 22:42:36,0,2,3
Christine Higgins,Homme,France,60.0,57860.74,Familial,2.0,28,SmartTV,2025-05-26 21:10:56,0,0,5
Daniel Williams,Homme,Canada,43.761429322122964,53339.47,Standard,24.2,24,PC,2025-01-27 11:27:39,0,0,1
Timothy Long,Homme,Maroc,26.0,28569.33,Standard,32.9,23,Mobile,2025-01-06 14:10:36,1,0,1
Colleen Wood,Homme,France,61.0,43857.97,Standard,2.0,25,Mobile,2025-06-11 19:56:44,0,2,6
Sarah Fernandez,Femme,Maroc,44.0,24172.38,Premium,2.0,34,Mobile,2025-03-04 22:42:15,0,1,3
Blake Macias,Femme,Canada,36.0,40241.28,Standard,6.8,24,SmartTV,2025-01-29 23:54:55,0,2,1
Kathleen Barrett,Homme,Maroc,22.0,35201.2,Standard,27.5,36,SmartTV,2025-01-04 19:28:13,0,5,1
Michael Elliott,Homme,Algérie,20.0,31057.99,Premium,48.2,28,SmartTV,2025-05-08 08:07:26,0,3,5
James Williams,Femme,Algérie,46.0,24039.66,Standard,57.1,30,SmartTV,2025-05-01 05:44:42,0,3,5
Meagan Murray,Homme,Belgique,64.0,59510.5,Standard,31.6,18,Mobile,2025-04-24 19:36:01,0,3,4
Gina Carter,Femme,Belgique,43.761429322122964,35073.26,Familial,10.5,36,Tablette,2025-07-06 07:27:46,0,6,7
Andrew Hernandez,Femme,Canada,49.0,41742.93,Premium,6.0,30,Mobile,2025-03-31 09:50:56,0,0,3
Jeremy Robinson,Femme,France,20.0,10137.08,Standard,20.6,18,Mobile,2025-05-20 23:51:49,0,1,5
Hannah Cruz,Femme,Maroc,44.0,33886.62,Standard,1.4,26,Mobile,2025-01-30 14:04:15,1,3,1
Susan Washington,Homme,Algérie,44.0,55474.76,Standard,1.9,27,SmartTV,2025-01-26 10:57:56,0,6,1
Denise Johnson,Femme,Belgique,43.0,40426.27,Standard,17.7,21,Mobile,2025-01-18 21:31:09,0,5,1
Geoffrey Jones,Homme,Belgique,26.0,53238.61,Premium,1.8,25,Mobile,2025-01-26 04:42:48,0,6,1
Amanda Coleman,Femme,France,40.0,57303.31,Standard,31.5,23,Mobile,2025-02-02 11:27:47,0,6,2
Jamie Carroll,Homme,Belgique,60.0,26562.69,Standard,8.9,26,Mobile,2025-02-05 20:43:18,0,2,2
Pamela Spears,Femme,Algérie,62.0,52830.45,Premium,11.0,20,Mobile,2025-01-08 12:26:28,0,2,1
Maria Powell,Femme,Belgique,69.0,30533.81,Premium,15.3,24,Mobile,2025-02-14 04:06:20,1,4,2
Stephanie Hawkins,Femme,Belgique,42.0,36864.4,Premium,1.1,27,SmartTV,2025-07-06 03:53:11,0,6,7
Nathaniel Miller,Homme,Maroc,48.0,20180.68,Familial,95.4,24,SmartTV,2025-03-18 02:27:19,0,1,3
Michael Fowler,Homme,Algérie,33.0,34633.61,Familial,25.1,22,Mobile,2025-04-17 08:23:24,0,3,4
April Black,Homme,Algérie,27.0,37367.36,Standard,18.1,28,PC,2025-01-15 03:53:26,1,2,1
Jillian Davis,Homme,Belgique,40.0,40236.42,Standard,1.1,20,PC,2025-01-21 07:30:33,0,1,1
Charlene Gonzalez,Femme,France,43.0,46127.79,Standard,3.6,25,PC,2025-02-18 05:41:37,1,1,2
Alisha Butler,Femme,France,26.0,40728.87,Familial,21.8,21,Mobile,2025-02-24 13:41:59,0,0,2
Adam Lewis,Homme,Algérie,47.0,48118.2,Premium,9.7,25,SmartTV,2025-06-11 21:49:53,0,2,6
Jeremy Cruz,Homme,Maroc,54.0,40030.03,Familial,0.8,26,Mobile,2025-03-27 18:46:36,0,3,3
Stacy Miller,Homme,Belgique,60.0,61708.8,Premium,7.0,18,SmartTV,2025-05-02 01:44:15,0,4,5
Amy Carter,Homme,Canada,29.0,45983.26,Standard,64.8,22,SmartTV,2025-05-03 20:02:09,1,5,5
Mrs. Jennifer Duran,Femme,Canada,56.0,49044.83,Standard,3.3,20,Mobile,2025-05-19 19:24:29,0,0,5
Caroline Allison,Femme,Canada,43.761429322122964,53193.84,Standard,16.4,27,Tablette,2025-06-18 07:16:52,1,2,6
Mary Bray,Homme,Canada,51.0,37735.46,Familial,35.7,18,Tablette,2025-06-11 17:53:02,0,2,6
Katherine Lopez,Femme,Belgique,39.0,22878.08,Premium,1.0,16,PC,2025-06-08 16:49:44,0,6,6
Gloria Miranda,Homme,Belgique,58.0,40832.05,Premium,21.1,23,SmartTV,2025-02-02 20:45:45,1,6,2
Paul Lamb,Femme,Belgique,49.0,40894.12,Premium,19.4,16,SmartTV,2025-04-16 18:14:40,0,2,4
Joseph Cunningham,Homme,Belgique,47.0,52307.59,Standard,5.1,21,SmartTV,2025-04-18 07:13:36,0,4,4
Lisa Rodriguez,Homme,Algérie,50.0,23961.18,Standard,11.3,25,Mobile,2025-02-16 23:05:49,0,6,2
Donna Barber,Femme,Belgique,40.0,40728.87,Standard,59.3,34,Tablette,2025-02-20 20:43:19,0,3,2
Mitchell Miller,Femme,Maroc,34.0,59756.42,Standard,23.3,20,SmartTV,2025-05-22 12:42:19,0,3,5
Jennifer Johnson,Homme,Maroc,49.0,70499.44,Standard,0.2,18,PC,2025-03-22 06:30:22,0,5,3
Emily Nguyen,Homme,Canada,35.0,45547.15,Standard,17.5,27,Mobile,2025-04-09 08:34:34,0,2,4
Seth Schwartz,Homme,Belgique,39.0,25209.09,Standard,0.4,25,PC,2025-03-24 17:16:57,0,0,3
Jacob Beard,Homme,Maroc,63.0,40763.79,Standard,7.8,28,Mobile,2025-02-27 05:01:35,0,3,2
Justin Sanders,Femme,Belgique,58.0,35538.65,Standard,65.5,25,SmartTV,2025-05-19 07:18:32,0,0,5
Courtney Rodriguez,Homme,Canada,48.0,41721.12,Standard,7.4,24,Mobile,2025-03-14 15:50:08,0,4,3
Victoria Robertson,Femme,Algérie,67.0,50458.29,Premium,15.2,25,PC,2025-03-16 23:17:34,0,6,3
Michael Perez,Homme,Belgique,68.0,43849.12,Familial,10.1,26,PC,2025-05-25 22:53:23,0,6,5
Lisa Curtis,Femme,France,61.0,29921.95,Standard,14.36419689119171,22,PC,2025-03-21 11:11:13,0,4,3
Gina Dunn,Homme,Belgique,67.0,33520.74,Premium,1.4,26,Mobile,2025-04-28 19:18:04,1,0,4
Yolanda Wall,Homme,Canada,58.0,23958.5,Premium,9.2,24,PC,2025-04-20 23:42:19,1,6,4
Jeffrey Perry,Femme,Canada,68.0,50752.93,Familial,15.5,24,PC,2025-06-17 01:24:54,0,1,6
Douglas Wood,Femme,Belgique,69.0,32820.82,Standard,0.5,22,SmartTV,2025-05-10 03:48:56,0,5,5
Julie King,Femme,Algérie,22.0,28200.84,Standard,30.8,26,Mobile,2025-05-07 19:52:02,1,2,5
Brian Berry,Non précisé,Algérie,63.0,38325.78,Standard,2.6,28,Tablette,2025-02-06 02:41:02,1,3,2
Mrs. Shannon Mason MD,Non précisé,Maroc,24.0,47728.92,Standard,4.2,23,Mobile,2025-03-10 03:21:03,1,0,3
Calvin Wilson,Homme,Maroc,44.0,41846.69,Premium,5.5,22,SmartTV,2025-06-22 12:58:21,1,6,6
John Bradley,Homme,France,43.761429322122964,23458.49,Premium,18.6,17,PC,2025-04-07 23:48:55,0,0,4
Andrew Hernandez,Homme,France,31.0,48764.13,Standard,15.8,25,PC,2025-03-27 00:15:34,0,3,3
Ashley Camacho,Homme,Algérie,27.0,34101.26,Standard,10.4,23,Mobile,2025-03-25 01:23:09,1,1,3
Joseph Hunt,Femme,France,41.0,23047.29,Standard,54.6,24,Mobile,2025-05-24 00:56:49,1,5,5
Jonathan Mccoy,Femme,Canada,36.0,40381.11,Standard,5.7,25,Mobile,2025-06-06 14:09:21,1,4,6
Nicholas Mclean,Femme,Belgique,58.0,40908.08,Familial,3.3,18,Mobile,2025-04-04 14:47:05,0,4,4
Gregory Lee,Homme,Algérie,32.0,54832.31,Familial,8.3,24,Mobile,2025-01-30 00:34:52,0,3,1
Jacob Contreras,Femme,Belgique,23.0,32600.16,Familial,7.4,18,PC,2025-04-18 13:28:30,0,4,4
Luke Moore,Homme,Algérie,43.761429322122964,23912.53,Premium,1.9,22,PC,2025-06-14 22:18:38,0,5,6
Donna Salazar,Homme,Belgique,38.0,36166.71,Standard,0.0,34,PC,2025-01-12 19:56:23,0,6,1
Elizabeth Ramos,Non précisé,Belgique,69.0,40728.87,Premium,4.8,28,Tablette,2025-01-09 04:31:46,0,3,1
Kimberly Flowers,Femme,Maroc,64.0,32311.8,Familial,1.5,30,Mobile,2025-04-03 14:27:42,0,3,4
David Aguirre,Homme,Belgique,36.0,32455.96,Standard,0.8,24,PC,2025-04-01 01:14:22,0,1,4
Felicia Pearson,Femme,Algérie,43.761429322122964,8582.4,Standard,0.8,22,Mobile,2025-04-22 03:13:34,1,1,4
Valerie Curry,Homme,Canada,27.0,44926.69,Standard,6.0,26,SmartTV,2025-01-24 08:36:52,0,4,1
Danielle Ward,Homme,Belgique,30.0,30792.15,Standard,41.1,23,Tablette,2025-06-05 16:45:52,0,3,6
Terry Jackson,Homme,Belgique,51.0,36588.52,Standard,1.9,25,PC,2025-04-29 12:37:36,0,1,4
Diane Robbins,Femme,Belgique,22.0,49040.85,Standard,5.6,29,Mobile,2025-02-28 06:02:18,0,4,2
Virginia Smith,Femme,Maroc,69.0,47572.31,Standard,77.6,20,Mobile,2025-05-08 18:40:12,0,3,5
Norman Price,Femme,Algérie,65.0,50615.17,Premium,13.0,30,SmartTV,2025-01-14 20:54:30,0,1,1
Jeremiah Brown,Homme,Algérie,65.0,25813.38,Standard,18.0,30,SmartTV,2025-05-20 21:50:59,1,1,5
Chris Miller,Femme,Algérie,67.0,44812.78,Premium,25.3,20,SmartTV,2025-06-16 09:33:34,0,0,6
Matthew Carter,Femme,Canada,61.0,40728.87,Premium,27.6,34,Mobile,2025-04-20 00:50:16,0,6,4
John Mccormick,Femme,Canada,41.0,55118.27,Standard,24.4,24,PC,2025-05-04 21:17:10,0,6,5
Christopher Bradshaw,Homme,Algérie,25.0,52703.43,Standard,1.9,32,Tablette,2025-03-01 07:33:11,1,5,3
Duane Wood,Homme,Canada,29.0,20624.48,Familial,8.9,23,PC,2025-01-25 19:46:21,0,5,1
Matthew Carroll,Non précisé,Canada,31.0,39521.63,Premium,10.8,22,Mobile,2025-05-24 16:45:40,0,5,5
Michael Huynh,Femme,Maroc,40.0,31265.38,Premium,51.9,26,Mobile,2025-01-06 14:08:01,1,0,1
Larry Thomas,Homme,Canada,65.0,25285.85,Standard,9.7,26,Mobile,2025-05-06 18:55:26,0,1,5
Mary Wilson,Femme,Algérie,55.0,66359.75,Standard,20.7,22,Mobile,2025-05-26 17:27:42,0,0,5
Nicole Romero,Homme,France,64.0,31513.47,Standard,28.7,28,SmartTV,2025-05-12 03:59:36,0,0,5
Laura Bradshaw,Femme,Algérie,44.0,50378.9,Premium,0.8,21,Inconnu,2025-02-15 12:28:14,0,5,2
Amanda Gomez,Femme,France,24.0,56324.68,Familial,18.8,31,SmartTV,2025-06-05 07:34:43,1,3,6
Kyle Walker,Homme,Maroc,47.0,49639.72,Premium,46.6,28,PC,2025-05-26 18:15:06,0,0,5
Jessica Hood,Femme,Belgique,30.0,18982.74,Standard,20.2,35,PC,2025-01-09 06:48:25,1,3,1
Matthew Moody,Homme,Canada,69.0,30781.38,Standard,0.3,26,SmartTV,2025-03-16 10:19:28,0,6,3
Ronald Wood,Homme,Canada,43.761429322122964,53610.97,Standard,7.5,21,SmartTV,2025-03-28 13:35:19,1,4,3
Taylor Ortiz,Homme,France,59.0,38174.31,Premium,16.0,33,PC,2025-01-28 12:16:50,0,1,1
Deanna Davis,Femme,Belgique,31.0,52580.8,Premium,22.8,23,Mobile,2025-05-09 03:59:53,0,4,5
Nicholas Lopez,Femme,Belgique,62.0,39027.19,Standard,69.1,23,SmartTV,2025-03-31 00:21:20,0,0,3
Jill Baker,Non précisé,Canada,69.0,49893.42,Standard,4.5,23,PC,2025-04-27 05:43:48,0,6,4
Jodi Dennis,Homme,France,61.0,40992.4,Standard,20.5,20,PC,2025-07-03 13:31:19,1,3,7
Mr. Justin Henderson,Homme,Maroc,36.0,47692.72,Standard,36.7,23,SmartTV,2025-02-15 12:00:26,1,5,2
Miss Tara Anderson,Homme,Algérie,43.0,54423.18,Premium,4.5,22,Mobile,2025-01-03 03:05:09,0,4,1
Brenda Dyer,Femme,Maroc,60.0,40728.87,Premium,30.5,23,SmartTV,2025-03-01 02:56:48,0,5,3
Kathleen Cunningham,Homme,France,20.0,39985.95,Standard,23.3,18,Mobile,2025-06-01 02:04:54,0,6,6
Cody Rich,Femme,Algérie,34.0,34180.55,Standard,12.3,17,SmartTV,2025-03-29 14:59:59,0,5,3
David Williams,Femme,Maroc,45.0,45538.22,Standard,12.5,26,Mobile,2025-02-05 00:33:11,0,2,2
Lisa Thompson,Femme,Belgique,30.0,30839.81,Familial,4.8,24,SmartTV,2025-07-03 22:41:24,0,3,7
Kelli Pope,Homme,Canada,53.0,40068.23,Standard,6.9,28,Mobile,2025-06-29 13:23:24,0,6,6
James Mclaughlin,Femme,France,25.0,42243.88,Standard,1.3,26,Mobile,2025-03-23 22:23:56,0,6,3
Brian Allen,Homme,Algérie,53.0,39468.72,Standard,13.2,21,PC,2025-06-26 06:34:29,0,3,6
Ralph Miller,Femme,Canada,39.0,51361.69,Familial,22.0,23,Mobile,2025-03-18 21:42:40,0,1,3
Lisa Gonzalez,Femme,Belgique,43.761429322122964,40660.04,Premium,5.8,31,SmartTV,2025-03-11 07:51:46,0,1,3
Linda Howard,Homme,Maroc,48.0,48574.37,Standard,17.7,23,Mobile,2025-05-17 01:51:30,0,5,5
David Lee,Homme,Algérie,43.761429322122964,43643.25,Familial,7.5,12,SmartTV,2025-01-26 22:50:07,1,6,1
Joseph Perez,Femme,Canada,50.0,18469.7,Standard,14.36419689119171,18,Mobile,2025-03-13 19:30:08,0,3,3
Timothy Thompson,Femme,Canada,68.0,52997.74,Premium,40.2,25,Mobile,2025-06-13 03:01:39,0,4,6
Carol Smith,Homme,Belgique,42.0,37651.57,Standard,14.8,25,Tablette,2025-01-23 17:49:51,0,3,1
Phillip Gonzales,Non précisé,Belgique,36.0,37209.32,Premium,3.8,28,SmartTV,2025-05-04 01:58:02,0,6,5
Jacob Daniel,Homme,Belgique,29.0,26486.63,Premium,8.2,22,PC,2025-04-13 05:43:11,0,6,4
Courtney Jones,Femme,Algérie,47.0,40728.87,Premium,0.1,22,Tablette,2025-05-10 17:57:59,0,5,5
Paige Barrett,Homme,Maroc,21.0,59294.98,Premium,14.36419689119171,32,SmartTV,2025-01-11 11:04:19,0,5,1
Alejandro Thomas MD,Homme,Canada,30.0,56241.44,Standard,13.4,19,Mobile,2025-04-09 12:37:39,0,2,4
Rebecca Thompson,Non précisé,Algérie,30.0,46011.01,Premium,1.3,23,Mobile,2025-01-02 12:29:40,1,3,1
Cassandra Thornton,Homme,Belgique,68.0,40728.87,Standard,12.0,30,Mobile,2025-06-27 19:32:27,0,4,6
Karl Ibarra,Homme,Belgique,67.0,32623.02,Premium,43.1,30,SmartTV,2025-01-13 05:23:17,0,0,1
Willie Wiley,Homme,Canada,47.0,46825.78,Premium,14.5,23,PC,2025-05-23 20:18:52,0,4,5
Karla Rivera,Homme,Algérie,66.0,46419.65,Standard,5.0,25,Mobile,2025-06-04 13:35:46,0,2,6
Antonio Swanson,Femme,Belgique,63.0,41231.75,Familial,9.3,25,Mobile,2025-05-17 13:49:23,1,5,5
Mrs. Anne Anderson,Femme,France,69.0,36426.45,Familial,8.5,18,Mobile,2025-03-06 01:57:13,0,3,3
Michael Mckinney,Femme,France,19.0,38429.92,Standard,67.1,22,Inconnu,2025-02-17 03:55:44,0,0,2
Nicholas Anderson DDS,Femme,Maroc,56.0,65282.92,Premium,18.7,30,Mobile,2025-06-10 07:26:01,1,1,6
Haley Jensen DDS,Femme,Belgique,54.0,51767.59,Premium,0.6,28,PC,2025-06-28 08:34:35,0,5,6
Bailey Tucker,Homme,Canada,30.0,45606.46,Standard,6.7,17,Mobile,2025-03-20 23:45:06,0,3,3
Kelly Roach,Homme,Algérie,51.0,32339.05,Standard,4.8,30,Tablette,2025-02-09 16:10:54,0,6,2
Matthew Myers,Homme,Maroc,65.0,52733.04,Premium,59.8,24,Mobile,2025-01-31 23:11:46,1,4,1
Timothy Buchanan,Femme,Maroc,43.0,41698.39,Premium,11.2,22,SmartTV,2025-04-07 13:01:17,0,0,4
William Munoz,Non précisé,France,38.0,60082.32,Standard,7.3,26,Mobile,2025-05-05 15:41:17,0,0,5
Mario Meyer,Femme,Maroc,59.0,26730.0,Standard,37.9,20,SmartTV,2025-07-07 07:19:22,0,0,7
Kimberly Tran,Femme,Algérie,24.0,30721.53,Premium,13.6,26,Mobile,2025-04-07 10:52:56,0,0,4
Douglas Norris,Femme,Canada,43.0,52680.7,Standard,43.1,33,PC,2025-05-04 00:04:29,1,6,5
Andrew Wolf,Femme,Algérie,69.0,51601.69,Standard,29.3,32,Mobile,2025-02-13 00:19:41,0,3,2
Kylie Moreno,Homme,Maroc,29.0,56798.94,Premium,12.7,24,SmartTV,2025-01-17 08:40:32,0,4,1
Heather Howard,Femme,Belgique,53.0,40728.87,Standard,30.9,29,Tablette,2025-01-11 03:20:40,0,5,1
Ryan Miller,Homme,Maroc,57.0,39892.4,Standard,16.6,28,SmartTV,2025-05-15 14:58:42,0,3,5
Diane Chen,Femme,Canada,44.0,28630.85,Standard,5.1,22,PC,2025-05-05 12:50:34,0,0,5
Thomas Green,Femme,Maroc,20.0,46522.41,Premium,44.2,20,Mobile,2025-02-14 01:35:01,0,4,2
Joy Olson,Homme,Algérie,53.0,32100.88,Standard,31.3,30,PC,2025-05-07 07:44:42,0,2,5
Sharon Carter,Homme,France,53.0,39585.91,Standard,15.5,17,Mobile,2025-04-03 06:02:00,0,3,4
Mr. James Nicholson,Femme,France,19.0,45937.33,Standard,4.3,28,Mobile,2025-02-25 19:49:39,1,1,2
Brenda Barnes,Femme,Maroc,62.0,43673.61,Standard,2.8,29,PC,2025-03-25 14:51:56,0,1,3
Megan Scott,Homme,Maroc,44.0,37227.29,Standard,14.36419689119171,22,SmartTV,2025-05-17 02:38:30,1,5,5
Sean Blanchard,Homme,France,43.761429322122964,46869.34,Familial,1.7,32,PC,2025-04-14 09:08:15,1,0,4
Daniel Stewart,Femme,France,66.0,44764.56,Premium,17.3,16,Mobile,2025-04-11 19:43:40,0,4,4
Robert Lee,Femme,France,64.0,39539.15,Premium,35.8,27,PC,2025-04-20 21:12:18,0,6,4
Sara Harris,Femme,Belgique,54.0,58377.79,Premium,4.7,26,Mobile,2025-01-28 00:28:06,0,1,1
Troy Robinson,Homme,Canada,48.0,22912.07,Standard,9.9,28,SmartTV,2025-01-19 23:15:59,0,6,1
John Frost,Homme,Belgique,24.0,34075.27,Premium,7.2,29,SmartTV,2025-01-12 20:53:58,1,6,1
Jeffrey Stevenson,Homme,Maroc,43.761429322122964,46129.34,Standard,2.3,23,Tablette,2025-04-14 06:37:56,0,0,4
Ryan Barnes,Homme,France,67.0,20912.07,Standard,13.8,20,Mobile,2025-05-31 17:57:44,1,5,5
Melinda Wilcox,Homme,France,59.0,16214.6,Standard,17.6,22,PC,2025-03-25 08:51:45,0,1,3
Andrea Walsh,Femme,Algérie,55.0,16938.93,Standard,1.1,28,Mobile,2025-05-07 19:50:09,1,2,5
Erin Johnson,Femme,Canada,63.0,36827.73,Standard,6.0,27,SmartTV,2025-02-07 10:15:42,1,4,2
Patricia Taylor,Femme,Belgique,43.761429322122964,40728.87,Premium,42.0,26,Mobile,2025-04-03 18:00:19,0,3,4
Michael Patton,Homme,Belgique,28.0,23875.57,Standard,9.4,31,SmartTV,2025-02-26 21:07:42,1,2,2
Jared Chavez,Femme,Canada,51.0,40728.87,Standard,26.1,24,Mobile,2025-02-19 08:56:20,0,2,2
Cheryl Garcia,Femme,Algérie,61.0,38603.67,Premium,24.6,28,Tablette,2025-06-15 12:38:36,0,6,6
Michelle Greene,Homme,Algérie,47.0,33995.06,Familial,25.5,21,Mobile,2025-06-13 21:29:24,0,4,6
Corey French,Homme,Canada,32.0,38316.6,Premium,19.0,20,Mobile,2025-02-12 15:59:44,0,2,2
Shelley Washington,Homme,Algérie,41.0,33698.1,Premium,15.1,21,Mobile,2025-03-02 04:47:17,1,6,3
Steven Palmer,Femme,France,60.0,54270.72,Premium,3.2,28,Mobile,2025-05-17 13:38:21,1,5,5
Tyler Benson,Homme,France,41.0,48006.94,Standard,6.9,23,PC,2025-05-12 01:46:56,0,0,5
Anna Campbell,Femme,Maroc,54.0,46084.86,Familial,35.1,20,SmartTV,2025-06-26 10:56:24,0,3,6
Derek Thomas,Femme,Maroc,43.761429322122964,36980.71,Premium,10.0,25,Mobile,2025-05-07 18:48:17,1,2,5
Elizabeth Luna,Homme,Maroc,19.0,51932.8,Premium,1.8,24,SmartTV,2025-04-13 02:14:09,0,6,4
Stephanie Kim,Homme,Maroc,43.0,36789.82,Standard,10.1,25,Mobile,2025-06-03 01:36:53,1,1,6
Justin Johnson,Femme,Maroc,43.0,21663.35,Standard,1.6,22,Tablette,2025-06-13 09:18:12,0,4,6
Jason Mullins,Femme,Canada,57.0,33425.16,Premium,15.6,35,Mobile,2025-03-13 00:10:10,0,3,3
Samantha Ortiz,Homme,France,30.0,42361.93,Standard,10.2,21,SmartTV,2025-05-26 03:01:57,0,0,5
Nancy Wagner,Femme,Algérie,29.0,32199.35,Standard,25.5,28,Mobile,2025-03-12 02:57:59,1,2,3
Stacey Morris,Femme,Algérie,61.0,45750.02,Premium,14.4,31,PC,2025-05-21 11:30:24,0,2,5
Amanda Garcia,Non précisé,Maroc,27.0,51971.44,Premium,39.2,28,Mobile,2025-03-12 10:20:36,1,2,3
Christopher Johnson,Femme,Belgique,37.0,55797.75,Standard,16.0,25,SmartTV,2025-07-04 00:47:38,0,4,7
Crystal Torres,Homme,Canada,37.0,38865.87,Premium,1.3,25,SmartTV,2025-04-17 10:32:02,0,3,4
Stacey Hahn,Femme,Algérie,55.0,37686.07,Standard,14.36419689119171,24,Mobile,2025-04-01 21:36:18,0,1,4
Ricardo Black MD,Homme,France,60.0,45820.2,Standard,1.2,21,PC,2025-05-16 00:57:41,0,4,5
Jeffery Hanson,Non précisé,Belgique,69.0,17320.37,Standard,4.0,26,Mobile,2025-07-09 08:17:27,1,2,7
Alan Poole,Femme,Maroc,43.761429322122964,56648.23,Premium,1.7,31,SmartTV,2025-01-15 21:16:52,0,2,1
Rebecca Taylor,Non précisé,Belgique,29.0,39305.96,Premium,5.7,31,PC,2025-04-16 02:38:48,0,2,4
Anna Henderson,Femme,Belgique,25.0,53533.46,Premium,3.2,26,SmartTV,2025-04-17 07:43:30,0,3,4
Veronica Montgomery,Homme,France,47.0,40728.87,Standard,15.7,30,PC,2025-04-02 19:41:48,0,2,4
Jerry Holmes,Homme,Algérie,35.0,51570.15,Premium,15.9,13,Mobile,2025-04-14 07:40:35,0,0,4
Courtney Davis,Homme,Maroc,69.0,40728.87,Standard,3.3,24,SmartTV,2025-02-23 13:46:07,0,6,2
Jessica English,Homme,Maroc,33.0,40728.87,Familial,31.3,17,Mobile,2025-04-07 00:55:13,0,0,4
William Horn,Femme,Belgique,33.0,24833.43,Standard,4.4,24,Mobile,2025-01-18 22:09:26,0,5,1
Deborah Garcia,Femme,Algérie,28.0,51616.3,Premium,3.7,26,SmartTV,2025-04-18 14:06:55,0,4,4
Roger Rivera,Homme,France,63.0,24159.07,Familial,42.1,23,Tablette,2025-03-16 08:48:48,1,6,3
Christina Nunez,Homme,Canada,52.0,37134.97,Familial,1.9,23,Mobile,2025-03-23 23:03:13,0,6,3
Keith Williams,Homme,Maroc,36.0,41027.14,Premium,30.4,34,Mobile,2025-03-27 07:05:15,0,3,3
Jeffrey Morrison,Femme,Belgique,63.0,36659.52,Standard,33.6,29,PC,2025-02-23 14:35:34,0,6,2
Lauren Foster,Homme,Maroc,63.0,41977.3,Premium,59.0,24,SmartTV,2025-03-13 01:17:06,0,3,3
Lori Smith,Femme,France,36.0,22672.89,Premium,16.0,25,PC,2025-01-13 12:20:17,0,0,1
Timothy Mcknight,Femme,Maroc,56.0,45338.24,Standard,53.8,26,Mobile,2025-03-16 00:01:49,0,6,3
Ryan Roman,Homme,France,37.0,31460.06,Standard,26.3,23,Mobile,2025-03-13 17:00:40,0,3,3
Jessica Watson,Non précisé,France,43.761429322122964,31635.46,Premium,3.5,25,Mobile,2025-02-17 05:51:26,0,0,2
Jeffrey Esparza,Homme,Maroc,31.0,54192.16,Standard,14.36419689119171,28,PC,2025-02-23 11:05:19,0,6,2
Valerie Mccormick,Homme,Canada,45.0,49707.43,Standard,8.1,25,SmartTV,2025-03-23 02:35:28,0,6,3
Jennifer Murray MD,Femme,Belgique,25.0,59729.16,Premium,10.3,23,Mobile,2025-03-30 13:39:04,0,6,3
Adam Garcia,Homme,Belgique,33.0,23826.56,Familial,25.1,27,Tablette,2025-04-15 08:22:29,0,1,4
Kevin Bennett,Femme,Canada,19.0,55069.19,Premium,3.9,24,SmartTV,2025-01-03 11:01:51,0,4,1
Jimmy Tapia,Femme,Algérie,52.0,6200.67,Standard,2.1,22,Mobile,2025-01-11 07:20:29,1,5,1
Sarah Peck,Homme,Belgique,44.0,41517.71,Standard,5.4,20,Mobile,2025-06-09 03:05:03,0,0,6
Natalie Noble,Non précisé,France,47.0,21031.6,Premium,5.3,17,Tablette,2025-03-21 01:11:57,0,4,3
Donald Thomas,Femme,Belgique,19.0,32830.74,Premium,5.6,25,PC,2025-05-17 11:14:34,0,5,5
Elizabeth Robinson,Homme,Maroc,24.0,46798.14,Premium,5.4,39,Inconnu,2025-06-22 20:26:18,0,6,6
Mary Harrell,Homme,Canada,41.0,47925.05,Premium,9.7,17,SmartTV,2025-03-10 10:22:25,1,0,3
James Ellis,Homme,Maroc,61.0,38231.68,Standard,8.4,25,Mobile,2025-03-07 22:37:34,0,4,3
Meghan Williams,Femme,Canada,43.0,29333.68,Standard,10.3,22,Tablette,2025-01-10 23:53:14,1,4,1
Courtney Ibarra,Femme,Maroc,41.0,38083.02,Standard,17.5,13,SmartTV,2025-06-26 23:33:11,0,3,6
John Reynolds,Homme,Canada,57.0,21636.65,Standard,11.3,37,Mobile,2025-05-15 01:38:29,0,3,5
Michael Sims,Femme,Algérie,38.0,38530.77,Standard,5.7,22,Tablette,2025-05-18 22:55:46,0,6,5
James Lynch,Homme,Canada,51.0,78505.22,Standard,20.3,22,PC,2025-02-20 05:28:22,0,3,2
Robert Stewart,Homme,Maroc,56.0,30277.82,Standard,8.3,22,Tablette,2025-06-20 17:56:46,0,4,6
Ricardo Edwards,Femme,Algérie,20.0,33927.45,Premium,0.7,27,Mobile,2025-05-19 06:12:08,1,0,5
Brian Smith,Femme,Belgique,61.0,41806.92,Premium,14.6,25,SmartTV,2025-06-28 16:43:15,0,5,6
Laura Sellers,Femme,Maroc,43.761429322122964,34322.54,Premium,2.3,30,Tablette,2025-04-13 18:16:26,1,6,4
Joseph Morales,Homme,France,40.0,31464.32,Standard,8.3,22,Mobile,2025-05-22 06:11:58,1,3,5
Vernon Griffin,Femme,Belgique,21.0,42749.14,Familial,6.3,25,SmartTV,2025-01-11 11:42:59,1,5,1
Jeffrey Glover,Homme,France,25.0,31912.63,Premium,40.6,22,Mobile,2025-06-09 22:40:26,0,0,6
William Chung,Femme,Canada,62.0,40728.87,Familial,2.5,24,SmartTV,2025-03-29 12:26:05,0,5,3
Mikayla Lynch,Homme,Canada,36.0,48118.09,Familial,5.5,37,Mobile,2025-01-10 23:11:36,0,4,1
Evan Williams,Femme,Canada,60.0,44724.91,Standard,0.4,26,SmartTV,2025-05-16 22:39:23,0,4,5
Yesenia Hale,Femme,Maroc,66.0,45045.7,Premium,0.9,27,PC,2025-05-17 12:00:26,0,5,5
Matthew Stewart,Homme,Canada,18.0,53243.68,Familial,14.36419689119171,17,PC,2025-06-25 11:46:05,0,2,6
Marissa Berry,Homme,Belgique,55.0,42118.87,Standard,0.8,24,SmartTV,2025-02-26 08:09:43,0,2,2
Lindsay Cox,Femme,Maroc,65.0,43430.46,Standard,28.1,19,SmartTV,2025-04-11 02:03:08,0,4,4
Dale Rhodes,Homme,Algérie,44.0,42261.84,Premium,5.7,25,Mobile,2025-05-22 03:24:37,0,3,5
John Rhodes,Femme,Maroc,55.0,31123.75,Premium,27.1,20,Mobile,2025-06-11 12:46:40,0,2,6
Diane Lynch,Femme,Algérie,34.0,29310.48,Familial,9.2,26,Mobile,2025-03-29 19:24:45,0,5,3
Miss Patricia Flynn DDS,Femme,Algérie,19.0,40728.87,Standard,5.5,24,Mobile,2025-02-20 08:16:08,0,3,2
John Cherry,Homme,Maroc,44.0,43737.82,Familial,7.1,25,SmartTV,2025-01-23 00:36:24,0,3,1
Carolyn Tucker,Femme,Canada,39.0,41481.15,Premium,3.5,23,PC,2025-03-21 11:54:00,1,4,3
John Villanueva,Homme,Canada,24.0,25479.01,Standard,18.4,28,PC,2025-06-11 04:20:19,0,2,6
Stephanie Ruiz,Homme,France,26.0,44550.1,Standard,18.2,20,PC,2025-03-08 12:57:28,0,5,3
Diana Potter,Homme,Canada,43.761429322122964,49965.98,Standard,8.5,30,Mobile,2025-05-13 08:05:52,1,1,5
Roger Benitez,Femme,Belgique,29.0,29130.43,Standard,2.0,14,Mobile,2025-06-14 18:44:18,1,5,6
Brittany Gonzalez,Femme,Maroc,66.0,24611.2,Standard,31.9,23,Mobile,2025-01-31 06:51:46,1,4,1
John Valdez,Femme,France,37.0,53383.66,Standard,6.5,20,PC,2025-04-14 12:49:21,1,0,4
Shelley Rangel,Homme,Canada,68.0,34175.69,Standard,13.2,29,Mobile,2025-05-20 03:01:51,1,1,5
Zachary Hutchinson,Femme,Belgique,39.0,44648.13,Premium,4.7,25,Tablette,2025-03-20 13:36:38,1,3,3
Patrick Hart,Homme,Canada,36.0,40728.87,Standard,110.8,29,Mobile,2025-02-12 08:29:12,0,2,2
Fred Rogers,Homme,Algérie,30.0,43826.27,Standard,9.2,23,Mobile,2025-01-26 16:58:03,1,6,1
Carlos Smith,Homme,Belgique,26.0,37196.72,Standard,7.4,29,PC,2025-03-25 18:00:26,0,1,3
Christine Morales,Homme,France,48.0,42423.99,Premium,12.7,29,PC,2025-05-12 08:43:55,0,0,5
Luis Peterson,Homme,Belgique,25.0,29766.17,Standard,23.7,25,Mobile,2025-03-15 04:17:09,1,5,3
Tammy Nelson,Femme,Maroc,54.0,44663.9,Standard,12.0,27,SmartTV,2025-05-28 03:08:21,1,2,5
Sharon Rhodes,Femme,Algérie,33.0,40017.55,Premium,22.1,26,PC,2025-06-04 09:31:24,0,2,6
Rose Copeland,Homme,Canada,29.0,31916.12,Standard,48.9,29,Mobile,2025-01-20 06:59:35,0,0,1
Charles Davis,Homme,Algérie,51.0,34323.79,Standard,37.7,16,SmartTV,2025-01-20 21:23:41,0,0,1
Linda Robinson,Femme,Algérie,50.0,17883.2,Familial,1.3,23,Mobile,2025-02-19 14:38:33,0,2,2
Katherine Larsen,Femme,Canada,36.0,56232.88,Premium,7.4,24,Mobile,2025-06-18 19:25:09,0,2,6
Anthony Vasquez,Femme,France,68.0,44970.61,Premium,13.2,28,Mobile,2025-06-11 15:53:49,1,2,6
Patrick Palmer,Femme,Maroc,40.0,52263.55,Standard,3.3,24,Mobile,2025-02-11 02:14:22,0,1,2
Erica Miller,Homme,Algérie,45.0,36214.85,Premium,7.0,23,Mobile,2025-03-04 08:39:29,0,1,3
James Harris,Femme,Canada,39.0,26159.68,Familial,0.0,32,Mobile,2025-01-13 01:46:41,1,0,1
Susan Miller,Homme,Algérie,47.0,21161.55,Standard,16.3,26,PC,2025-03-26 18:00:41,0,2,3
Sarah Mckinney,Homme,Maroc,36.0,45458.98,Premium,3.5,19,Inconnu,2025-03-30 06:59:38,0,6,3
Chad Campbell,Femme,France,32.0,40826.23,Familial,0.4,16,PC,2025-04-19 01:36:49,0,5,4
Laura Shelton,Femme,Maroc,61.0,53654.34,Standard,18.2,35,Tablette,2025-07-06 04:27:32,1,6,7
Ruth Faulkner,Homme,Algérie,58.0,23115.42,Standard,2.0,23,Mobile,2025-06-28 19:52:01,0,5,6
Andrew Mack,Homme,Canada,45.0,19527.24,Standard,1.3,22,Mobile,2025-01-09 16:36:50,1,3,1
Julie James,Femme,France,51.0,10884.19,Standard,14.36419689119171,22,PC,2025-05-13 13:12:34,0,1,5
Kelsey Salinas,Homme,France,36.0,49869.19,Standard,22.2,22,PC,2025-07-08 09:47:50,1,1,7
Jane Andrews,Homme,Algérie,31.0,40728.87,Standard,7.4,25,Tablette,2025-04-28 02:37:34,0,0,4
Andrew Little,Femme,Algérie,49.0,40728.87,Standard,43.9,27,SmartTV,2025-06-28 07:18:52,0,5,6
Darrell Chaney,Homme,Canada,39.0,38109.2,Standard,15.1,30,Mobile,2025-05-24 13:17:35,0,5,5
William Hernandez,Homme,Canada,51.0,47071.94,Premium,23.4,29,SmartTV,2025-04-21 08:32:27,0,0,4
Courtney Kim,Homme,France,43.761429322122964,41628.28,Standard,9.7,26,SmartTV,2025-03-25 06:58:53,0,1,3
Karen Nunez,Homme,Algérie,27.0,31225.65,Standard,4.6,19,SmartTV,2025-02-08 11:33:04,0,5,2
Sara Bentley,Femme,Maroc,64.0,42873.18,Familial,6.1,27,PC,2025-02-18 20:01:16,1,1,2
Ashley Murray,Femme,France,37.0,46481.23,Premium,61.9,24,Tablette,2025-02-15 12:37:10,1,5,2
Samantha Baldwin,Femme,France,51.0,33833.6,Standard,7.8,22,SmartTV,2025-03-25 09:21:20,0,1,3
Sarah Brown,Femme,France,62.0,50018.4,Premium,7.0,27,Mobile,2025-07-05 10:11:29,0,5,7
Ernest Mason,Femme,France,52.0,71590.97,Premium,3.6,38,SmartTV,2025-06-08 05:31:20,1,6,6
Breanna Woods,Non précisé,Canada,56.0,40728.87,Standard,6.6,21,SmartTV,2025-06-18 06:13:29,0,2,6
Amanda Collins,Homme,Algérie,44.0,50358.55,Premium,20.2,21,Mobile,2025-06-21 08:14:28,0,5,6
Alexander Kelly,Homme,France,63.0,43706.66,Familial,14.1,21,Mobile,2025-06-27 16:04:14,1,4,6
Matthew Dominguez,Femme,Canada,26.0,26577.72,Standard,11.1,37,Mobile,2025-04-11 20:23:56,0,4,4
Stacey Montes,Homme,France,44.0,47714.27,Premium,8.5,36,Mobile,2025-01-17 23:26:17,0,4,1
Andrea Owens,Homme,France,68.0,30991.83,Standard,2.7,23,Mobile,2025-06-24 23:14:00,1,1,6
Kathleen Dean,Femme,Canada,44.0,46172.53,Standard,27.8,26,Mobile,2025-01-24 15:55:48,1,4,1
Ethan Cook,Homme,France,59.0,32091.71,Premium,14.36419689119171,23,Mobile,2025-04-16 06:47:39,1,2,4
Charles Brown,Femme,Algérie,37.0,55943.76,Premium,3.6,24,SmartTV,2025-03-23 06:59:50,0,6,3
Stephen Barr,Homme,Algérie,42.0,39768.18,Standard,14.8,30,SmartTV,2025-04-10 00:59:03,0,3,4
Steve Burton Jr.,Homme,Canada,56.0,41219.56,Standard,25.6,20,Mobile,2025-02-21 14:51:17,0,4,2
Amy Eaton,Femme,Canada,18.0,45618.85,Premium,10.6,25,Mobile,2025-02-16 14:09:48,0,6,2
Zachary Miller,Femme,Belgique,37.0,37430.27,Standard,14.1,24,Mobile,2025-05-24 01:57:48,0,5,5
Bradley West,Femme,Maroc,34.0,36606.28,Standard,13.6,17,Tablette,2025-03-16 08:53:32,1,6,3
Angela Berry,Femme,Algérie,42.0,39399.22,Familial,16.1,27,PC,2025-06-21 17:53:38,0,5,6
Kristen Houston,Homme,Algérie,30.0,41904.13,Premium,1.7,21,PC,2025-01-31 10:39:24,0,4,1
Christine White,Femme,Belgique,37.0,40728.87,Standard,7.5,26,Mobile,2025-06-18 07:24:43,0,2,6
Christopher Johnson,Non précisé,Canada,66.0,26121.34,Familial,30.1,22,SmartTV,2025-02-18 21:44:24,1,1,2
Danielle Edwards,Femme,Algérie,63.0,55374.86,Standard,17.3,28,Mobile,2025-01-12 17:00:27,0,6,1
Tammy Henderson,Homme,Maroc,43.761429322122964,43287.57,Standard,6.1,26,SmartTV,2025-04-03 17:20:24,0,3,4
Julia Williams,Femme,Algérie,18.0,35580.18,Standard,1.8,26,SmartTV,2025-04-10 20:48:50,1,3,4
Robert Wong,Homme,Belgique,67.0,15996.01,Standard,1.8,13,SmartTV,2025-03-21 23:12:48,0,4,3
Kimberly Brown,Homme,France,48.0,38735.06,Standard,21.3,28,Mobile,2025-04-27 02:50:07,1,6,4
Michele Wong,Homme,Maroc,67.0,33502.32,Premium,9.0,22,PC,2025-05-26 03:08:27,0,0,5
Natalie Burke,Femme,Belgique,33.0,38775.92,Standard,17.0,18,PC,2025-04-24 18:26:41,1,3,4
Mary Clark,Homme,Maroc,39.0,37945.85,Standard,11.2,15,Mobile,2025-05-07 12:18:09,1,2,5
Christopher Wilson,Homme,Algérie,45.0,40728.87,Familial,17.6,22,SmartTV,2025-01-30 22:43:20,0,3,1
Felicia Rogers,Femme,Maroc,63.0,36678.99,Standard,23.6,26,PC,2025-07-07 19:44:12,0,0,7
Jennifer Gray,Homme,France,44.0,31001.88,Familial,92.1,23,SmartTV,2025-06-05 22:03:02,0,3,6
Ashley Hull,Femme,Canada,44.0,31583.47,Premium,3.4,21,Tablette,2025-02-28 12:06:43,0,4,2
Mr. Christopher Romero,Femme,Canada,26.0,27615.93,Standard,11.8,34,SmartTV,2025-05-10 00:56:10,1,5,5
Pamela Lawson,Homme,Belgique,61.0,40440.36,Standard,6.7,16,Mobile,2025-04-12 15:20:54,0,5,4
David Smith,Homme,Maroc,30.0,43745.69,Premium,4.1,25,SmartTV,2025-03-23 17:24:15,0,6,3
Julie Goodwin,Homme,France,18.0,28802.57,Premium,8.4,27,Mobile,2025-01-01 14:49:50,0,2,1
Scott Johnson,Femme,Canada,43.761429322122964,48081.67,Standard,0.1,21,PC,2025-05-01 05:41:13,0,3,5
Chris Jordan,Femme,Canada,18.0,40728.87,Premium,1.1,31,SmartTV,2025-02-22 13:33:36,0,5,2
Jason Mayo,Homme,Algérie,34.0,37022.36,Standard,2.3,32,Mobile,2025-01-04 13:06:03,0,5,1
Ronald Hamilton,Femme,Belgique,43.761429322122964,52570.25,Premium,18.8,21,SmartTV,2025-03-15 04:51:56,0,5,3
Todd King,Homme,Canada,61.0,52109.0,Premium,82.3,22,PC,2025-03-21 23:15:29,0,4,3
Joseph Dixon,Homme,Maroc,46.0,52421.52,Premium,23.7,23,Mobile,2025-05-28 16:46:02,0,2,5
Jeffery Smith,Homme,Belgique,30.0,30321.85,Familial,2.5,24,Tablette,2025-07-02 07:40:28,0,2,7
Linda Brown,Femme,Belgique,18.0,34681.76,Standard,7.8,23,Tablette,2025-04-25 00:13:53,1,4,4
Joseph Scott,Homme,Belgique,69.0,36842.17,Premium,6.2,35,Mobile,2025-01-24 12:06:16,0,4,1
Michael Collins,Homme,France,37.0,10454.56,Standard,2.4,21,SmartTV,2025-05-16 14:31:06,0,4,5
Michele Green,Femme,Maroc,26.0,16244.12,Standard,11.5,28,SmartTV,2025-01-25 01:44:10,0,5,1
Lisa Miles,Femme,Maroc,21.0,31321.98,Standard,16.0,28,SmartTV,2025-01-21 18:37:50,0,1,1
Courtney Hunt,Femme,Algérie,46.0,44399.27,Familial,14.36419689119171,21,Mobile,2025-03-25 13:08:31,0,1,3
Keith Mcbride,Non précisé,Belgique,59.0,50279.14,Premium,19.0,28,PC,2025-04-07 10:40:30,0,0,4
Nicole Gonzalez,Homme,France,63.0,34913.94,Standard,4.2,23,Mobile,2025-02-27 09:23:52,0,3,2
Christopher Martin,Femme,Belgique,60.0,50595.83,Premium,43.1,31,SmartTV,2025-04-21 04:27:00,0,0,4
Michael Dalton,Homme,Canada,27.0,46198.68,Familial,6.5,24,SmartTV,2025-06-19 19:05:36,1,3,6
Joseph Williams,Femme,France,47.0,19126.9,Familial,16.0,17,Tablette,2025-02-06 00:51:39,0,3,2
Elizabeth Hughes,Homme,Belgique,60.0,33610.84,Standard,3.2,22,PC,2025-04-14 11:47:44,0,0,4
Wayne Bush,Homme,Algérie,19.0,47454.8,Standard,9.8,29,SmartTV,2025-05-13 10:38:53,0,1,5
Mr. Daniel Hicks,Homme,France,24.0,52027.23,Premium,1.4,19,SmartTV,2025-01-19 06:38:27,1,6,1
James Acosta,Homme,Maroc,50.0,35031.23,Premium,3.3,18,SmartTV,2025-03-11 17:53:47,0,1,3
Tina Allen,Homme,Canada,23.0,40728.87,Standard,29.1,26,SmartTV,2025-04-18 05:30:42,0,4,4
Jose Lee,Femme,France,41.0,36778.57,Premium,11.7,26,Mobile,2025-06-14 01:09:45,1,5,6
Tamara Humphrey,Homme,Maroc,22.0,44466.0,Standard,14.36419689119171,30,PC,2025-02-04 11:06:00,0,1,2
Dennis Russo,Femme,Canada,49.0,46863.48,Standard,14.36419689119171,16,PC,2025-01-03 11:23:08,1,4,1
Jack Hamilton,Femme,Belgique,43.761429322122964,46669.91,Standard,15.5,27,Mobile,2025-06-17 02:32:47,0,1,6
Andrew Yoder,Femme,Algérie,27.0,37281.67,Standard,12.4,29,Mobile,2025-02-10 19:16:14,1,0,2
Joan Lambert,Homme,Canada,49.0,49159.46,Familial,3.4,25,SmartTV,2025-05-04 23:07:50,0,6,5
Ricardo Gutierrez,Homme,Algérie,63.0,38341.07,Familial,19.6,23,Mobile,2025-03-18 09:20:43,1,1,3
Scott Moore,Homme,Belgique,61.0,35740.62,Standard,30.9,24,PC,2025-03-28 12:09:32,0,4,3
Scott Bowman,Homme,Belgique,24.0,69529.04,Standard,47.1,33,Tablette,2025-03-09 10:31:57,1,6,3
Jennifer Maxwell,Homme,Belgique,46.0,42699.53,Standard,13.6,31,Mobile,2025-06-07 02:13:08,0,5,6
Brian Moore,Homme,Canada,23.0,43849.29,Premium,9.3,16,SmartTV,2025-07-09 00:03:06,1,2,7
Carl Evans,Femme,Canada,46.0,59266.61,Premium,0.6,17,PC,2025-03-02 14:43:09,0,6,3
Zachary Stafford,Femme,Canada,43.761429322122964,57001.95,Premium,21.0,30,SmartTV,2025-02-10 00:24:26,0,0,2
Alyssa Williams,Homme,Algérie,34.0,35860.2,Standard,0.6,27,Mobile,2025-03-05 14:40:55,1,2,3
Jessica Schaefer,Homme,Maroc,23.0,42724.35,Premium,15.6,20,PC,2025-01-05 22:42:24,1,6,1
Kevin Sanchez,Femme,Maroc,66.0,41963.61,Standard,31.1,26,Tablette,2025-07-05 11:00:06,0,5,7
Christine Howard,Femme,Maroc,55.0,39639.51,Premium,44.6,28,Mobile,2025-05-26 14:42:46,0,0,5
Daniel Brown,Homme,Belgique,20.0,50713.48,Standard,30.3,27,SmartTV,2025-05-14 17:12:24,0,2,5
Keith Brown,Homme,Belgique,40.0,38958.25,Standard,2.7,31,Mobile,2025-03-08 12:54:14,1,5,3
Matthew Paul,Femme,Maroc,18.0,56291.44,Premium,0.9,27,Mobile,2025-05-13 00:01:15,0,1,5
George Ferrell,Femme,Maroc,55.0,38277.02,Premium,20.9,27,Mobile,2025-03-26 20:01:45,1,2,3
James Lee,Femme,Belgique,43.761429322122964,40728.87,Familial,28.0,27,Mobile,2025-02-14 14:51:48,0,4,2
Scott Cain PhD,Homme,Canada,45.0,42948.02,Standard,4.2,35,PC,2025-02-18 07:15:58,0,1,2
Erin Howell,Homme,Canada,22.0,49091.33,Standard,14.36419689119171,16,Tablette,2025-05-13 07:16:14,1,1,5
Jesse Taylor,Homme,Algérie,53.0,29944.8,Standard,0.0,28,PC,2025-02-26 05:41:42,1,2,2
Marcus Vasquez,Homme,Maroc,55.0,67667.64,Premium,59.7,32,Tablette,2025-06-29 17:13:29,0,6,6
Ariana Black,Femme,France,23.0,27813.02,Premium,2.3,19,Mobile,2025-06-28 23:36:50,0,5,6
Stacy Green,Femme,Algérie,32.0,56767.97,Standard,1.3,34,PC,2025-06-18 15:13:33,0,2,6
David Ford MD,Homme,Canada,36.0,43888.81,Premium,3.3,31,SmartTV,2025-02-04 08:52:46,0,1,2
Lauren Scott,Femme,France,56.0,30061.83,Standard,3.6,30,Mobile,2025-07-05 02:42:45,0,5,7
Samantha Dean,Non précisé,Algérie,42.0,48227.88,Familial,23.0,20,Inconnu,2025-05-22 13:38:28,0,3,5
Luis Chavez,Homme,Belgique,68.0,23075.52,Standard,62.9,27,SmartTV,2025-04-20 08:58:34,1,6,4
Cynthia Gordon,Femme,Belgique,35.0,40728.87,Standard,3.8,37,SmartTV,2025-01-31 04:22:18,0,4,1
Marvin Mccarthy,Femme,Belgique,32.0,43841.55,Premium,4.9,30,Mobile,2025-01-16 14:47:11,0,3,1
Megan Osborne,Femme,Belgique,68.0,40728.87,Standard,14.1,30,Mobile,2025-04-12 23:17:43,0,5,4
Karla Chen,Homme,Maroc,45.0,36468.79,Standard,15.1,25,Mobile,2025-03-11 21:07:23,0,1,3
Christopher Dyer,Femme,Maroc,43.0,46572.57,Familial,19.8,20,PC,2025-04-06 14:19:04,1,6,4
Frank Brown,Homme,Maroc,59.0,42746.86,Standard,9.0,30,SmartTV,2025-05-19 15:42:53,0,0,5
George Gibson,Femme,Canada,57.0,31023.85,Familial,21.0,19,PC,2025-02-09 04:04:28,1,6,2
Valerie Johns,Homme,Canada,69.0,44574.59,Premium,18.0,17,SmartTV,2025-03-02 23:19:36,0,6,3
Caleb Wright,Femme,France,60.0,47742.68,Standard,2.5,31,SmartTV,2025-06-21 03:50:43,1,5,6
Jessica Morris DVM,Femme,Belgique,31.0,25927.66,Premium,34.9,20,Mobile,2025-05-17 09:55:11,0,5,5
Brandon Briggs,Homme,Belgique,48.0,36256.16,Standard,12.9,27,PC,2025-03-31 01:44:09,1,0,3
Sonya Brown,Femme,Canada,48.0,42085.23,Standard,19.6,29,PC,2025-04-17 20:26:39,0,3,4
Michael Thompson,Femme,Belgique,23.0,40728.87,Premium,2.7,24,SmartTV,2025-01-09 15:51:08,1,3,1
Andrew Harris,Homme,Canada,32.0,39560.77,Premium,17.9,32,SmartTV,2025-03-30 07:30:28,0,6,3
William Freeman,Femme,France,32.0,26439.47,Standard,1.1,28,Mobile,2025-03-24 10:48:08,1,0,3
Brian Smith,Homme,Canada,48.0,45490.5,Standard,3.4,27,SmartTV,2025-04-29 08:45:34,0,1,4
Danielle Mitchell MD,Homme,Maroc,22.0,45204.97,Premium,9.4,32,PC,2025-02-28 14:44:01,0,4,2
Darlene Houston,Femme,Canada,64.0,47636.26,Premium,15.5,25,Mobile,2025-05-27 02:27:18,0,1,5
Benjamin Frye,Femme,Algérie,43.761429322122964,50165.57,Standard,2.5,26,Mobile,2025-07-06 04:05:33,0,6,7
Douglas Moore,Femme,France,22.0,34707.13,Premium,0.0,23,SmartTV,2025-04-10 02:40:09,0,3,4
Jonathan Bradley DDS,Homme,Belgique,66.0,35620.85,Premium,3.0,21,Mobile,2025-01-21 01:22:05,0,1,1
Patricia Baker MD,Femme,Belgique,40.0,59761.51,Standard,7.1,20,Mobile,2025-04-18 05:11:33,0,4,4
Christopher Bishop,Homme,Algérie,63.0,37861.98,Standard,1.6,19,Mobile,2025-05-17 16:38:32,0,5,5
Allen Wheeler Jr.,Homme,France,44.0,48309.57,Premium,2.3,32,Mobile,2025-01-21 14:06:02,0,1,1
Taylor Parker,Homme,Maroc,60.0,34618.1,Familial,13.7,20,SmartTV,2025-05-04 18:35:12,0,6,5
Alexander Brown,Homme,Algérie,25.0,43920.27,Premium,29.9,24,SmartTV,2025-03-28 02:23:23,0,4,3
Alejandro Bray,Homme,France,63.0,25170.5,Standard,1.2,30,Mobile,2025-07-04 18:34:24,1,4,7
Nathaniel Holder,Femme,France,69.0,57456.99,Premium,30.9,18,Mobile,2025-01-28 02:05:37,0,1,1
Christina Wilson,Femme,Belgique,64.0,62569.13,Familial,4.0,23,Mobile,2025-03-31 14:26:52,0,0,3
Chris Ortiz,Homme,Algérie,67.0,29506.24,Standard,10.6,28,Mobile,2025-04-06 22:26:45,0,6,4
Robert Sanchez,Homme,France,62.0,23144.83,Standard,26.5,22,Tablette,2025-02-20 08:20:44,1,3,2
Robert Mccormick,Femme,Canada,32.0,34947.64,Premium,3.8,34,Inconnu,2025-05-12 19:11:14,0,0,5
Mary Simon,Femme,Canada,21.0,22029.41,Standard,10.0,34,Tablette,2025-05-24 21:50:10,0,5,5
John Benson,Femme,Algérie,52.0,30365.62,Standard,39.4,31,Tablette,2025-03-29 13:35:48,0,5,3
Sara Turner,Homme,France,43.761429322122964,40728.87,Standard,2.8,27,Tablette,2025-01-21 22:11:05,0,1,1
Marissa Moses,Homme,Algérie,54.0,46484.61,Standard,3.1,21,SmartTV,2025-05-13 10:27:59,0,1,5
Paula Foster,Femme,Canada,52.0,63235.33,Premium,24.6,31,Mobile,2025-03-11 06:56:19,0,1,3
Joseph Herring,Non précisé,Belgique,43.0,17494.29,Standard,17.1,21,Mobile,2025-03-16 15:10:58,0,6,3
Amber Pena,Homme,Canada,43.0,48569.62,Standard,6.7,21,Tablette,2025-05-02 12:33:14,0,4,5
Rebecca Nicholson,Femme,France,19.0,30702.37,Premium,3.6,23,SmartTV,2025-01-06 10:02:21,0,0,1
Keith Gray,Femme,Belgique,44.0,33608.72,Standard,2.5,22,Mobile,2025-04-15 03:34:35,0,1,4
Dennis Gallagher,Homme,Belgique,59.0,38441.58,Premium,18.3,20,Tablette,2025-04-25 04:23:56,0,4,4
Jennifer Hooper,Homme,Canada,64.0,35445.41,Standard,11.6,20,SmartTV,2025-05-12 05:45:07,0,0,5
Hayley Gallegos,Homme,Algérie,23.0,32887.46,Premium,5.8,28,Mobile,2025-03-11 03:59:02,0,1,3
Steven Roach,Homme,Maroc,21.0,48309.19,Standard,1.5,25,PC,2025-04-15 20:57:42,0,1,4
Lori Lopez,Homme,Maroc,66.0,38444.92,Premium,16.5,24,Mobile,2025-06-12 21:38:05,0,3,6
David Thompson,Homme,Maroc,43.761429322122964,33311.53,Standard,11.9,34,SmartTV,2025-04-02 13:57:27,0,2,4
Scott Rowe,Non précisé,Maroc,28.0,41449.48,Familial,77.3,23,SmartTV,2025-01-01 00:58:40,0,2,1
Mark Rhodes,Homme,France,64.0,30999.73,Familial,2.2,28,Tablette,2025-01-25 20:59:01,0,5,1
Scott Garrett,Femme,Algérie,58.0,34930.05,Standard,21.4,24,PC,2025-02-09 11:04:42,0,6,2
David Webb,Femme,Belgique,51.0,52332.62,Standard,7.9,21,Tablette,2025-01-14 13:09:20,0,1,1
John Hart,Femme,Canada,19.0,25880.02,Premium,9.3,24,Mobile,2025-05-03 10:57:46,0,5,5
Andrew Williams,Femme,France,48.0,55008.5,Standard,15.4,19,SmartTV,2025-02-16 22:02:40,0,6,2
Brenda Maldonado,Femme,France,67.0,53277.49,Standard,13.6,32,Mobile,2025-04-07 13:36:12,0,0,4
Daniel Robertson Jr.,Femme,France,31.0,37049.82,Standard,18.2,17,SmartTV,2025-05-27 09:16:34,1,1,5
Karen Nelson,Homme,Algérie,21.0,35326.45,Premium,19.3,21,Mobile,2025-05-12 17:11:51,0,0,5
Cheryl Oconnell,Homme,Canada,59.0,39652.09,Standard,15.1,25,Tablette,2025-04-16 11:23:00,0,2,4
Abigail Carter,Femme,France,34.0,27204.76,Standard,14.36419689119171,30,Mobile,2025-07-09 16:35:52,0,2,7
Peter Pacheco,Homme,France,30.0,30168.52,Standard,2.0,21,Mobile,2025-06-30 04:32:46,0,0,6
Tracey Williams,Femme,France,19.0,43493.66,Standard,13.9,25,PC,2025-05-02 17:14:58,0,4,5
Jennifer Wagner,Homme,France,23.0,49093.36,Standard,2.5,24,SmartTV,2025-05-22 18:23:11,0,3,5
Emma Erickson,Homme,Belgique,19.0,26341.05,Standard,2.7,25,Inconnu,2025-04-27 19:31:03,0,6,4
Cameron Wallace,Femme,Canada,61.0,31381.61,Familial,2.8,18,Mobile,2025-03-09 19:37:36,1,6,3
Ronald Zamora,Femme,Belgique,22.0,46737.33,Familial,22.3,29,Mobile,2025-06-01 21:15:17,1,6,6
Tara Salazar,Femme,Belgique,38.0,40728.87,Standard,21.1,24,Tablette,2025-07-04 01:27:41,1,4,7
Miguel Bradley,Femme,Belgique,35.0,34946.44,Premium,31.3,24,Mobile,2025-05-29 16:49:42,1,3,5
Dawn Eaton,Femme,Maroc,52.0,45375.17,Premium,15.0,25,SmartTV,2025-07-09 16:31:31,0,2,7
Amanda White,Homme,Algérie,42.0,34475.29,Premium,7.8,28,Mobile,2025-02-06 17:50:44,1,3,2
Erica Burke,Non précisé,Maroc,36.0,39664.37,Premium,16.3,34,SmartTV,2025-05-30 10:10:02,0,4,5
Teresa Sanders,Homme,Belgique,19.0,32680.55,Premium,40.8,29,SmartTV,2025-06-12 00:17:05,1,3,6
Felicia Bowen,Non précisé,Belgique,56.0,36398.84,Standard,0.6,27,Mobile,2025-07-09 04:48:56,1,2,7
Michael Anderson,Homme,France,54.0,51989.02,Standard,22.7,20,SmartTV,2025-04-14 03:27:53,0,0,4
Tiffany Williams,Femme,Belgique,43.0,40728.87,Standard,17.7,22,SmartTV,2025-06-14 12:59:12,0,5,6
Katherine Giles,Non précisé,Algérie,41.0,30099.66,Premium,50.0,24,Mobile,2025-06-03 18:35:07,1,1,6
Brandi Malone,Homme,Algérie,47.0,51129.21,Standard,14.3,20,SmartTV,2025-02-08 18:57:14,0,5,2
Penny Palmer,Femme,Maroc,33.0,59255.5,Standard,120.5,23,Mobile,2025-06-23 09:04:28,1,0,6
Martha Stout,Homme,France,24.0,52059.06,Familial,7.6,33,PC,2025-06-22 03:26:17,0,6,6
Kevin Frost,Femme,Maroc,46.0,59167.09,Premium,6.7,23,SmartTV,2025-04-20 09:21:41,1,6,4
Hannah Phillips,Femme,Belgique,27.0,53752.83,Premium,6.7,31,Mobile,2025-03-22 17:15:05,0,5,3
Joel Andrade,Homme,Algérie,51.0,66887.39,Premium,14.36419689119171,30,SmartTV,2025-01-18 14:58:09,0,5,1
Jackie Serrano,Homme,France,28.0,40599.97,Standard,6.9,24,SmartTV,2025-05-28 15:02:35,0,2,5
Tiffany Perez,Non précisé,France,51.0,40728.87,Standard,3.6,29,Mobile,2025-02-09 01:12:32,0,6,2
Kyle Keller,Femme,Canada,64.0,26617.04,Standard,2.9,26,Mobile,2025-01-23 11:31:19,0,3,1
Mikayla Carter,Homme,Belgique,53.0,40728.87,Standard,23.1,20,Tablette,2025-06-02 07:02:22,1,0,6
Courtney Ross,Homme,Belgique,21.0,26689.85,Premium,11.2,35,SmartTV,2025-01-10 11:59:29,1,4,1
Stephanie Castro,Femme,Maroc,35.0,36809.79,Premium,5.4,37,SmartTV,2025-04-23 05:09:53,1,2,4
Jacqueline Figueroa,Homme,Belgique,58.0,22684.46,Premium,0.4,23,Mobile,2025-02-08 09:40:26,0,5,2
Nathan Clayton,Femme,Belgique,34.0,30122.69,Standard,36.5,21,SmartTV,2025-03-31 17:07:53,1,0,3
Guy Meadows,Homme,Maroc,18.0,43435.02,Standard,14.36419689119171,26,Mobile,2025-02-01 03:25:07,0,5,2
Elizabeth Donovan,Femme,Belgique,65.0,28636.23,Familial,0.1,19,Mobile,2025-01-01 01:40:27,0,2,1
Jason Cruz,Homme,Algérie,26.0,40709.65,Standard,31.1,30,SmartTV,2025-04-06 08:07:57,0,6,4
Desiree Matthews,Femme,Maroc,42.0,31647.58,Standard,14.36419689119171,23,PC,2025-04-29 05:50:02,0,1,4
Benjamin Beck,Femme,Maroc,64.0,42979.1,Standard,28.5,32,Mobile,2025-06-02 21:16:22,0,0,6
Samantha Knight,Femme,Maroc,57.0,40512.37,Standard,13.5,29,PC,2025-05-24 18:37:56,0,5,5
Kathy Smith,Femme,Canada,28.0,44195.38,Premium,14.9,28,SmartTV,2025-03-10 08:33:40,1,0,3
Michele Wilson,Homme,Maroc,42.0,41601.99,Premium,12.7,38,PC,2025-06-30 21:43:08,0,0,6
Glenn Jennings,Homme,Algérie,43.0,35127.65,Standard,12.2,25,PC,2025-05-26 08:49:54,1,0,5
Ryan Miles,Femme,Maroc,51.0,46446.16,Premium,2.9,26,Mobile,2025-01-11 03:57:06,1,5,1
Luis Strickland,Homme,Maroc,57.0,35158.05,Standard,4.6,20,Mobile,2025-02-25 15:31:37,0,1,2
Rebecca King,Homme,Canada,43.761429322122964,58048.81,Standard,21.7,28,SmartTV,2025-03-03 00:12:07,0,0,3
Melissa Johnson,Femme,Canada,37.0,22688.37,Premium,31.6,20,Mobile,2025-05-13 03:05:31,0,1,5
Sarah Haynes,Femme,Belgique,65.0,41194.69,Premium,16.1,18,Mobile,2025-07-06 12:26:46,0,6,7
Tamara Mcclain,Femme,Belgique,20.0,39948.84,Premium,1.1,27,Tablette,2025-03-17 03:49:33,0,0,3
John Goodwin,Homme,Canada,43.761429322122964,50312.97,Familial,4.1,21,Mobile,2025-06-08 10:05:42,1,6,6
Rachel Aguirre,Femme,Belgique,22.0,45024.57,Premium,0.2,17,PC,2025-04-07 12:13:34,0,0,4
Kari Gutierrez,Homme,Canada,22.0,23357.45,Standard,0.4,27,Mobile,2025-01-07 05:47:44,0,1,1
Mario Gray,Homme,Algérie,24.0,27487.63,Standard,5.5,20,Mobile,2025-04-03 22:18:07,1,3,4
Shannon Pena,Femme,Algérie,69.0,58296.42,Premium,14.36419689119171,29,SmartTV,2025-03-25 10:27:17,0,1,3
Cindy Reyes,Femme,France,21.0,55295.61,Standard,14.4,22,Mobile,2025-06-25 15:06:14,1,2,6
Lisa Stone,Femme,Belgique,27.0,40728.87,Standard,15.2,27,PC,2025-02-14 06:29:34,0,4,2
Tammy Sims,Femme,Belgique,62.0,39112.18,Premium,17.1,22,SmartTV,2025-06-14 04:26:03,0,5,6
Monica Graves,Homme,France,54.0,35088.16,Premium,15.1,19,PC,2025-04-01 21:36:17,0,1,4
Larry Walsh,Femme,Algérie,27.0,43144.2,Standard,1.6,28,SmartTV,2025-01-18 15:50:57,0,5,1
Connie Johnson,Homme,Belgique,29.0,51201.08,Familial,37.7,22,Mobile,2025-07-07 19:29:50,0,0,7
Kaitlin Williams,Femme,Canada,47.0,49224.64,Familial,28.3,18,PC,2025-06-22 09:41:56,0,6,6
Carla Jackson,Homme,Algérie,31.0,47953.33,Standard,2.2,23,SmartTV,2025-04-21 17:50:26,0,0,4
Joel Sawyer,Homme,France,66.0,40910.86,Standard,17.1,21,PC,2025-02-05 09:13:03,1,2,2
Michael Merritt,Homme,Algérie,26.0,40728.87,Standard,27.1,30,Mobile,2025-03-09 21:21:40,1,6,3
Christopher Mccall,Femme,Belgique,42.0,58396.83,Premium,24.7,22,Mobile,2025-03-12 14:25:22,0,2,3
Natalie Shelton,Femme,Maroc,64.0,43795.29,Premium,16.4,24,PC,2025-03-25 10:33:37,1,1,3
Paul Becker,Femme,Maroc,40.0,56394.58,Standard,21.2,30,PC,2025-01-25 06:14:14,0,5,1
April Singh,Homme,France,33.0,51787.25,Premium,30.3,30,PC,2025-05-30 06:28:56,0,4,5
Tyler Hudson,Homme,Maroc,53.0,39946.34,Standard,23.2,23,Mobile,2025-04-11 07:30:15,1,4,4
Darrell Davis,Homme,France,69.0,59536.63,Familial,16.7,30,PC,2025-06-27 23:31:24,0,4,6
Jeffery Silva,Homme,Algérie,38.0,40728.87,Standard,4.2,29,Tablette,2025-06-21 20:08:27,0,5,6
Valerie Kelley,Femme,France,49.0,68808.85,Premium,9.5,27,Mobile,2025-01-30 22:16:56,0,3,1
Tara Price,Homme,Canada,66.0,50342.13,Premium,0.1,18,Inconnu,2025-04-29 19:04:22,0,1,4
Joseph Morales,Homme,Canada,18.0,48844.48,Standard,4.3,18,SmartTV,2025-04-19 05:53:03,0,5,4
Charles Sims,Femme,Belgique,40.0,40832.04,Familial,14.0,18,SmartTV,2025-01-17 11:01:29,0,4,1
Brenda Riley,Femme,Belgique,68.0,31791.35,Premium,5.8,23,Mobile,2025-06-03 06:07:30,0,1,6
Amber Bowen,Femme,Maroc,42.0,36264.89,Premium,14.36419689119171,19,SmartTV,2025-06-15 23:34:16,0,6,6
Lisa Christian,Homme,Algérie,38.0,45741.39,Premium,14.36419689119171,23,Inconnu,2025-05-20 20:27:10,1,1,5
Mark Castillo,Homme,Belgique,64.0,35664.07,Premium,16.5,30,PC,2025-03-12 17:47:39,0,2,3
Tiffany Riley,Femme,Algérie,40.0,41643.35,Standard,25.2,22,Mobile,2025-07-01 09:32:02,0,1,7
Michael Glover,Homme,Belgique,42.0,16084.76,Premium,32.6,25,PC,2025-02-05 13:01:46,0,2,2
Cassie Forbes,Homme,Maroc,64.0,31504.49,Standard,3.7,19,Tablette,2025-01-08 07:08:21,0,2,1
Melissa Perkins,Homme,Belgique,28.0,10012.03,Premium,8.8,28,SmartTV,2025-04-03 07:43:25,1,3,4
Lauren Evans,Homme,Canada,51.0,27343.92,Standard,35.3,21,Mobile,2025-06-10 17:12:41,0,1,6
David Mccarthy,Homme,Maroc,23.0,40728.87,Premium,57.6,24,SmartTV,2025-05-02 06:24:55,0,4,5
Matthew Mason,Homme,France,58.0,41593.04,Standard,15.9,24,PC,2025-02-16 12:19:05,0,6,2
Deborah Glover,Femme,Canada,30.0,34014.73,Premium,65.0,31,SmartTV,2025-01-05 22:34:58,1,6,1
Heather Farrell,Homme,Maroc,52.0,33549.55,Standard,7.5,17,Mobile,2025-05-12 16:23:08,0,0,5
Edward Dyer,Femme,France,63.0,34464.51,Standard,52.8,33,SmartTV,2025-03-27 08:16:08,0,3,3
Adam Cherry,Femme,France,50.0,46667.15,Standard,14.8,20,Mobile,2025-06-03 13:18:24,0,1,6
Stacy Farrell,Femme,France,63.0,46087.43,Premium,13.5,22,PC,2025-01-29 15:23:28,0,2,1
Diana Walton,Femme,Canada,39.0,66197.38,Premium,0.4,25,Mobile,2025-06-27 18:44:47,1,4,6
John Weeks,Femme,France,27.0,36024.22,Standard,13.8,32,PC,2025-06-12 08:29:13,0,3,6
Jeanne Harvey,Femme,Maroc,59.0,44733.06,Premium,2.6,23,PC,2025-06-05 01:52:12,0,3,6
Evan Dickerson,Femme,Belgique,53.0,40728.87,Standard,10.9,33,SmartTV,2025-06-06 04:30:44,0,4,6
Jessica Morris,Femme,Maroc,62.0,26058.98,Premium,2.0,32,SmartTV,2025-05-24 20:07:15,0,5,5
Michael Castro,Femme,Canada,54.0,30155.16,Premium,11.4,38,Mobile,2025-01-17 00:31:37,1,4,1
Laura Harper,Homme,France,55.0,45631.3,Premium,23.0,18,SmartTV,2025-02-23 05:22:33,0,6,2
Allison Allen,Non précisé,Maroc,26.0,70099.68,Premium,10.2,28,PC,2025-03-07 18:10:59,0,4,3
Jessica Brown,Femme,Belgique,36.0,61682.31,Standard,3.1,25,PC,2025-02-20 06:47:00,0,3,2
Sarah Wood,Femme,Maroc,69.0,42495.04,Premium,18.8,24,SmartTV,2025-06-20 15:27:44,0,4,6
Jennifer Spencer,Homme,Maroc,26.0,51831.38,Premium,47.1,35,SmartTV,2025-06-30 18:48:13,0,0,6
Stephanie Deleon,Homme,Belgique,43.761429322122964,38828.87,Standard,12.5,24,SmartTV,2025-05-31 03:32:55,0,5,5
Antonio Collier,Femme,Belgique,66.0,19799.41,Premium,16.5,30,PC,2025-06-21 21:10:19,0,5,6
Jennifer Williams,Homme,Maroc,48.0,33962.04,Standard,3.7,26,PC,2025-03-20 10:19:50,0,3,3
Sarah Novak,Femme,Maroc,22.0,27836.73,Premium,25.9,26,PC,2025-07-02 21:29:31,0,2,7
Michael Christensen,Homme,Maroc,40.0,18325.32,Premium,13.1,34,PC,2025-04-27 02:47:25,0,6,4
Raven Blair,Homme,Canada,32.0,24175.99,Standard,1.1,34,Mobile,2025-01-02 00:45:38,1,3,1
John Parker,Femme,Algérie,27.0,49267.62,Standard,6.0,27,SmartTV,2025-02-27 00:26:31,0,3,2
Colton Bishop,Homme,Algérie,43.0,41905.91,Premium,7.0,29,SmartTV,2025-06-20 05:48:09,0,4,6
Alan Cardenas,Homme,Belgique,24.0,40728.87,Premium,1.9,18,Mobile,2025-05-05 08:44:07,0,0,5
Robyn Morris,Homme,Algérie,38.0,41024.13,Standard,3.5,37,Tablette,2025-05-11 19:44:58,0,6,5
Richard Johns,Homme,Belgique,61.0,44871.59,Premium,17.6,31,SmartTV,2025-05-11 05:20:54,1,6,5
Julian Barr,Homme,Algérie,57.0,33994.04,Standard,5.7,25,Mobile,2025-03-11 00:41:50,0,1,3
Jennifer Martinez,Homme,Belgique,30.0,29498.9,Standard,6.6,24,SmartTV,2025-02-19 14:22:11,1,2,2
Erin Moore,Homme,Algérie,60.0,50510.05,Standard,11.7,30,PC,2025-06-10 07:02:02,0,1,6
Anthony Herrera,Homme,Maroc,40.0,45198.21,Standard,1.0,31,PC,2025-03-21 14:42:09,0,4,3
David Tucker,Homme,Belgique,48.0,20755.25,Standard,29.8,27,SmartTV,2025-04-30 22:23:47,1,2,4
Wendy Gonzalez,Femme,Algérie,27.0,34502.09,Familial,7.5,27,Mobile,2025-03-20 18:37:40,0,3,3
Greg Gates,Femme,Algérie,68.0,54549.72,Premium,2.6,24,Mobile,2025-05-12 22:22:48,0,0,5
James Mathews,Femme,Belgique,38.0,47523.33,Premium,6.4,25,Mobile,2025-07-01 20:55:55,0,1,7
Melissa Strong,Femme,France,41.0,48968.81,Familial,11.9,25,SmartTV,2025-01-28 17:02:41,0,1,1
Rachel Bell,Femme,France,40.0,12771.07,Premium,5.1,28,Mobile,2025-05-26 05:09:59,0,0,5
Paul Turner,Homme,Belgique,43.0,28275.13,Standard,12.2,29,Mobile,2025-03-23 16:28:02,0,6,3
Preston Ho,Homme,Belgique,22.0,41607.3,Standard,10.1,20,SmartTV,2025-02-25 03:53:43,1,1,2
Jonathan White,Femme,Canada,25.0,40728.87,Standard,14.7,23,PC,2025-06-11 14:18:27,0,2,6
Adam Alexander,Femme,Canada,65.0,44115.48,Standard,3.3,28,Mobile,2025-03-17 06:25:54,0,0,3
Christopher Montgomery,Femme,Belgique,33.0,32235.69,Standard,0.7,26,Mobile,2025-03-02 00:02:41,0,6,3
Christine Jones DDS,Femme,France,33.0,44225.17,Standard,4.6,21,Mobile,2025-01-18 22:58:55,1,5,1
Peter Webb,Homme,Maroc,38.0,58071.16,Standard,4.0,20,SmartTV,2025-05-07 22:25:19,0,2,5
Ryan Kennedy,Femme,Maroc,53.0,47712.61,Standard,33.4,31,SmartTV,2025-05-16 06:29:05,1,4,5
Mr. Chris Montes DDS,Femme,Algérie,27.0,48647.67,Familial,68.9,19,PC,2025-05-10 08:47:44,0,5,5
Audrey Houston,Homme,Belgique,37.0,38791.65,Premium,8.1,19,Mobile,2025-04-29 16:44:59,1,1,4
Jeff Jennings,Femme,Maroc,55.0,28644.23,Premium,47.7,23,Mobile,2025-04-08 16:56:06,0,1,4
Tyler Williams,Homme,Belgique,27.0,29423.48,Premium,22.2,33,SmartTV,2025-06-23 08:46:46,0,0,6
Daniel Harris,Femme,Canada,27.0,34394.28,Standard,7.0,17,SmartTV,2025-06-12 05:42:40,1,3,6
Lisa Park,Homme,France,65.0,27203.96,Premium,3.0,21,Mobile,2025-03-29 08:18:27,0,5,3
Ronald Hunter,Femme,Algérie,24.0,25150.93,Standard,0.3,23,SmartTV,2025-02-09 00:14:50,0,6,2
Renee Harvey,Homme,France,55.0,33254.51,Standard,6.1,22,Mobile,2025-03-19 06:55:59,1,2,3
Kristen Kennedy,Femme,France,68.0,30329.18,Standard,14.36419689119171,25,SmartTV,2025-03-25 14:52:49,0,1,3
Mary Morton,Femme,Algérie,18.0,38867.41,Familial,8.4,23,SmartTV,2025-01-04 14:53:54,0,5,1
Anthony King,Femme,Canada,50.0,49598.93,Familial,5.4,27,SmartTV,2025-03-18 14:14:42,1,1,3
Frank Huber,Femme,Belgique,57.0,40728.87,Standard,6.4,25,Mobile,2025-04-06 18:10:25,1,6,4
Anna Young,Femme,Algérie,50.0,36715.06,Standard,1.9,26,Mobile,2025-01-04 11:11:04,0,5,1
Mark Nelson,Femme,France,67.0,43620.08,Premium,8.3,27,SmartTV,2025-05-23 01:17:59,1,4,5
Amanda Lucas,Femme,Canada,20.0,20711.54,Standard,32.1,28,PC,2025-02-25 22:57:32,0,1,2
Robin Haas,Femme,Maroc,46.0,24498.12,Standard,71.1,26,Mobile,2025-02-27 20:11:14,0,3,2
Dr. Virginia Martin,Femme,Belgique,21.0,32752.79,Premium,14.36419689119171,23,PC,2025-02-10 13:00:26,0,0,2
Sherry Chen,Femme,Algérie,48.0,55830.49,Familial,5.9,28,Mobile,2025-03-28 04:40:08,0,4,3
Ashley Oconnor,Femme,France,26.0,49910.62,Premium,6.2,27,Mobile,2025-03-20 01:12:38,0,3,3
Brian Brown,Femme,Canada,64.0,40903.38,Familial,15.2,29,Mobile,2025-03-06 23:36:41,0,3,3
Charles Richardson,Homme,Canada,64.0,29673.71,Standard,8.7,23,Mobile,2025-05-15 03:31:43,1,3,5
Bradley Harris,Homme,Maroc,39.0,40728.87,Premium,8.5,20,Tablette,2025-01-17 07:56:24,1,4,1
Michael Wheeler,Femme,Belgique,63.0,50304.8,Premium,3.9,30,Mobile,2025-01-02 15:58:17,0,3,1
Sandra Zimmerman,Femme,Algérie,60.0,50228.9,Familial,33.4,20,Mobile,2025-05-02 15:21:59,0,4,5
Steven Rodriguez,Homme,Canada,40.0,52664.45,Familial,3.1,26,PC,2025-05-05 10:46:10,1,0,5
Kristin Davis,Homme,Canada,54.0,38413.96,Standard,9.8,16,Mobile,2025-06-27 23:00:57,0,4,6
Daniel Torres,Femme,Canada,19.0,35361.87,Premium,8.7,18,SmartTV,2025-06-16 21:21:51,0,0,6
Jennifer Lee,Femme,Belgique,42.0,40728.87,Premium,15.0,25,SmartTV,2025-01-16 22:21:47,0,3,1
Julia Thompson,Femme,France,67.0,38938.43,Standard,13.7,23,SmartTV,2025-06-18 09:00:50,0,2,6
Mr. Justin Morales,Homme,Algérie,53.0,54701.2,Standard,32.1,27,SmartTV,2025-02-17 12:33:03,0,0,2
John Campbell,Homme,Maroc,29.0,34911.12,Standard,49.3,23,SmartTV,2025-05-07 03:35:56,0,2,5
Amanda Conley,Femme,Algérie,37.0,45703.68,Premium,8.7,23,SmartTV,2025-04-25 14:10:35,0,4,4
Samantha Richards,Non précisé,Canada,63.0,51650.63,Standard,20.0,18,Mobile,2025-02-20 11:03:37,0,3,2
Melissa Gallagher,Homme,France,28.0,33471.29,Standard,11.1,25,Tablette,2025-03-16 18:52:54,0,6,3
Christopher Oconnor,Homme,Canada,23.0,54742.86,Familial,1.5,23,Mobile,2025-05-27 11:28:50,1,1,5
Barbara Reed,Femme,Maroc,58.0,66426.92,Premium,0.7,20,SmartTV,2025-04-26 13:55:56,0,5,4
Gregory Frazier,Homme,Belgique,67.0,38228.98,Premium,17.1,27,SmartTV,2025-02-06 20:59:18,0,3,2
Joseph Gomez,Femme,Algérie,28.0,45257.22,Familial,25.4,21,Mobile,2025-06-11 23:36:22,0,2,6
Ann Hall,Homme,Algérie,39.0,63995.39,Premium,1.2,33,Mobile,2025-06-09 18:54:38,0,0,6
Mrs. Carrie Arroyo,Homme,Belgique,67.0,32111.28,Premium,7.0,22,Mobile,2025-01-04 12:59:08,1,5,1
Kimberly Garza,Homme,Canada,69.0,27613.46,Familial,16.7,27,Mobile,2025-06-15 18:25:00,0,6,6
Robert Powers,Femme,Algérie,29.0,48463.98,Standard,1.7,27,SmartTV,2025-02-25 15:19:15,0,1,2
Shane Campbell,Homme,Maroc,59.0,44213.1,Standard,4.9,21,Mobile,2025-03-13 10:07:16,0,3,3
Elizabeth Young,Femme,Belgique,20.0,56514.78,Premium,39.7,26,Mobile,2025-01-08 13:39:44,0,2,1
Rick Morris,Homme,Maroc,27.0,70252.37,Standard,4.1,19,Inconnu,2025-02-15 08:12:48,0,5,2
Mark Price,Homme,Maroc,59.0,56371.43,Standard,14.36419689119171,25,Tablette,2025-02-06 20:44:07,1,3,2
James Carrillo,Femme,Maroc,43.0,61021.91,Premium,30.3,23,Mobile,2025-06-26 01:47:02,0,3,6
Laura Hughes,Femme,Canada,46.0,30675.25,Premium,9.3,29,SmartTV,2025-01-22 05:35:39,0,2,1
Mark Crosby,Femme,France,43.0,37796.98,Standard,13.8,24,SmartTV,2025-05-01 01:48:49,0,3,5
Jessica Perez,Femme,Belgique,53.0,68075.25,Familial,3.8,22,Mobile,2025-01-12 04:01:30,1,6,1
Aaron Flowers,Femme,Canada,46.0,26766.68,Familial,8.0,26,SmartTV,2025-02-20 21:58:25,0,3,2
James Campbell,Homme,Algérie,30.0,40728.87,Standard,5.7,19,SmartTV,2025-06-25 12:53:37,0,2,6
Erin Jones,Femme,France,62.0,20720.77,Standard,11.0,23,Mobile,2025-05-02 17:13:54,1,4,5
Michelle Hardy,Homme,France,54.0,46064.67,Standard,13.4,23,PC,2025-02-25 15:21:25,0,1,2
Nathan Thomas,Femme,Belgique,23.0,30461.62,Familial,41.1,27,PC,2025-05-12 11:18:47,1,0,5
Frank Bernard,Non précisé,Algérie,48.0,40460.93,Standard,3.0,30,SmartTV,2025-05-10 19:13:53,0,5,5
Kara Hunter,Femme,Canada,49.0,44856.52,Familial,1.6,26,SmartTV,2025-04-10 05:19:05,0,3,4
Lisa Potter,Femme,Belgique,41.0,53227.33,Familial,7.6,26,SmartTV,2025-06-08 07:42:28,0,6,6
Dr. Sharon Case,Femme,Canada,46.0,35679.5,Familial,2.3,29,SmartTV,2025-04-08 15:29:33,1,1,4
Katherine Anderson,Homme,Maroc,38.0,40728.87,Standard,0.3,18,Mobile,2025-02-09 11:12:43,0,6,2
Stephanie Booth,Femme,Algérie,68.0,45877.9,Familial,2.7,16,Mobile,2025-02-22 18:40:17,1,5,2
Luis Johnson,Homme,Belgique,54.0,40909.46,Premium,40.9,26,PC,2025-04-15 06:12:22,1,1,4
Michelle Munoz,Homme,Maroc,37.0,57066.68,Premium,2.6,24,PC,2025-03-19 06:27:56,0,2,3
Anthony Burns,Homme,Algérie,21.0,61382.32,Standard,14.8,18,Mobile,2025-05-15 09:24:48,0,3,5
Mathew Garza,Non précisé,France,34.0,43611.96,Standard,2.0,19,PC,2025-06-11 06:55:27,0,2,6
Cindy Sanchez,Femme,Belgique,23.0,43450.96,Standard,2.5,30,SmartTV,2025-04-26 08:52:33,1,5,4
Dr. Vanessa Thomas,Homme,Belgique,38.0,57768.97,Familial,12.2,21,Mobile,2025-02-19 15:36:34,1,2,2
Jennifer Wilson,Homme,Algérie,54.0,36519.03,Standard,0.5,26,SmartTV,2025-02-11 11:00:03,1,1,2
Aaron Huffman,Femme,Algérie,64.0,40728.87,Standard,16.4,39,SmartTV,2025-07-08 03:02:19,0,1,7
Kelly Harris,Homme,Algérie,65.0,35574.36,Premium,0.7,19,PC,2025-02-08 01:56:55,0,5,2
Brian Washington,Femme,Canada,55.0,51351.29,Premium,1.6,24,SmartTV,2025-02-04 16:50:10,0,1,2
Thomas Calderon,Femme,Algérie,32.0,37265.39,Standard,1.4,29,PC,2025-03-09 06:11:25,0,6,3
Frank Stone,Homme,Algérie,48.0,41147.29,Premium,43.7,28,PC,2025-05-09 23:06:43,1,4,5
Christopher Li,Femme,France,64.0,26798.29,Standard,5.5,33,SmartTV,2025-01-04 08:49:58,0,5,1
Andrew Phillips,Femme,Canada,61.0,35688.51,Standard,22.3,31,SmartTV,2025-05-29 11:01:13,0,3,5
Brian Perkins,Femme,Canada,67.0,40728.87,Premium,3.0,30,PC,2025-03-15 17:35:53,0,5,3
Nathan Miller,Femme,France,18.0,42623.82,Familial,20.3,19,SmartTV,2025-01-18 04:59:40,0,5,1
Charles Thomas,Non précisé,France,62.0,29677.99,Standard,1.2,15,PC,2025-06-09 03:56:16,0,0,6
Jason Garrett,Femme,Algérie,66.0,39492.78,Standard,7.9,26,SmartTV,2025-01-18 18:22:34,0,5,1
Autumn Williams,Femme,Canada,28.0,37766.22,Familial,1.1,25,Mobile,2025-02-27 06:40:49,0,3,2
Hannah Dalton,Homme,Canada,27.0,30015.15,Standard,7.5,26,SmartTV,2025-03-07 06:12:53,1,4,3
Nancy Perez,Homme,Belgique,35.0,26980.38,Standard,4.0,27,SmartTV,2025-05-07 03:40:17,1,2,5
Candice Morrow,Homme,Canada,32.0,29676.78,Premium,16.1,26,Mobile,2025-02-13 17:49:26,0,3,2
Jason Pearson,Homme,Algérie,30.0,30191.14,Premium,17.0,23,Mobile,2025-05-31 05:29:33,0,5,5
William Blake,Femme,Belgique,32.0,53383.01,Standard,21.5,29,Mobile,2025-01-12 13:58:59,1,6,1
Christine Schultz,Femme,Algérie,31.0,36472.06,Premium,10.4,29,PC,2025-06-17 20:56:45,0,1,6
Ernest Logan,Femme,Belgique,25.0,12341.71,Standard,1.4,22,PC,2025-06-11 19:44:07,0,2,6
William Chang,Homme,Algérie,63.0,40728.87,Premium,1.0,26,SmartTV,2025-03-21 09:48:52,0,4,3
Dana Wallace,Femme,Canada,30.0,50756.24,Familial,11.0,27,Mobile,2025-03-23 19:31:12,1,6,3
Amber Rubio,Homme,Belgique,58.0,36311.67,Premium,6.8,30,PC,2025-04-04 09:59:58,0,4,4
Patrick Bailey,Homme,Belgique,59.0,26206.15,Standard,2.4,36,SmartTV,2025-02-05 20:57:24,1,2,2
Shelia Campbell,Homme,Maroc,30.0,40793.13,Familial,10.4,22,PC,2025-02-02 10:40:06,0,6,2
Joseph Aguilar,Non précisé,Belgique,58.0,60136.67,Standard,24.7,20,SmartTV,2025-03-09 07:40:33,0,6,3
Dr. Scott Chavez Jr.,Homme,Canada,43.761429322122964,68924.61,Standard,17.1,15,Mobile,2025-06-08 01:54:56,0,6,6
Casey Moore,Femme,Canada,34.0,45896.8,Premium,30.7,24,Mobile,2025-03-10 20:57:31,0,0,3
Katrina Smith,Homme,France,43.761429322122964,55250.15,Familial,9.2,25,Mobile,2025-02-06 20:13:38,0,3,2
Cameron Bennett,Homme,France,43.761429322122964,43931.51,Premium,2.2,31,Mobile,2025-05-28 06:58:59,0,2,5
Lisa Cruz,Homme,Maroc,61.0,33428.65,Familial,11.8,27,SmartTV,2025-07-07 11:02:43,0,0,7
William Baker,Homme,Maroc,20.0,31357.36,Premium,3.6,28,Mobile,2025-06-29 22:55:38,1,6,6
Joshua Moore,Homme,Maroc,33.0,21464.8,Standard,37.3,17,Mobile,2025-04-05 01:40:34,0,5,4
Douglas Hubbard,Homme,Canada,51.0,53827.01,Standard,5.8,19,Mobile,2025-04-01 16:24:28,0,1,4
George Hartman,Femme,Algérie,58.0,45763.13,Standard,12.3,20,SmartTV,2025-02-15 23:46:22,0,5,2
Sarah Lamb,Homme,Maroc,56.0,24515.0,Premium,26.2,21,Mobile,2025-04-08 08:39:03,1,1,4
Logan Long,Femme,Algérie,51.0,57853.31,Standard,8.6,20,PC,2025-02-26 03:47:51,0,2,2
Miranda Hill,Non précisé,Belgique,60.0,28868.08,Familial,8.1,30,PC,2025-04-12 13:34:15,0,5,4
Tracy Chavez MD,Femme,Belgique,51.0,52532.63,Familial,2.7,30,Mobile,2025-03-25 00:35:49,1,1,3
Jacob Woodard,Homme,France,60.0,49198.76,Premium,27.3,28,Mobile,2025-03-31 21:29:59,0,0,3
Renee Hebert,Femme,Algérie,35.0,21093.02,Premium,24.7,24,Mobile,2025-03-09 06:35:54,0,6,3
Christopher Boyer,Homme,Belgique,54.0,26841.23,Premium,17.3,24,PC,2025-02-04 07:09:05,0,1,2
Kevin Owen,Homme,Algérie,49.0,60806.29,Premium,2.0,28,Tablette,2025-02-18 00:30:46,1,1,2
Stephen Hunter,Homme,Algérie,32.0,52150.76,Standard,6.6,22,Mobile,2025-01-03 13:46:57,0,4,1
Brian Boyd,Femme,Canada,44.0,47083.84,Premium,1.0,26,Tablette,2025-07-03 11:19:34,1,3,7
Mario Blankenship,Femme,Canada,64.0,58269.36,Standard,14.9,40,PC,2025-03-08 01:04:18,0,5,3
Alejandra Manning,Femme,Algérie,60.0,45252.02,Premium,26.3,23,Tablette,2025-03-21 09:48:34,0,4,3
Jodi Andrews,Femme,Maroc,46.0,45462.5,Standard,9.4,30,PC,2025-04-16 16:02:34,0,2,4
Carlos Robbins,Femme,Algérie,25.0,42035.4,Standard,22.2,22,Mobile,2025-01-15 12:30:00,0,2,1
Ashley Boone,Femme,Maroc,19.0,61117.76,Standard,9.1,35,Tablette,2025-04-17 04:08:39,0,3,4
Linda Orozco,Homme,Algérie,32.0,41394.42,Premium,13.6,25,SmartTV,2025-03-23 06:50:24,0,6,3
Nancy Mcknight,Femme,Algérie,41.0,40728.87,Standard,1.6,25,SmartTV,2025-03-17 00:03:53,0,0,3
Crystal Brooks,Femme,France,37.0,40728.87,Familial,4.9,22,Tablette,2025-05-04 23:27:06,0,6,5
Steven Nelson,Femme,France,56.0,21939.21,Premium,17.0,30,SmartTV,2025-03-04 04:04:24,1,1,3
Rebekah Cox,Homme,Algérie,44.0,36553.53,Premium,5.3,30,SmartTV,2025-04-26 09:52:54,0,5,4
Kayla Herring,Femme,Maroc,30.0,17583.25,Standard,14.36419689119171,26,Mobile,2025-01-02 08:24:14,0,3,1
Nicholas Wells,Femme,Maroc,62.0,40653.52,Premium,1.3,17,PC,2025-03-02 15:54:15,0,6,3
Adam Kramer,Femme,Canada,61.0,50338.17,Premium,11.1,23,Mobile,2025-06-30 20:13:36,0,0,6
Cassandra Jenkins,Femme,Belgique,29.0,44195.8,Premium,1.5,26,Mobile,2025-05-09 22:09:47,0,4,5
Dustin Nguyen,Non précisé,Maroc,54.0,40728.87,Standard,27.7,29,Mobile,2025-04-17 17:16:18,1,3,4
Claire Francis,Homme,Algérie,60.0,29844.68,Standard,1.3,23,Mobile,2025-02-12 10:15:07,0,2,2
Richard Dean,Femme,Maroc,20.0,66516.16,Standard,22.6,26,SmartTV,2025-04-23 12:12:05,1,2,4
Nancy Cortez,Homme,Canada,43.761429322122964,41003.05,Familial,17.9,37,PC,2025-04-09 07:44:31,0,2,4
Richard Thomas,Homme,Canada,38.0,47168.33,Premium,14.36419689119171,27,PC,2025-03-10 11:06:03,0,0,3
Brent Gordon,Homme,France,36.0,44534.17,Standard,9.1,28,Tablette,2025-03-22 20:11:46,0,5,3
Holly Wolfe,Femme,France,66.0,30796.42,Standard,4.9,24,PC,2025-03-23 14:35:20,1,6,3
Kimberly Andrews,Femme,France,34.0,39456.02,Standard,6.6,32,Mobile,2025-06-10 11:05:20,0,1,6
William Pope,Femme,Maroc,20.0,38093.61,Standard,3.9,31,Mobile,2025-02-18 21:19:27,1,1,2
Derek Tran,Homme,France,54.0,52630.96,Familial,17.0,18,SmartTV,2025-02-17 22:49:11,0,0,2
Tom Zimmerman,Femme,France,52.0,44342.89,Standard,11.7,30,Mobile,2025-05-03 18:08:38,1,5,5
Ricky Powers,Femme,Belgique,64.0,25331.65,Standard,63.5,26,Mobile,2025-05-09 23:43:20,0,4,5
Kevin Gonzalez,Femme,Algérie,43.761429322122964,51746.85,Standard,4.3,25,SmartTV,2025-01-01 03:54:58,1,2,1
Kimberly Robertson,Femme,France,67.0,50128.78,Premium,13.2,30,SmartTV,2025-01-03 00:47:22,0,4,1
Mrs. Abigail Taylor,Femme,Algérie,45.0,47550.16,Premium,9.9,28,PC,2025-03-24 06:47:40,0,0,3
Regina Allen,Femme,Maroc,60.0,20450.88,Familial,40.5,25,Mobile,2025-06-30 08:43:48,0,0,6
Jason Small,Homme,Algérie,43.761429322122964,50890.39,Standard,8.2,24,Mobile,2025-03-18 07:20:03,1,1,3
Pamela Lopez,Homme,Belgique,69.0,53082.93,Standard,4.6,30,Mobile,2025-01-15 18:15:11,1,2,1
Stephanie Palmer,Femme,Maroc,43.761429322122964,25879.62,Standard,0.1,21,SmartTV,2025-05-04 18:41:50,1,6,5
Robert Nguyen,Femme,Algérie,39.0,47549.02,Standard,19.8,30,Mobile,2025-04-01 06:31:17,0,1,4
Laura Mendez,Femme,Algérie,68.0,39521.15,Standard,55.1,29,PC,2025-04-15 07:07:37,0,1,4
Paul Carter,Femme,Maroc,42.0,41916.13,Standard,6.0,21,SmartTV,2025-05-03 14:11:01,0,5,5
William Holland,Homme,Algérie,53.0,29156.85,Standard,17.2,29,PC,2025-04-12 13:20:06,1,5,4
Phyllis Walker,Femme,Maroc,49.0,40728.87,Premium,16.6,19,Mobile,2025-03-17 07:26:02,0,0,3
Deborah Drake,Femme,Canada,43.761429322122964,41721.06,Standard,10.5,23,Mobile,2025-07-07 05:22:49,0,0,7
Jamie Winters,Homme,Algérie,65.0,25523.08,Standard,14.36419689119171,23,SmartTV,2025-03-13 22:09:35,0,3,3
Jennifer Cantrell,Femme,Algérie,20.0,19228.17,Premium,29.0,23,Mobile,2025-03-11 15:58:02,0,1,3
Victor Stuart,Femme,Algérie,53.0,51173.59,Premium,13.0,35,Tablette,2025-07-05 17:42:46,0,5,7
Courtney Mayer,Homme,France,32.0,43455.04,Standard,1.1,29,SmartTV,2025-05-28 23:58:19,0,2,5
Anthony Rivera,Homme,Algérie,51.0,36793.7,Standard,18.4,33,Mobile,2025-05-01 04:04:24,0,3,5
Edward White,Homme,Algérie,42.0,42804.77,Standard,12.9,26,SmartTV,2025-05-19 15:26:06,0,0,5
Barbara Sosa,Femme,Maroc,22.0,41203.72,Premium,6.7,26,PC,2025-01-11 20:41:49,1,5,1
Eric Baker,Homme,Algérie,65.0,47617.66,Standard,13.2,16,PC,2025-06-23 07:49:27,1,0,6
Steven Hill,Homme,France,52.0,43395.84,Premium,13.4,21,SmartTV,2025-03-31 20:35:34,1,0,3
Gary Mendoza,Femme,Algérie,33.0,44497.05,Premium,2.2,21,Inconnu,2025-05-29 00:57:06,0,3,5
Scott Townsend,Homme,Canada,57.0,44049.09,Standard,13.1,21,PC,2025-03-18 04:36:24,0,1,3
Heather Pena,Homme,Belgique,46.0,40728.87,Premium,8.2,24,SmartTV,2025-04-22 01:02:16,0,1,4
Scott Duran,Femme,France,27.0,27347.5,Standard,10.4,31,Mobile,2025-03-14 09:06:31,1,4,3
Aaron Ramirez,Femme,Algérie,34.0,29213.51,Premium,0.3,28,SmartTV,2025-06-11 19:50:21,0,2,6
Sarah Hernandez,Femme,Maroc,43.761429322122964,20050.0,Familial,43.4,28,Mobile,2025-04-30 00:15:26,0,2,4
Steven Hill,Femme,Algérie,43.761429322122964,40728.87,Premium,8.7,25,Tablette,2025-02-11 09:43:39,0,1,2
Anthony Martinez,Femme,Belgique,18.0,47729.19,Standard,4.9,32,Mobile,2025-05-26 11:34:37,1,0,5
Paula Baldwin,Femme,Belgique,56.0,34132.83,Premium,2.7,24,SmartTV,2025-01-31 16:42:02,0,4,1
Marisa Horton,Homme,Algérie,37.0,35905.23,Familial,6.1,18,Mobile,2025-06-11 22:01:35,0,2,6
Randall Sharp,Femme,Belgique,34.0,39235.0,Premium,0.2,31,SmartTV,2025-06-20 10:25:52,1,4,6
Dr. Brandon Buchanan MD,Femme,Maroc,62.0,33548.99,Standard,17.7,29,SmartTV,2025-07-09 03:46:06,0,2,7
Kendra Ross,Femme,Algérie,57.0,49894.18,Standard,9.4,18,SmartTV,2025-06-03 06:00:27,1,1,6
Anne Tucker,Femme,France,64.0,29228.48,Premium,12.1,19,Tablette,2025-02-28 18:12:39,1,4,2
Kathleen Barajas,Non précisé,Maroc,22.0,43749.25,Standard,14.8,21,SmartTV,2025-06-13 11:40:24,0,4,6
Megan Barnes,Homme,Maroc,53.0,56473.0,Standard,0.1,24,SmartTV,2025-01-15 01:21:05,1,2,1
Joshua Carrillo MD,Homme,France,46.0,40728.87,Standard,65.0,25,PC,2025-01-25 04:48:27,0,5,1
Kimberly Wilson,Non précisé,France,46.0,40097.38,Standard,11.1,19,PC,2025-04-10 03:29:22,0,3,4
Devin Johnson,Femme,Belgique,38.0,40938.34,Standard,44.2,21,Mobile,2025-04-03 14:12:23,0,3,4
Gregory Walker,Homme,Belgique,57.0,38995.03,Standard,10.7,25,Mobile,2025-06-13 12:55:16,0,4,6
Dustin Wilson,Homme,France,50.0,40728.87,Standard,14.0,26,PC,2025-04-24 18:16:44,0,3,4
Evan Haley,Femme,Belgique,42.0,26452.44,Standard,13.2,18,PC,2025-03-12 04:00:50,0,2,3
Lindsay Lester,Homme,Canada,52.0,68716.15,Standard,21.3,14,PC,2025-03-31 02:05:10,0,0,3
Jason Simmons,Homme,Maroc,31.0,47491.23,Standard,29.6,23,Mobile,2025-02-18 10:32:36,0,1,2
Jay Conley,Femme,Canada,30.0,53738.58,Premium,10.6,23,Mobile,2025-03-07 05:38:44,1,4,3
Melanie Middleton,Femme,France,64.0,16538.97,Premium,25.9,24,SmartTV,2025-02-28 22:57:10,0,4,2
Dustin Stokes,Homme,Belgique,33.0,28988.61,Standard,8.1,24,Mobile,2025-02-11 21:36:51,0,1,2
Nicholas Dyer,Femme,Maroc,49.0,48587.31,Premium,18.2,29,PC,2025-04-19 13:18:08,0,5,4
Tonya Pace,Femme,Belgique,68.0,35281.16,Standard,5.9,26,Inconnu,2025-07-02 01:49:19,1,2,7
Russell Barnett,Homme,Algérie,47.0,51928.02,Standard,9.0,24,PC,2025-02-27 14:26:44,0,3,2
Cynthia Hunt,Homme,Canada,19.0,40790.18,Standard,8.8,29,PC,2025-04-08 12:32:38,0,1,4
Mrs. Paula Watts PhD,Femme,France,57.0,45051.21,Familial,11.9,18,Mobile,2025-03-13 06:11:56,0,3,3
Chris Jones,Homme,France,22.0,38107.04,Familial,86.4,29,SmartTV,2025-03-03 01:21:09,1,0,3
James Delgado,Homme,Algérie,37.0,40728.87,Premium,6.6,25,SmartTV,2025-05-13 12:29:31,1,1,5
Gary Howell,Femme,Maroc,30.0,37662.9,Standard,6.9,24,Mobile,2025-06-04 15:04:44,0,2,6
Tiffany Hayes,Femme,France,64.0,40797.89,Standard,0.4,19,SmartTV,2025-03-29 19:18:17,1,5,3
Jesus Mcgee,Femme,Maroc,23.0,15597.35,Premium,14.3,25,PC,2025-04-01 16:17:37,0,1,4
Dan Gray,Homme,Maroc,64.0,26307.69,Standard,14.36419689119171,17,PC,2025-05-03 05:27:57,0,5,5
Brittany Meyer,Homme,Canada,41.0,37498.75,Premium,18.5,24,SmartTV,2025-02-22 20:17:28,0,5,2
Richard Cortez,Femme,France,30.0,54351.3,Premium,16.0,20,Tablette,2025-05-11 09:38:55,0,6,5
Darlene Briggs,Femme,Algérie,23.0,50580.96,Premium,1.1,34,Inconnu,2025-01-25 12:54:57,0,5,1
Nicholas Stuart,Homme,Belgique,20.0,27444.48,Standard,14.36419689119171,24,Mobile,2025-01-25 17:57:46,1,5,1
Taylor Armstrong,Femme,Algérie,21.0,37945.7,Standard,3.0,23,Mobile,2025-06-28 09:51:31,0,5,6
Logan Becker,Homme,France,47.0,28839.48,Standard,1.4,20,Mobile,2025-04-26 20:48:46,0,5,4
Daniel White,Homme,France,50.0,30277.43,Standard,8.3,28,SmartTV,2025-03-23 10:38:33,1,6,3
Justin Williams,Femme,Canada,60.0,54422.04,Standard,1.2,26,SmartTV,2025-05-15 22:25:00,0,3,5
Lacey Patel,Homme,Belgique,32.0,55071.24,Premium,2.3,36,SmartTV,2025-05-11 21:17:04,1,6,5
Alexa Duffy,Homme,Belgique,43.761429322122964,46894.74,Standard,35.7,23,SmartTV,2025-03-19 08:52:12,0,2,3
Elizabeth Welch,Homme,Maroc,41.0,26379.85,Familial,7.6,25,Mobile,2025-05-07 22:06:32,0,2,5
Cynthia Gonzalez,Homme,Belgique,67.0,40728.87,Premium,14.36419689119171,28,SmartTV,2025-05-07 23:43:27,1,2,5
Erica Davis,Femme,Canada,41.0,25855.71,Premium,21.1,23,Tablette,2025-03-30 09:50:49,1,6,3
Rebecca Singh MD,Femme,Maroc,19.0,44224.46,Premium,23.3,25,PC,2025-02-25 09:45:11,1,1,2
Richard Tucker,Femme,Maroc,57.0,42064.71,Premium,2.4,23,Mobile,2025-06-21 18:45:14,1,5,6
Nicholas Grant,Femme,France,31.0,32939.66,Premium,14.1,31,SmartTV,2025-05-08 02:34:14,0,3,5
Miranda Hernandez,Femme,Maroc,59.0,31176.28,Standard,35.6,28,Mobile,2025-01-18 19:19:52,0,5,1
Michael Dean MD,Homme,France,63.0,50869.91,Standard,0.9,26,Mobile,2025-01-23 13:15:25,0,3,1
Norman Burch,Homme,France,21.0,37001.0,Standard,0.4,20,SmartTV,2025-05-21 04:18:27,1,2,5
Sophia Dominguez,Femme,Maroc,46.0,56342.3,Premium,5.8,19,Mobile,2025-06-14 09:05:58,0,5,6
Elizabeth Adams,Femme,Canada,35.0,40728.87,Standard,17.7,22,SmartTV,2025-04-18 05:25:13,0,4,4
Kenneth Lee,Homme,Belgique,57.0,37031.79,Standard,15.2,25,SmartTV,2025-05-02 06:33:14,0,4,5
Shirley Sanders,Femme,Maroc,38.0,36725.4,Premium,26.0,24,SmartTV,2025-03-26 19:40:21,0,2,3
Nancy Morrison,Homme,Canada,53.0,40728.87,Familial,19.4,24,PC,2025-05-18 03:30:26,0,6,5
Jeffrey Walls,Homme,France,30.0,41505.59,Standard,15.4,24,PC,2025-02-25 22:57:36,1,1,2
Sharon Medina,Femme,Canada,37.0,22790.83,Standard,11.0,30,Mobile,2025-05-04 18:38:24,0,6,5
Brandi Bowman,Femme,Canada,50.0,47155.6,Familial,3.6,25,Mobile,2025-05-08 01:17:14,0,3,5
Ashley Nelson,Femme,Algérie,49.0,39383.26,Familial,4.9,25,SmartTV,2025-02-10 07:46:09,0,0,2
Kristina West,Femme,Belgique,32.0,49849.3,Standard,33.9,21,PC,2025-06-25 15:47:42,1,2,6
Travis Garcia,Homme,Maroc,56.0,29110.37,Premium,9.9,22,Mobile,2025-01-18 15:19:24,0,5,1
Shane Wright,Homme,Canada,30.0,26405.18,Standard,24.7,20,PC,2025-05-25 09:58:28,0,6,5
Debra Henson,Femme,Algérie,32.0,26005.26,Premium,36.3,21,Mobile,2025-07-04 15:11:18,0,4,7
Brenda Carey,Femme,Belgique,41.0,49716.83,Premium,7.2,27,Mobile,2025-05-15 06:14:53,0,3,5
Jesus Harrison,Homme,Belgique,65.0,40705.06,Standard,18.5,22,Mobile,2025-01-24 01:32:47,0,4,1
Priscilla Ford,Homme,France,31.0,34193.37,Standard,19.4,31,PC,2025-06-03 23:32:49,0,1,6
Monica Hodges,Femme,Maroc,45.0,40143.66,Standard,10.9,25,SmartTV,2025-06-28 09:13:30,0,5,6
Mario Fernandez,Homme,Maroc,43.761429322122964,53954.83,Premium,47.3,28,PC,2025-01-21 09:34:59,0,1,1
David Carpenter,Femme,Belgique,52.0,38234.14,Standard,8.8,26,SmartTV,2025-04-11 18:32:11,0,4,4
Dawn Stewart,Femme,Belgique,53.0,50507.88,Familial,5.6,13,PC,2025-01-13 05:59:42,1,0,1
Ryan Hendrix,Femme,Canada,68.0,40728.87,Familial,1.1,25,Tablette,2025-02-10 03:38:51,1,0,2
Carmen Jacobs,Homme,Belgique,63.0,34832.9,Premium,3.9,33,PC,2025-04-29 06:07:45,0,1,4
Shawn Maynard,Homme,Belgique,26.0,45662.16,Familial,19.1,26,SmartTV,2025-04-22 08:31:59,0,1,4
Charles Nicholson,Femme,Algérie,43.761429322122964,29833.35,Premium,20.7,33,Mobile,2025-04-09 01:36:12,0,2,4
James White,Femme,Belgique,42.0,42887.98,Standard,5.8,33,SmartTV,2025-06-05 09:45:57,1,3,6
Sarah Horne,Femme,France,56.0,39353.53,Standard,23.9,21,PC,2025-01-11 20:19:58,0,5,1
Patricia Blackburn,Homme,France,37.0,39772.01,Familial,14.36419689119171,25,SmartTV,2025-04-25 18:28:33,0,4,4
Christina Prince,Homme,Maroc,41.0,72651.42,Familial,7.7,19,Mobile,2025-02-18 03:02:37,1,1,2
Kyle Walker,Homme,Algérie,68.0,34960.64,Premium,6.5,15,PC,2025-01-02 03:25:34,0,3,1
Melinda Morris,Femme,Canada,18.0,49470.88,Standard,6.2,29,Mobile,2025-05-29 08:43:56,0,3,5
Sonya Russell,Homme,Canada,59.0,31151.78,Premium,14.36419689119171,22,SmartTV,2025-07-02 22:05:46,0,2,7
Jessica Spence,Femme,France,48.0,13946.02,Premium,9.4,19,SmartTV,2025-05-28 07:33:35,0,2,5
Catherine Christensen,Homme,Belgique,35.0,53871.78,Standard,4.1,21,PC,2025-03-12 19:08:47,0,2,3
Kristie Allen,Homme,Algérie,48.0,28516.02,Standard,9.5,25,PC,2025-04-26 22:24:54,1,5,4
Sheila Harrington,Homme,Belgique,56.0,42313.86,Standard,14.5,25,SmartTV,2025-01-18 15:31:57,1,5,1
James Morris,Femme,Algérie,44.0,24119.06,Premium,2.1,26,Mobile,2025-01-29 23:53:00,0,2,1
Thomas Howard,Homme,France,27.0,44169.96,Premium,2.0,23,PC,2025-04-12 00:02:09,0,5,4
Veronica Shepherd,Femme,Belgique,62.0,24702.98,Standard,62.6,16,Mobile,2025-06-10 13:58:47,0,1,6
Latoya Hall,Homme,Algérie,55.0,42547.6,Standard,15.2,31,Mobile,2025-06-02 05:24:15,0,0,6
Michael Stanton,Femme,Belgique,51.0,42886.97,Familial,22.7,31,PC,2025-02-11 06:15:21,0,1,2
Angela Palmer,Femme,France,65.0,25540.51,Familial,5.9,20,Mobile,2025-02-18 14:54:46,1,1,2
Crystal Griffith,Homme,Maroc,53.0,28483.21,Premium,36.3,28,SmartTV,2025-04-14 15:00:08,0,0,4
Gregory Petersen,Femme,Algérie,43.761429322122964,40728.87,Standard,18.9,29,Mobile,2025-01-10 01:12:45,0,4,1
Jerome Johnson MD,Homme,Belgique,65.0,40765.72,Standard,15.0,28,Tablette,2025-03-16 21:54:19,0,6,3
Martin Wright,Femme,France,29.0,42304.65,Premium,14.36419689119171,24,SmartTV,2025-04-10 10:51:23,0,3,4
Katelyn Perez,Homme,Algérie,18.0,35359.55,Premium,4.3,27,Tablette,2025-02-10 18:13:17,0,0,2
Mark Pollard,Homme,Algérie,69.0,43831.86,Standard,14.36419689119171,27,SmartTV,2025-01-20 18:34:19,0,0,1
Lauren Brock,Femme,France,43.0,42745.07,Standard,0.5,26,Inconnu,2025-05-08 13:31:27,0,3,5
John Richard,Femme,Belgique,67.0,24484.22,Premium,4.5,28,Mobile,2025-03-05 08:00:29,0,2,3
Natasha Johnson,Homme,Maroc,53.0,61819.34,Standard,44.6,22,Mobile,2025-06-23 06:01:05,0,0,6
Amy Browning,Femme,Canada,50.0,42306.31,Premium,0.3,16,Tablette,2025-02-21 19:12:48,0,4,2
Katherine Ray,Femme,Belgique,44.0,31994.09,Premium,24.7,30,SmartTV,2025-04-11 05:23:40,0,4,4
Jennifer Beasley,Non précisé,France,48.0,40398.68,Standard,2.7,26,Mobile,2025-04-24 21:34:31,1,3,4
Lori Young,Femme,Algérie,47.0,31942.1,Premium,1.8,24,Mobile,2025-01-24 12:36:34,0,4,1
Denise Brewer,Homme,Canada,35.0,40479.41,Standard,26.5,20,Tablette,2025-03-01 11:44:17,0,5,3
Daniel Lewis,Homme,Canada,19.0,36370.31,Premium,22.1,27,Tablette,2025-06-26 23:44:36,0,3,6
John Johnson,Homme,Belgique,46.0,51490.16,Standard,5.4,19,Mobile,2025-02-19 19:03:23,0,2,2
Russell Scott,Homme,Belgique,48.0,42857.3,Standard,7.5,26,PC,2025-06-04 17:51:17,0,2,6
Erin Knight,Femme,Maroc,47.0,40728.87,Standard,9.6,22,PC,2025-02-10 11:09:26,1,0,2
Carlos Dixon,Femme,Algérie,43.761429322122964,40728.87,Standard,0.4,36,Mobile,2025-04-22 03:49:42,0,1,4
Nicholas Wolfe,Femme,Canada,57.0,41949.98,Premium,49.6,27,PC,2025-05-10 04:12:15,0,5,5
Rachel Payne,Homme,Belgique,32.0,18345.23,Premium,34.7,20,Mobile,2025-06-13 13:26:22,1,4,6
Alejandro Riggs,Homme,Belgique,40.0,43458.65,Premium,29.3,24,PC,2025-04-27 15:55:37,1,6,4
Ms. Suzanne Lin,Femme,Maroc,53.0,40884.48,Standard,19.5,30,Mobile,2025-03-25 03:35:00,0,1,3
Brian Collins,Homme,France,29.0,39998.42,Premium,21.0,19,Mobile,2025-05-01 01:02:19,0,3,5
Gregory Smith,Femme,Maroc,63.0,61501.39,Standard,4.7,20,SmartTV,2025-06-22 02:55:06,1,6,6
Dr. Allison Mills,Femme,France,36.0,15342.94,Familial,1.3,24,SmartTV,2025-05-23 01:30:45,0,4,5
Steven Roberts,Homme,Belgique,33.0,29317.37,Premium,6.9,20,SmartTV,2025-06-09 22:19:53,0,0,6
Michael Mcdonald,Homme,France,18.0,56107.92,Standard,28.2,28,SmartTV,2025-04-16 07:46:44,0,2,4
Matthew Curry,Homme,Canada,66.0,26802.36,Standard,13.6,23,SmartTV,2025-03-06 12:10:23,1,3,3
Paul Turner,Homme,Canada,49.0,51612.69,Standard,2.1,19,SmartTV,2025-05-06 23:02:41,1,1,5
Brianna Hammond,Femme,France,41.0,40728.87,Premium,11.1,28,Mobile,2025-04-20 00:16:34,0,6,4
Maria Landry,Homme,Maroc,58.0,41604.15,Standard,18.7,27,SmartTV,2025-03-15 17:54:14,1,5,3
Martin Webb,Femme,Algérie,56.0,38556.74,Standard,29.7,34,Mobile,2025-05-21 18:53:01,0,2,5
Ashlee Peters,Femme,Canada,51.0,39046.09,Standard,9.4,20,SmartTV,2025-01-06 20:35:34,0,0,1
Michael Mendoza,Femme,France,35.0,55345.78,Premium,9.4,25,PC,2025-04-09 01:10:42,1,2,4
Michael White,Homme,Belgique,29.0,41719.95,Standard,25.2,19,PC,2025-01-30 04:24:44,1,3,1
Rose Blake,Homme,Belgique,48.0,40728.87,Premium,2.5,21,Mobile,2025-06-24 23:48:33,0,1,6
Tracy Smith,Homme,France,29.0,33136.23,Familial,4.8,26,Tablette,2025-06-27 15:22:44,0,4,6
Joe Ibarra,Homme,Canada,56.0,34360.75,Standard,12.4,18,Mobile,2025-02-02 11:02:03,1,6,2
Bailey Hood,Homme,Maroc,43.761429322122964,26824.88,Premium,16.4,25,PC,2025-02-22 16:44:52,1,5,2
Brittany Elliott,Femme,Algérie,46.0,43128.47,Standard,12.9,25,PC,2025-05-11 07:47:34,1,6,5
Regina Medina,Homme,Belgique,55.0,38756.7,Standard,2.3,28,Mobile,2025-02-12 01:35:41,0,2,2
Eric Hall,Homme,Maroc,53.0,37016.5,Standard,7.4,20,Mobile,2025-02-24 01:20:56,0,0,2
Lisa Lopez,Homme,Maroc,39.0,42867.0,Standard,8.7,26,SmartTV,2025-04-27 21:12:56,0,6,4
Jerry Martin,Femme,Belgique,53.0,40714.89,Familial,3.3,21,Mobile,2025-03-31 09:45:32,0,0,3
Cheryl Bailey,Femme,Algérie,56.0,36818.06,Standard,9.7,28,SmartTV,2025-01-09 20:34:30,0,3,1
Jaime Bell,Homme,Belgique,48.0,407.07,Familial,14.36419689119171,19,Inconnu,2025-06-27 03:48:11,0,4,6
Julia Hawkins,Femme,Algérie,52.0,17693.33,Standard,6.0,21,Mobile,2025-06-13 01:36:59,0,4,6
Carmen Davis,Homme,Canada,48.0,29587.21,Premium,5.5,17,Mobile,2025-03-19 22:44:04,0,2,3
Candace Walker,Homme,Canada,33.0,42935.18,Premium,9.6,27,Mobile,2025-04-11 05:08:57,1,4,4
Larry Gallegos,Femme,Algérie,42.0,50360.97,Standard,11.4,31,Inconnu,2025-01-06 20:00:40,0,0,1
Garrett Moore,Homme,Belgique,48.0,30547.47,Standard,6.3,32,SmartTV,2025-03-13 06:26:14,1,3,3
Danielle Whitaker,Femme,Algérie,30.0,44458.61,Premium,22.6,21,Mobile,2025-03-02 19:24:37,0,6,3
Megan Lewis,Homme,Maroc,35.0,31970.92,Premium,8.0,23,Mobile,2025-06-16 04:19:26,0,0,6
Sandra Carter,Femme,Belgique,28.0,57847.36,Standard,8.0,19,SmartTV,2025-05-26 08:07:09,0,0,5
Michelle Moss DDS,Homme,Maroc,51.0,50477.87,Premium,14.36419689119171,29,Mobile,2025-02-22 22:33:51,0,5,2
Teresa Rodriguez,Homme,Belgique,31.0,29627.66,Familial,5.3,18,Mobile,2025-05-24 01:15:07,0,5,5
Charles Jones,Femme,Belgique,29.0,51060.12,Premium,1.5,23,Mobile,2025-03-08 18:13:08,0,5,3
Michael Hill,Homme,Algérie,21.0,52131.31,Standard,12.6,36,Mobile,2025-02-19 19:37:38,0,2,2
Levi Blankenship,Homme,Maroc,61.0,17879.18,Standard,2.6,30,Mobile,2025-01-08 13:06:03,0,2,1
Jason Harper,Homme,Algérie,19.0,41455.06,Standard,79.1,32,SmartTV,2025-05-24 02:15:16,0,5,5
Kim Wagner,Homme,Algérie,43.761429322122964,46341.54,Standard,2.0,23,SmartTV,2025-05-22 00:26:07,0,3,5
Rebecca Ashley,Femme,Algérie,33.0,38242.59,Premium,19.4,29,Tablette,2025-04-10 16:03:05,0,3,4
Lawrence Rodriguez,Femme,Canada,30.0,36734.94,Premium,32.4,13,Mobile,2025-06-10 13:30:26,0,1,6
Kelli Johnson,Femme,Belgique,49.0,58664.06,Premium,19.8,27,Mobile,2025-05-21 04:12:23,1,2,5
Paige Andrade,Homme,Maroc,64.0,41034.43,Familial,16.1,31,SmartTV,2025-05-15 05:25:59,0,3,5
Richard Anderson,Femme,Maroc,57.0,43995.4,Standard,23.5,21,Mobile,2025-05-19 05:28:10,1,0,5
Laura James,Homme,Canada,32.0,33095.31,Standard,10.2,26,Tablette,2025-05-16 14:45:05,0,4,5
Gloria Sims,Femme,Algérie,65.0,63533.25,Premium,35.3,22,SmartTV,2025-07-04 04:29:52,0,4,7
Brittany Singh,Femme,France,31.0,29383.45,Familial,41.4,27,Mobile,2025-05-16 23:58:58,1,4,5
Deanna Montgomery,Homme,France,52.0,22904.72,Premium,15.9,29,Inconnu,2025-04-20 16:08:07,0,6,4
Julie Medina,Femme,Algérie,69.0,30264.78,Premium,42.9,26,SmartTV,2025-07-07 12:01:53,0,0,7
Carla Bush,Femme,Algérie,46.0,39125.07,Standard,9.4,31,Mobile,2025-07-01 11:27:16,0,1,7
Amy Schneider,Femme,France,50.0,24542.32,Standard,27.7,28,PC,2025-06-22 00:45:19,0,6,6
Timothy Chan,Homme,Belgique,50.0,48417.07,Standard,8.7,27,Tablette,2025-03-28 14:00:03,0,4,3
Julie Smith,Homme,Maroc,19.0,40728.87,Premium,14.36419689119171,25,Mobile,2025-04-05 18:35:35,0,5,4
Amber Black,Femme,Canada,45.0,33213.37,Standard,23.0,36,SmartTV,2025-02-03 15:57:32,0,0,2
James Wilson,Homme,Maroc,42.0,51517.89,Standard,0.7,23,PC,2025-03-15 11:13:43,0,5,3
Megan Moreno,Homme,Maroc,25.0,60087.5,Familial,14.8,21,Inconnu,2025-02-14 04:27:26,0,4,2
Emily Perez,Femme,France,47.0,27454.55,Familial,21.1,21,PC,2025-02-07 06:27:35,0,4,2
David Carter,Homme,Algérie,48.0,28039.38,Premium,4.1,25,PC,2025-02-20 12:29:11,0,3,2
Kristin Hudson,Homme,France,46.0,29666.42,Premium,15.2,24,Mobile,2025-04-13 07:59:03,0,6,4
David Wilson,Homme,Belgique,22.0,40806.8,Premium,18.8,19,PC,2025-05-22 04:46:19,0,3,5
Charlotte Bush,Femme,Algérie,36.0,13591.93,Standard,8.1,29,Mobile,2025-07-03 06:40:47,0,3,7
Corey Long,Homme,Algérie,24.0,43776.14,Familial,35.9,28,Mobile,2025-05-15 06:50:09,0,3,5
Marie Vaughn,Femme,France,69.0,23134.93,Familial,1.7,23,Tablette,2025-04-18 04:05:10,1,4,4
Christopher Morales,Femme,Maroc,56.0,46274.68,Standard,1.9,28,Mobile,2025-06-04 13:20:34,0,2,6
Rhonda Wilson,Homme,Algérie,23.0,43125.02,Standard,6.3,21,Tablette,2025-01-09 00:13:48,0,3,1
Sharon May,Femme,Algérie,25.0,55246.06,Familial,24.4,20,PC,2025-04-21 05:30:59,0,0,4
Bob Wilson,Homme,France,37.0,60389.38,Standard,18.0,25,PC,2025-03-17 23:52:02,1,0,3
Kyle Ball,Homme,Belgique,35.0,47548.46,Premium,11.1,25,Mobile,2025-05-26 22:25:00,0,0,5
Terry Miranda,Homme,Belgique,30.0,44108.79,Standard,25.1,14,Mobile,2025-04-12 00:17:03,0,5,4
Tammy Hernandez,Femme,Canada,18.0,52990.12,Premium,35.7,28,Mobile,2025-05-26 03:00:49,0,0,5
Samantha Oneal,Femme,Canada,57.0,40728.87,Standard,4.2,25,Mobile,2025-02-03 11:30:30,0,0,2
Sheila Hall,Femme,France,30.0,37838.37,Premium,3.1,31,SmartTV,2025-02-05 05:09:27,1,2,2
Michael Howard,Femme,Algérie,31.0,40728.87,Standard,0.4,22,Mobile,2025-02-19 06:37:51,0,2,2
Jessica Young,Femme,France,67.0,48048.62,Standard,0.4,25,PC,2025-04-14 15:17:48,1,0,4
Dr. Brandon Decker,Femme,Canada,68.0,51680.05,Premium,23.9,35,SmartTV,2025-03-18 01:27:46,0,1,3
Kenneth Johnson,Homme,Maroc,68.0,51027.58,Premium,42.9,21,Mobile,2025-07-09 11:15:14,1,2,7
Michael Gonzales,Homme,France,48.0,53664.14,Premium,12.0,22,PC,2025-07-09 18:52:16,0,2,7
Brian Mason,Femme,Algérie,46.0,55824.42,Premium,17.7,21,SmartTV,2025-01-30 20:33:57,1,3,1
Stephen Garcia DDS,Femme,Canada,62.0,46119.42,Premium,27.6,28,SmartTV,2025-03-14 02:30:15,0,4,3
Kari Hall,Non précisé,Algérie,31.0,40819.4,Standard,16.9,19,Mobile,2025-05-30 15:29:19,0,4,5
Daniel Bond,Homme,France,49.0,39674.38,Standard,53.7,25,SmartTV,2025-05-22 03:09:01,0,3,5
Brittney Clark,Femme,Belgique,34.0,50498.45,Standard,14.36419689119171,23,Mobile,2025-06-15 14:16:24,0,6,6
Richard Miller,Femme,Canada,41.0,45625.3,Standard,5.0,28,Mobile,2025-06-07 04:06:14,0,5,6
Michael Lewis,Homme,France,45.0,49899.03,Standard,13.9,15,Mobile,2025-03-08 11:35:01,0,5,3
Heather Wood,Homme,Canada,21.0,41444.31,Familial,14.0,22,Inconnu,2025-06-26 12:52:25,0,3,6
Taylor Green,Homme,Algérie,30.0,40728.87,Premium,29.9,24,Inconnu,2025-01-29 10:39:11,1,2,1
Ryan Johnson,Femme,Maroc,55.0,20449.49,Premium,1.4,18,SmartTV,2025-07-07 23:32:03,1,0,7
James Jimenez,Femme,Maroc,59.0,44128.0,Familial,19.5,36,SmartTV,2025-01-30 08:30:15,0,3,1
Kimberly Arnold,Homme,Canada,45.0,30062.32,Premium,20.2,22,SmartTV,2025-01-04 12:49:02,1,5,1
Rebecca Neal,Homme,Canada,18.0,31701.26,Standard,12.0,31,Mobile,2025-02-15 06:02:29,0,5,2
Meagan Trujillo,Homme,Maroc,19.0,28741.84,Standard,13.4,23,Tablette,2025-04-19 19:43:00,1,5,4
Samantha Burns,Femme,France,63.0,44285.95,Standard,9.9,21,Mobile,2025-03-14 20:36:52,0,4,3
Savannah Weiss,Homme,Maroc,42.0,46239.26,Standard,17.2,18,Mobile,2025-02-20 22:22:28,1,3,2
Kyle Wilson,Femme,Canada,21.0,63496.45,Standard,28.2,17,Mobile,2025-01-22 05:49:47,0,2,1
Robert Murphy,Femme,Maroc,46.0,40728.87,Familial,14.36419689119171,28,Mobile,2025-04-07 03:07:50,0,0,4
Justin Watkins,Homme,Canada,51.0,20717.7,Standard,81.7,35,SmartTV,2025-03-26 06:01:24,0,2,3
Roger Mack,Femme,Canada,69.0,43675.45,Familial,16.3,24,Mobile,2025-01-14 13:28:37,0,1,1
Erica Thornton,Homme,Canada,36.0,11584.73,Premium,11.6,26,Tablette,2025-02-22 03:25:30,0,5,2
Jessica Sandoval,Homme,Algérie,58.0,52485.51,Standard,45.9,32,Mobile,2025-03-22 08:21:09,0,5,3
Monique Rose,Femme,Canada,18.0,37651.2,Standard,3.5,31,PC,2025-02-06 15:51:29,1,3,2
Ryan Patterson,Homme,Canada,47.0,27775.03,Premium,1.6,29,SmartTV,2025-01-19 10:35:41,1,6,1
Nicole Houston,Femme,Algérie,49.0,46353.66,Standard,5.7,24,Tablette,2025-05-07 20:18:19,1,2,5
Cindy Rodriguez,Homme,Maroc,19.0,44136.9,Standard,57.2,29,SmartTV,2025-02-08 20:10:33,0,5,2
Melissa Green,Non précisé,Canada,43.761429322122964,40728.87,Premium,13.9,35,PC,2025-03-21 15:40:03,0,4,3
Douglas Moss,Homme,Canada,43.761429322122964,38845.93,Standard,1.4,28,PC,2025-03-12 10:37:37,0,2,3
Amanda Dawson,Homme,Belgique,54.0,50494.21,Standard,0.1,22,Mobile,2025-02-28 14:55:05,0,4,2
Brian Perkins,Homme,France,45.0,25890.27,Standard,8.5,29,Mobile,2025-01-12 13:49:28,0,6,1
Steven Flynn,Homme,Belgique,25.0,38193.0,Familial,4.1,28,SmartTV,2025-05-27 19:50:16,0,1,5
Brandon Woods,Homme,Canada,43.761429322122964,36534.05,Standard,4.4,29,Mobile,2025-04-02 22:16:54,1,2,4
Christopher Franco,Homme,Canada,59.0,40728.87,Standard,5.8,33,SmartTV,2025-05-20 16:49:50,1,1,5
Ryan Torres,Homme,France,33.0,29662.54,Premium,20.9,21,Tablette,2025-07-01 17:16:53,0,1,7
Sheila Reed,Femme,Maroc,52.0,31318.07,Standard,0.4,29,Mobile,2025-01-30 09:37:48,0,3,1
Taylor Kim,Femme,Belgique,31.0,41520.88,Standard,2.0,25,Tablette,2025-02-25 04:14:20,0,1,2
Thomas Walker,Homme,Belgique,32.0,37007.59,Standard,13.8,21,PC,2025-03-01 12:08:29,1,5,3
Michael Rodriguez,Femme,Maroc,37.0,26440.0,Standard,4.3,22,SmartTV,2025-06-03 02:06:28,1,1,6
Beth Anderson,Femme,France,68.0,40457.11,Premium,0.7,22,Mobile,2025-01-14 04:04:33,0,1,1
Francisco Pham,Homme,Maroc,19.0,23377.22,Standard,7.7,20,Mobile,2025-01-03 17:13:52,0,4,1
Ryan Vega,Homme,Canada,19.0,32241.2,Standard,7.4,22,PC,2025-05-08 18:53:43,0,3,5
Judith Simmons,Homme,Canada,69.0,41975.09,Standard,7.4,19,PC,2025-02-22 17:20:47,1,5,2
Emily Dixon,Femme,France,31.0,34660.97,Familial,6.1,24,Mobile,2025-02-27 04:59:30,1,3,2
Robert Heath,Femme,Canada,58.0,45663.39,Standard,0.9,24,Mobile,2025-07-04 21:08:00,1,4,7
John Park,Homme,Canada,57.0,28116.79,Familial,5.6,24,Mobile,2025-05-26 00:33:54,0,0,5
Andrew Stewart,Homme,Canada,33.0,49292.57,Familial,9.4,27,PC,2025-03-02 23:06:47,0,6,3
Scott Salazar,Femme,Algérie,19.0,48021.44,Premium,14.8,26,Mobile,2025-05-21 12:42:07,0,2,5
Jeffrey Hatfield,Homme,Belgique,31.0,46212.65,Standard,1.4,37,Mobile,2025-05-29 01:12:30,1,3,5
Brent Evans,Femme,Maroc,49.0,36919.19,Standard,1.9,13,PC,2025-01-08 06:19:05,0,2,1
Tracy Kennedy,Homme,Canada,31.0,56789.17,Standard,20.0,18,Tablette,2025-03-24 13:53:55,0,0,3
James Hernandez,Homme,Belgique,48.0,47449.96,Standard,13.7,19,Mobile,2025-01-23 21:03:40,1,3,1
Carlos Evans,Femme,Algérie,47.0,43500.3,Standard,11.7,22,SmartTV,2025-06-08 11:38:07,0,6,6
Jordan Evans,Femme,Belgique,43.0,40728.87,Standard,13.8,22,Inconnu,2025-02-20 14:08:58,0,3,2
Cynthia Butler,Femme,Canada,58.0,52718.77,Familial,8.7,21,Mobile,2025-04-11 05:30:02,1,4,4
William Williams,Homme,Maroc,46.0,37081.2,Standard,10.3,29,PC,2025-02-03 04:32:13,1,0,2
Lindsay Burns,Femme,Maroc,41.0,37732.13,Premium,18.2,19,Mobile,2025-01-24 12:22:53,0,4,1
Alicia Curry,Femme,Belgique,20.0,44099.43,Familial,12.8,31,SmartTV,2025-02-13 03:23:13,0,3,2
Mark Clay,Femme,Algérie,33.0,36504.5,Familial,22.1,21,Mobile,2025-03-17 21:05:02,0,0,3
David Brady,Homme,Maroc,66.0,29260.75,Premium,1.0,22,PC,2025-04-27 14:55:29,0,6,4
Rachel Hobbs,Femme,Belgique,60.0,56551.74,Standard,19.3,31,Mobile,2025-06-02 05:04:02,1,0,6
Sheena Martin,Femme,Canada,60.0,34510.16,Standard,18.6,29,Mobile,2025-04-28 10:37:33,0,0,4
Jessica Garcia,Homme,France,38.0,47498.24,Standard,25.5,18,Mobile,2025-03-13 03:16:28,1,3,3
Dr. Brittany Preston,Femme,Belgique,32.0,32552.61,Familial,1.6,35,Tablette,2025-01-05 01:09:48,0,6,1
Kelly Rodriguez,Homme,France,28.0,36598.02,Standard,14.4,25,PC,2025-02-20 04:45:33,0,3,2
Kyle Conner,Homme,Maroc,43.761429322122964,23088.91,Familial,27.3,32,PC,2025-06-18 06:12:18,0,2,6
Jerry Olson,Femme,Belgique,39.0,45377.94,Standard,1.8,31,Mobile,2025-05-07 06:32:18,0,2,5
Mark Bentley,Femme,Maroc,44.0,53931.52,Standard,17.3,24,SmartTV,2025-05-11 08:39:03,0,6,5
Tonya Murray,Homme,Canada,42.0,21975.62,Premium,2.0,27,Mobile,2025-01-30 03:02:22,0,3,1
John Robertson,Femme,France,39.0,49015.33,Standard,52.4,28,PC,2025-04-01 19:12:33,0,1,4
Kimberly Rodriguez,Homme,Algérie,40.0,43539.22,Standard,17.4,20,Tablette,2025-06-14 19:57:39,0,5,6
Ariel Bowen,Homme,Maroc,42.0,25034.82,Familial,15.7,27,SmartTV,2025-01-12 18:47:13,0,6,1
Wendy Ellis,Homme,Canada,43.761429322122964,52200.53,Premium,2.9,22,SmartTV,2025-03-28 13:57:36,0,4,3
William Davies,Femme,France,37.0,48428.63,Premium,0.1,29,Mobile,2025-01-23 07:52:59,1,3,1
Alyssa Perez,Femme,Canada,66.0,30828.96,Standard,6.2,26,Mobile,2025-05-26 10:26:58,1,0,5
Michael Saunders,Femme,Belgique,21.0,33707.01,Premium,4.8,19,PC,2025-05-21 00:40:01,0,2,5
Erik Zimmerman,Non précisé,Algérie,61.0,49465.56,Standard,20.4,29,Mobile,2025-07-03 15:26:33,0,3,7
Sean Leonard,Homme,Algérie,42.0,31007.55,Premium,18.1,32,Tablette,2025-02-18 13:14:21,0,1,2
Justin Andrews,Homme,Canada,28.0,46474.68,Premium,7.1,24,SmartTV,2025-01-16 18:00:57,0,3,1
John Mckinney,Homme,France,20.0,60173.15,Standard,12.0,27,Tablette,2025-06-20 18:21:27,0,4,6
Jeffrey Meyers,Femme,Maroc,27.0,40901.81,Premium,16.5,23,SmartTV,2025-07-03 06:45:38,0,3,7
Danielle Mendoza,Femme,Canada,35.0,37868.61,Premium,10.5,21,Tablette,2025-06-17 15:31:37,0,1,6
Nicole Pierce,Homme,France,39.0,43420.28,Premium,2.6,27,Mobile,2025-02-06 08:49:20,0,3,2
Justin Smith,Homme,Algérie,51.0,35047.87,Familial,30.8,30,Mobile,2025-06-22 17:36:55,0,6,6
Linda Mitchell,Homme,Algérie,28.0,37782.63,Standard,15.2,30,Mobile,2025-05-24 15:50:41,1,5,5
Dustin Kirby,Femme,Algérie,53.0,61178.56,Standard,5.0,27,SmartTV,2025-04-26 09:25:38,1,5,4
Brandy Ford,Femme,Belgique,46.0,51471.36,Standard,4.6,35,Mobile,2025-03-06 03:57:36,1,3,3
Maxwell Herring,Homme,Algérie,20.0,48018.07,Standard,0.3,26,Tablette,2025-02-19 20:59:59,0,2,2
Randy Mendoza,Homme,Maroc,61.0,49874.31,Standard,43.6,20,SmartTV,2025-06-23 04:00:18,0,0,6
Michael Combs,Femme,Belgique,59.0,40262.65,Standard,8.3,20,SmartTV,2025-05-02 16:46:25,1,4,5
Taylor Roberts,Homme,Belgique,52.0,54744.11,Standard,18.4,29,PC,2025-01-23 07:47:09,0,3,1
Katherine Cooke,Femme,Canada,34.0,18299.9,Familial,0.0,29,Mobile,2025-03-30 08:58:11,0,6,3
Heather Adams,Homme,Belgique,67.0,38325.83,Premium,0.0,26,SmartTV,2025-01-21 05:30:47,1,1,1
Tommy Pena,Homme,Canada,41.0,52707.14,Standard,61.4,32,Tablette,2025-04-28 17:59:10,0,0,4
Jacob Carson,Femme,Algérie,18.0,25363.17,Premium,6.7,23,SmartTV,2025-03-14 22:15:53,0,4,3
Jenna Roach,Femme,Canada,38.0,40728.87,Standard,19.1,25,Mobile,2025-05-11 17:39:50,0,6,5
Krystal Johnson,Homme,Canada,43.761429322122964,56596.69,Premium,14.36419689119171,35,Mobile,2025-04-01 05:57:05,0,1,4
Nicole Johnston,Homme,France,43.761429322122964,48132.19,Premium,9.4,29,Mobile,2025-03-17 20:17:50,0,0,3
Keith Salinas,Femme,France,37.0,47283.71,Familial,8.8,18,SmartTV,2025-05-21 17:18:41,0,2,5
Dennis Hernandez,Femme,Maroc,26.0,47885.12,Standard,6.7,31,Mobile,2025-04-26 21:13:10,0,5,4
Joseph Morales,Femme,Algérie,42.0,41417.55,Familial,2.5,21,PC,2025-01-13 04:30:48,1,0,1
Gregory Rodriguez,Homme,Algérie,37.0,30546.58,Standard,27.3,27,SmartTV,2025-06-25 15:55:14,1,2,6
Desiree Jones,Femme,France,43.761429322122964,13075.22,Standard,46.0,31,PC,2025-01-08 08:49:00,1,2,1
Dustin Cook,Femme,Algérie,43.761429322122964,9754.74,Standard,7.6,23,Mobile,2025-03-25 05:07:48,0,1,3
Martin Knapp,Homme,Maroc,57.0,40200.49,Familial,49.8,22,SmartTV,2025-04-19 11:27:38,0,5,4
Justin Kelly,Homme,Belgique,50.0,28952.6,Standard,0.9,27,Mobile,2025-04-28 18:23:32,0,0,4
Randy Osborne,Femme,France,54.0,28003.26,Premium,23.0,20,SmartTV,2025-04-02 02:31:49,0,2,4
Andrew Sullivan,Homme,Canada,69.0,14681.11,Familial,6.5,24,Mobile,2025-04-21 16:33:35,0,0,4
Miguel Smith,Femme,France,59.0,36604.66,Standard,7.4,32,SmartTV,2025-06-24 19:27:39,1,1,6
Sarah Nguyen,Femme,Belgique,36.0,39604.32,Standard,21.2,24,Mobile,2025-04-25 22:49:32,0,4,4
Philip Wilson,Homme,Belgique,30.0,47388.02,Standard,8.4,24,SmartTV,2025-01-16 11:24:14,0,3,1
April Cooley,Homme,Belgique,64.0,34547.93,Standard,22.3,29,Tablette,2025-01-21 14:49:35,0,1,1
Victoria Bradley,Homme,Maroc,30.0,40728.87,Standard,13.3,18,Mobile,2025-03-20 09:00:44,0,3,3
Susan Bradford MD,Homme,Algérie,43.761429322122964,41048.25,Standard,19.4,27,PC,2025-01-16 09:14:52,0,3,1
Angela Morris,Femme,Belgique,42.0,28951.12,Premium,82.0,29,PC,2025-03-07 17:28:42,0,4,3
Robert Mooney,Homme,Algérie,19.0,36497.81,Standard,34.5,29,SmartTV,2025-04-26 11:45:21,0,5,4
Rita Jones,Non précisé,Maroc,55.0,51858.03,Standard,6.0,27,Mobile,2025-06-29 00:11:01,0,6,6
Bryce May,Non précisé,Algérie,62.0,27211.07,Standard,17.7,16,PC,2025-01-14 22:00:29,1,1,1
Jillian Gonzalez,Femme,Canada,32.0,25234.33,Premium,4.4,24,Mobile,2025-02-03 12:58:14,0,0,2
Michael Lewis,Femme,France,44.0,43216.59,Standard,33.5,27,SmartTV,2025-04-19 12:04:54,0,5,4
Anthony Weaver,Homme,Canada,43.761429322122964,36775.76,Standard,17.5,25,Tablette,2025-06-28 03:33:12,0,5,6
Michael Brown Jr.,Femme,France,31.0,46269.57,Premium,8.1,40,SmartTV,2025-03-12 15:41:48,0,2,3
Jennifer Nolan,Femme,Maroc,20.0,36040.16,Premium,47.8,29,SmartTV,2025-01-25 10:54:09,0,5,1
David Williams,Homme,Maroc,42.0,34669.49,Standard,3.4,28,Tablette,2025-05-31 16:15:57,0,5,5
Mrs. Margaret Wright MD,Femme,France,27.0,38313.11,Premium,77.7,32,Mobile,2025-04-27 17:12:29,0,6,4
Linda Berg,Homme,Canada,54.0,39178.74,Premium,3.6,31,PC,2025-02-17 09:29:57,0,0,2
Joseph Oliver,Femme,Canada,57.0,45520.34,Standard,0.3,39,SmartTV,2025-03-25 22:03:05,1,1,3
Corey Pruitt,Homme,Canada,40.0,45662.92,Standard,7.9,20,PC,2025-04-27 16:40:44,0,6,4
Alyssa Conley,Homme,Canada,43.0,50919.57,Premium,4.8,29,PC,2025-02-12 19:35:05,1,2,2
Jeffrey Jones,Homme,France,61.0,47863.2,Standard,30.0,27,Mobile,2025-06-30 22:06:55,0,0,6
Douglas Ball,Femme,France,34.0,52566.12,Premium,3.5,24,SmartTV,2025-01-11 12:38:41,0,5,1
Mark Farrell,Femme,Canada,39.0,39326.97,Premium,2.7,35,PC,2025-03-21 21:29:52,0,4,3
James Rangel,Homme,Belgique,60.0,40728.87,Standard,23.9,22,Mobile,2025-04-18 17:16:30,1,4,4
James Taylor,Femme,Canada,55.0,40728.87,Familial,10.4,22,PC,2025-04-04 07:32:10,0,4,4
Michael Duran,Femme,Belgique,38.0,40728.87,Premium,15.2,22,SmartTV,2025-01-19 23:16:18,0,6,1
Christina Sanders,Homme,Maroc,64.0,40728.87,Standard,3.5,16,SmartTV,2025-05-22 08:57:30,0,3,5
John Wilson,Femme,Canada,51.0,43941.53,Premium,11.7,32,SmartTV,2025-02-04 16:42:30,0,1,2
Jason Matthews,Femme,Canada,57.0,25113.13,Standard,0.5,27,Mobile,2025-02-23 19:02:01,1,6,2
Douglas Roy,Femme,Canada,27.0,30662.1,Standard,2.3,20,SmartTV,2025-06-01 00:06:14,0,6,6
Sylvia Wright,Homme,France,51.0,24760.19,Standard,49.1,22,SmartTV,2025-07-04 10:30:05,0,4,7
Jermaine Turner,Femme,Maroc,66.0,33352.78,Familial,8.5,19,Inconnu,2025-05-02 05:57:36,1,4,5
Lauren Lucas,Homme,Belgique,33.0,48752.44,Standard,5.4,23,SmartTV,2025-01-09 20:40:38,0,3,1
Jacob Harrison,Homme,France,29.0,47726.22,Premium,11.8,30,Mobile,2025-01-24 09:33:55,0,4,1
David Miller,Femme,Belgique,43.761429322122964,32750.71,Standard,0.2,22,PC,2025-01-08 00:26:12,0,2,1
Lindsay Perez MD,Homme,Algérie,30.0,42911.13,Premium,83.6,29,Mobile,2025-05-21 15:27:45,0,2,5
Michelle Griffin,Femme,Algérie,45.0,40728.87,Familial,3.0,19,SmartTV,2025-05-19 05:04:45,1,0,5
William Vazquez,Femme,Maroc,30.0,37481.89,Premium,8.0,23,PC,2025-06-21 12:45:18,1,5,6
Jerome Espinoza,Homme,Algérie,27.0,40190.89,Standard,1.5,18,SmartTV,2025-06-15 12:18:00,1,6,6
Cameron Anderson,Homme,Canada,36.0,49072.62,Standard,15.5,24,PC,2025-02-10 01:18:05,0,0,2
David Golden,Homme,Canada,68.0,40728.87,Standard,11.0,23,Tablette,2025-02-05 03:52:44,0,2,2
Jason Harris,Homme,Belgique,46.0,50894.33,Premium,12.6,27,PC,2025-06-22 23:10:15,1,6,6
Matthew Reynolds,Femme,Belgique,31.0,40208.97,Standard,3.0,31,PC,2025-05-01 13:50:58,0,3,5
William Mccarty,Homme,France,58.0,31183.9,Standard,23.0,18,Mobile,2025-01-27 06:20:57,0,0,1
Diana Tate,Femme,Belgique,28.0,36448.95,Premium,62.5,23,PC,2025-05-02 10:46:01,0,4,5
Elizabeth Rhodes,Femme,France,19.0,33004.85,Standard,14.8,29,Mobile,2025-03-23 01:25:38,0,6,3
Richard Richardson,Homme,Maroc,50.0,48296.28,Familial,21.7,24,SmartTV,2025-02-28 10:17:01,0,4,2
Andrea Haynes,Homme,Algérie,62.0,32915.66,Premium,24.8,16,SmartTV,2025-03-26 10:12:16,0,2,3
Tony Cook,Homme,France,27.0,41919.86,Standard,22.4,24,Mobile,2025-06-16 11:03:07,0,0,6
Cynthia Turner,Femme,Canada,57.0,47149.26,Standard,26.3,25,Mobile,2025-01-13 19:05:00,0,0,1
Jessica Williams,Femme,Belgique,33.0,40728.87,Premium,21.7,18,Mobile,2025-06-02 06:38:48,0,0,6
Nancy Santos,Homme,Algérie,66.0,25916.75,Premium,53.4,21,PC,2025-02-28 23:09:08,1,4,2
Nicole Lawrence,Homme,Maroc,59.0,32181.44,Standard,24.0,28,Mobile,2025-02-28 01:03:08,0,4,2
Adam Graves,Homme,Belgique,50.0,49358.49,Premium,7.6,36,SmartTV,2025-03-13 04:18:38,0,3,3
Robert Patton,Homme,Maroc,30.0,45745.65,Standard,27.0,29,Mobile,2025-05-21 15:53:15,0,2,5
Maria Myers,Femme,Algérie,43.0,18909.37,Premium,0.1,20,SmartTV,2025-07-05 15:14:15,0,5,7
David Smith,Homme,Algérie,38.0,48246.12,Standard,13.7,16,PC,2025-01-28 04:20:05,1,1,1
Seth Clark,Homme,France,25.0,49561.2,Standard,6.2,26,SmartTV,2025-01-22 21:16:53,0,2,1
Gregory Rodriguez,Femme,Belgique,62.0,41794.72,Familial,2.1,23,SmartTV,2025-01-04 21:00:04,0,5,1
Felicia Berry,Homme,Algérie,34.0,26236.86,Premium,41.7,26,SmartTV,2025-06-13 06:16:07,1,4,6
Elizabeth Davis,Homme,Canada,33.0,32198.91,Standard,10.7,23,PC,2025-02-19 08:54:56,0,2,2
Mathew Smith,Femme,Maroc,46.0,48217.03,Premium,8.6,28,Mobile,2025-04-18 00:12:40,1,4,4
Glenn Castro,Femme,France,20.0,28165.04,Standard,9.3,21,SmartTV,2025-05-26 18:31:47,0,0,5
Meghan Jones,Homme,France,24.0,29902.03,Premium,38.7,28,Mobile,2025-03-12 23:30:44,0,2,3
Jim Moore,Homme,Canada,32.0,22762.63,Standard,22.0,25,PC,2025-01-31 11:22:20,0,4,1
Michael Johnston,Homme,Algérie,60.0,32818.34,Standard,13.8,21,PC,2025-07-07 05:37:53,0,0,7
Michael Garcia,Homme,Belgique,35.0,21742.69,Standard,1.1,31,SmartTV,2025-04-26 12:46:07,0,5,4
Julie Castro,Femme,France,54.0,40728.87,Standard,10.6,18,Mobile,2025-05-09 22:44:54,0,4,5
Maureen Harrison,Femme,Maroc,64.0,55106.29,Standard,18.3,29,Mobile,2025-05-31 12:43:39,0,5,5
Antonio Perry,Homme,Canada,43.761429322122964,43653.55,Familial,3.0,26,SmartTV,2025-07-09 19:37:31,0,2,7
Christopher English,Femme,France,35.0,40728.87,Standard,28.4,24,Tablette,2025-04-05 14:03:10,0,5,4
Timothy Fritz,Femme,Maroc,26.0,52292.63,Familial,5.5,24,Mobile,2025-04-20 04:49:39,0,6,4
Jimmy Williams,Femme,Algérie,43.761429322122964,38836.35,Premium,1.8,20,SmartTV,2025-05-26 06:37:23,0,0,5
Todd Lindsey,Femme,Maroc,67.0,54659.52,Standard,21.9,26,Mobile,2025-05-25 16:20:05,0,6,5
Margaret Taylor,Homme,France,43.761429322122964,49849.26,Standard,62.0,25,PC,2025-02-17 12:51:56,0,0,2
John Thompson,Femme,Belgique,21.0,31268.1,Familial,9.4,22,PC,2025-02-04 07:40:37,1,1,2
Charles Newman,Homme,Algérie,26.0,41154.64,Premium,10.0,37,SmartTV,2025-05-08 10:52:58,0,3,5
Felicia Palmer,Femme,Maroc,41.0,48077.91,Standard,3.7,26,SmartTV,2025-05-16 05:20:49,0,4,5
Crystal Andrews,Femme,Belgique,53.0,47903.46,Premium,11.4,20,Mobile,2025-04-26 16:34:57,0,5,4
Virginia Stokes,Femme,France,63.0,30554.52,Standard,20.4,17,Tablette,2025-04-08 15:17:27,1,1,4
Tony Hunter,Homme,France,29.0,40728.87,Premium,3.8,21,PC,2025-06-08 22:36:16,0,6,6
Brooke Stewart,Femme,Maroc,22.0,37859.63,Premium,24.0,21,Mobile,2025-05-07 21:17:39,0,2,5
James Sanders,Femme,Canada,31.0,25021.11,Premium,17.0,37,SmartTV,2025-03-15 07:20:48,0,5,3
Ruth Shaw,Femme,Belgique,27.0,28282.88,Familial,9.6,15,Mobile,2025-06-17 20:12:21,0,1,6
Stephen Young,Femme,Maroc,43.761429322122964,40810.48,Standard,26.2,26,PC,2025-05-26 08:08:59,0,0,5
Logan Rocha,Femme,Maroc,52.0,32086.49,Familial,6.8,18,Mobile,2025-03-25 03:25:36,0,1,3
Tony Bailey,Femme,Canada,66.0,25580.82,Familial,8.5,35,Tablette,2025-05-11 05:25:02,0,6,5
Jenny Morris,Homme,Maroc,39.0,40728.87,Standard,4.6,23,PC,2025-06-01 02:36:12,1,6,6
Karen Dalton,Homme,Maroc,43.761429322122964,58863.62,Premium,10.7,25,PC,2025-05-24 14:23:40,1,5,5
Kyle Evans,Femme,France,22.0,30908.5,Familial,5.5,29,Tablette,2025-03-29 10:19:55,0,5,3
Alexander Fields,Femme,France,21.0,39817.68,Premium,10.8,31,Mobile,2025-02-21 23:43:00,0,4,2
Michael Durham,Homme,Algérie,64.0,40728.87,Standard,41.9,26,Mobile,2025-04-19 22:56:41,0,5,4
Dana Welch,Homme,Maroc,55.0,29413.38,Premium,38.9,24,Mobile,2025-04-25 22:24:13,0,4,4
Timothy Young,Homme,Canada,25.0,40728.87,Premium,8.1,17,PC,2025-06-23 07:45:25,0,0,6
Grace Torres,Homme,France,20.0,70236.49,Standard,3.3,26,PC,2025-06-25 18:51:05,0,2,6
Sandra Brooks,Homme,Belgique,20.0,41618.89,Standard,2.9,22,Mobile,2025-05-03 11:58:45,0,5,5
Shannon Sawyer,Femme,Canada,56.0,31895.24,Standard,15.9,27,SmartTV,2025-04-29 11:09:41,0,1,4
Tanya Jefferson,Homme,France,36.0,55617.84,Familial,11.6,30,Mobile,2025-02-17 05:47:46,0,0,2
Miss Melanie Ramirez,Homme,Maroc,35.0,51759.98,Familial,17.4,24,PC,2025-06-01 13:31:25,0,6,6
Carrie Jones,Homme,Algérie,65.0,33353.74,Familial,22.5,37,PC,2025-04-26 08:32:49,0,5,4
Paige Robbins,Homme,Algérie,33.0,19849.5,Standard,0.7,15,Mobile,2025-01-22 17:33:13,0,2,1
Kathryn Peterson,Non précisé,France,43.761429322122964,51701.29,Premium,11.5,33,PC,2025-03-18 07:08:06,0,1,3
Sheri Jackson,Non précisé,Canada,20.0,40720.77,Standard,17.4,19,SmartTV,2025-04-01 09:37:44,0,1,4
Angela Zavala,Femme,Belgique,54.0,38639.58,Standard,1.1,24,Mobile,2025-06-01 04:26:06,1,6,6
Kimberly Shaffer,Homme,Maroc,26.0,54623.3,Standard,5.1,19,PC,2025-03-31 09:53:56,1,0,3
Janet Simpson,Homme,Algérie,59.0,35797.71,Premium,1.0,22,Mobile,2025-03-03 02:31:24,0,0,3
Jonathan Long,Femme,France,55.0,49309.18,Standard,29.2,20,Mobile,2025-03-31 07:16:09,0,0,3
Craig Roth,Femme,Maroc,45.0,27001.58,Premium,16.2,27,SmartTV,2025-03-05 09:56:38,0,2,3
Chad Ford,Femme,Maroc,26.0,45909.8,Standard,20.7,22,SmartTV,2025-02-09 17:33:16,0,6,2
Rebecca Gilbert,Homme,Canada,38.0,34351.92,Standard,6.9,25,Tablette,2025-01-30 12:14:02,0,3,1
Carla Porter,Femme,France,37.0,56641.37,Premium,0.5,29,Tablette,2025-02-04 17:27:16,0,1,2
Elizabeth Campbell,Femme,France,60.0,31807.09,Premium,5.2,30,Mobile,2025-03-30 04:07:51,1,6,3
Rachel Hall,Homme,Algérie,24.0,51295.08,Standard,12.6,20,PC,2025-02-15 18:33:26,0,5,2
David Shah,Femme,France,28.0,32930.28,Standard,1.3,23,SmartTV,2025-04-18 07:02:41,0,4,4
Michael Harding,Homme,France,50.0,28278.68,Standard,30.1,18,PC,2025-04-16 11:42:31,0,2,4
Ronald Gomez,Homme,France,44.0,58576.93,Premium,15.0,34,Mobile,2025-04-26 14:00:06,0,5,4
Carolyn Martinez,Homme,Maroc,66.0,35947.01,Standard,11.0,21,Mobile,2025-01-31 23:43:14,0,4,1
Carol Harmon,Homme,France,19.0,30421.77,Standard,1.5,17,PC,2025-06-06 06:57:00,0,4,6
Allison Bell,Femme,Belgique,61.0,33766.14,Standard,18.1,27,Mobile,2025-05-11 06:42:13,0,6,5
Joshua Stanley,Femme,Maroc,43.761429322122964,37472.24,Standard,8.3,27,SmartTV,2025-05-05 18:44:40,0,0,5
Kelly Bowers,Homme,Maroc,39.0,21476.87,Premium,14.36419689119171,25,Mobile,2025-03-06 14:06:45,1,3,3
James Roberts,Femme,France,41.0,39189.15,Standard,6.0,27,Mobile,2025-04-28 19:13:24,0,0,4
David Lewis,Femme,Algérie,54.0,16734.4,Premium,16.2,27,Mobile,2025-01-27 10:18:10,0,0,1
Jennifer Lee,Homme,Algérie,51.0,26374.67,Standard,2.8,21,Mobile,2025-02-23 05:21:39,1,6,2
Bradley Anderson,Homme,Maroc,45.0,47571.02,Standard,1.9,29,Mobile,2025-04-08 17:06:16,1,1,4
Ryan Pearson,Homme,Canada,43.0,27055.14,Standard,10.6,23,SmartTV,2025-03-13 18:33:51,0,3,3
Barbara Todd,Femme,Belgique,68.0,40744.7,Premium,0.9,29,Mobile,2025-03-15 19:01:59,0,5,3
Shane Fox,Femme,Maroc,37.0,47778.96,Standard,1.3,15,Mobile,2025-03-31 17:24:27,0,0,3
Sandra Anderson,Homme,Belgique,58.0,40728.87,Standard,1.5,22,SmartTV,2025-07-09 09:02:17,0,2,7
Bonnie Smith,Femme,Maroc,18.0,34858.94,Premium,34.2,26,SmartTV,2025-03-22 09:36:57,0,5,3
Denise Moore,Homme,Maroc,59.0,22302.96,Standard,12.7,21,Mobile,2025-06-04 02:25:49,1,2,6
David Berry,Femme,Maroc,23.0,37144.12,Premium,4.4,25,Tablette,2025-04-12 06:19:02,0,5,4
Brandon Black,Homme,Maroc,20.0,46187.37,Premium,13.4,33,Mobile,2025-05-15 06:05:57,0,3,5
Alice Butler,Homme,France,36.0,20223.32,Premium,3.9,26,SmartTV,2025-02-04 06:10:59,0,1,2
Katelyn Stevens,Homme,France,43.761429322122964,40415.78,Familial,14.36419689119171,27,Mobile,2025-02-02 13:49:39,0,6,2
Kaitlyn Walker,Homme,Maroc,65.0,35410.06,Familial,10.2,27,Mobile,2025-06-29 10:19:27,1,6,6
Paul Arnold,Femme,Algérie,21.0,51807.65,Standard,2.4,28,PC,2025-04-15 18:48:30,0,1,4
Michael Hall,Homme,Algérie,60.0,29047.07,Premium,1.1,26,Mobile,2025-03-09 05:38:34,1,6,3
Andrew Howard,Homme,France,52.0,44191.87,Familial,5.1,32,SmartTV,2025-02-05 13:49:59,0,2,2
Veronica Smith,Homme,France,26.0,24640.75,Familial,18.5,17,PC,2025-03-22 17:16:59,0,5,3
Donna Williams,Homme,Maroc,39.0,31786.49,Premium,45.7,27,Tablette,2025-06-25 19:55:18,0,2,6
Michael Adkins,Homme,Algérie,56.0,55224.84,Standard,18.5,26,Mobile,2025-06-04 06:18:36,0,2,6
Anthony Rhodes,Femme,Belgique,28.0,55783.48,Familial,10.8,33,SmartTV,2025-05-09 23:37:19,0,4,5
Daisy Evans,Femme,Belgique,49.0,44032.91,Premium,6.5,32,Mobile,2025-04-04 08:04:21,0,4,4
Michael Cox,Homme,Belgique,47.0,22215.12,Premium,19.2,28,Mobile,2025-01-11 09:34:28,0,5,1
Herbert Merritt,Femme,Canada,40.0,41884.47,Premium,11.1,19,PC,2025-02-03 21:15:18,0,0,2
Kerry Oneill,Femme,Algérie,43.0,47057.66,Standard,39.2,44,Mobile,2025-05-24 04:16:07,1,5,5
Robert Walker,Femme,France,21.0,41387.73,Familial,2.8,26,PC,2025-05-25 23:02:30,0,6,5
Summer Meyers,Femme,Algérie,22.0,46537.82,Familial,18.3,20,Mobile,2025-06-14 09:46:57,0,5,6
Adam Walker Jr.,Femme,Canada,56.0,22063.87,Standard,17.5,28,Mobile,2025-05-22 11:57:13,0,3,5
Vicki Hernandez,Femme,Canada,20.0,59507.78,Premium,14.36419689119171,28,Mobile,2025-06-19 14:37:40,0,3,6
Amy Warren,Femme,Maroc,25.0,42353.47,Standard,6.2,26,PC,2025-05-19 13:34:02,0,0,5
Lisa Miller,Femme,Canada,24.0,40482.61,Standard,7.9,33,Tablette,2025-03-06 14:15:35,0,3,3
Alexander Golden,Homme,Belgique,53.0,37487.84,Familial,33.9,23,Mobile,2025-02-21 04:58:02,0,4,2
Brett Aguilar,Homme,Algérie,26.0,19025.63,Premium,34.1,23,Tablette,2025-05-06 07:24:11,0,1,5
Melvin Potts,Homme,France,32.0,30613.76,Premium,6.5,31,SmartTV,2025-04-11 10:06:03,0,4,4
Mary Golden,Homme,Maroc,32.0,41875.9,Standard,6.3,35,Mobile,2025-05-01 16:32:50,1,3,5
Peter Kelly,Homme,Belgique,31.0,36111.6,Standard,48.7,28,SmartTV,2025-02-13 19:40:46,1,3,2
Madison Andrade,Homme,Algérie,35.0,35612.66,Familial,13.0,27,Mobile,2025-02-12 16:29:17,0,2,2
Alison Whitehead,Femme,Canada,47.0,31334.79,Premium,2.9,31,SmartTV,2025-07-04 13:49:59,0,4,7
Tiffany Holt,Homme,Canada,20.0,51668.72,Premium,13.7,30,Inconnu,2025-04-16 22:38:06,1,2,4
Samantha Price,Femme,Algérie,52.0,23852.46,Standard,3.0,31,PC,2025-04-08 09:11:59,0,1,4
Anthony Flowers,Homme,Belgique,61.0,51418.62,Standard,57.2,15,SmartTV,2025-03-11 06:30:55,0,1,3
Ian Gordon,Homme,Belgique,29.0,31446.67,Familial,3.9,22,PC,2025-03-10 07:43:55,0,0,3
Christopher Khan,Homme,Belgique,56.0,40078.58,Premium,19.2,18,SmartTV,2025-05-29 06:30:33,1,3,5
Ethan Williams,Homme,Belgique,51.0,23098.03,Premium,3.8,31,SmartTV,2025-07-03 11:00:10,1,3,7
Tina Anderson,Femme,France,33.0,35959.54,Standard,27.0,22,Mobile,2025-02-28 03:16:11,0,4,2
Vanessa Cook,Homme,Belgique,65.0,45367.66,Premium,30.0,19,PC,2025-04-23 19:48:02,0,2,4
Oscar Wright,Homme,Belgique,28.0,40723.01,Premium,54.1,36,SmartTV,2025-05-08 01:02:34,0,3,5
Debbie Parker,Femme,Canada,38.0,33581.71,Premium,20.8,31,Mobile,2025-03-25 04:37:25,0,1,3
John Martinez,Homme,France,38.0,20181.52,Premium,4.7,28,SmartTV,2025-05-25 18:08:56,1,6,5
Nicole Henson,Femme,Maroc,63.0,49302.18,Premium,18.0,30,SmartTV,2025-06-15 04:05:59,0,6,6
Michael Montgomery,Femme,Canada,65.0,54444.53,Premium,0.1,22,Tablette,2025-03-17 02:48:33,0,0,3
Cory Thompson,Homme,Algérie,43.761429322122964,41528.62,Premium,1.9,18,Tablette,2025-02-21 23:02:06,0,4,2
David Chavez,Femme,France,48.0,28907.71,Standard,34.0,23,PC,2025-03-23 16:35:01,1,6,3
Michael Brooks,Femme,Belgique,43.761429322122964,47697.04,Standard,10.1,29,SmartTV,2025-04-18 19:06:51,0,4,4
Robert Dunn,Homme,Canada,31.0,38839.2,Premium,3.5,21,SmartTV,2025-03-12 11:44:37,0,2,3
Derrick Wilson,Homme,Belgique,23.0,36846.23,Familial,14.36419689119171,27,Mobile,2025-01-16 16:04:29,0,3,1
Stephanie Acosta,Homme,Maroc,27.0,51816.79,Standard,1.2,26,PC,2025-02-12 16:44:16,1,2,2
Kelly Ochoa,Femme,Canada,21.0,41807.16,Standard,9.9,26,PC,2025-01-15 11:31:17,0,2,1
Dr. John West,Homme,Canada,57.0,36220.71,Familial,13.7,23,Mobile,2025-03-02 02:12:32,0,6,3
Tyler Bullock,Homme,Belgique,21.0,46655.81,Standard,23.6,25,SmartTV,2025-03-24 13:15:18,0,0,3
Patrick Giles,Homme,Algérie,23.0,51274.82,Standard,0.0,25,Mobile,2025-07-07 16:37:50,0,0,7
Kathryn Parsons,Femme,Canada,40.0,47621.33,Familial,3.5,24,SmartTV,2025-03-04 16:51:36,0,1,3
Jessica Hickman,Femme,Maroc,30.0,34412.24,Premium,13.1,20,SmartTV,2025-07-07 12:22:40,0,0,7
Karen King,Homme,Maroc,27.0,22038.1,Standard,1.0,25,PC,2025-06-05 09:19:11,0,3,6
Jesse Thomas,Non précisé,France,65.0,17609.37,Premium,3.8,29,Mobile,2025-03-08 13:11:00,1,5,3
Sylvia Price,Homme,France,55.0,45850.7,Standard,2.5,40,Mobile,2025-05-16 08:34:04,1,4,5
Charles Watson,Femme,Algérie,28.0,38939.14,Premium,51.5,28,SmartTV,2025-06-14 01:18:37,1,5,6
Rhonda Davis,Femme,Belgique,61.0,16893.26,Standard,5.1,18,SmartTV,2025-06-07 16:04:09,0,5,6
Jared James,Homme,Canada,23.0,51963.49,Standard,26.3,25,Mobile,2025-04-29 20:02:33,0,1,4
Madison Cruz,Femme,Belgique,28.0,33944.74,Standard,1.4,25,Mobile,2025-05-22 04:18:06,0,3,5
Stephen Hill,Femme,Canada,27.0,34018.43,Premium,30.6,16,SmartTV,2025-01-21 04:26:48,0,1,1
Jessica Long,Femme,Belgique,30.0,42362.22,Standard,5.7,18,Mobile,2025-02-15 00:09:03,0,5,2
Erik Evans,Homme,Canada,40.0,53841.47,Standard,11.2,35,Mobile,2025-05-10 05:39:01,1,5,5
Tyler Grant,Femme,Belgique,64.0,28866.32,Premium,7.9,31,SmartTV,2025-01-13 15:50:32,1,0,1
Nicholas Powers,Homme,France,68.0,38068.78,Familial,25.5,25,Mobile,2025-01-01 03:21:06,0,2,1
Natalie Martinez,Homme,France,24.0,40728.87,Standard,12.3,20,PC,2025-03-26 11:53:32,0,2,3
Tyler Keller,Non précisé,Algérie,63.0,59030.37,Standard,0.4,28,Tablette,2025-05-17 19:20:55,0,5,5
Tyler Maynard III,Femme,Maroc,22.0,39774.61,Premium,0.8,25,PC,2025-06-10 00:19:05,1,1,6
Stephanie Baker,Homme,Belgique,52.0,38043.26,Standard,9.1,26,Mobile,2025-05-11 10:28:59,0,6,5
Valerie Beltran,Homme,Belgique,59.0,49073.38,Premium,12.8,19,SmartTV,2025-05-14 08:26:33,1,2,5
Austin Miller,Homme,Algérie,46.0,35295.29,Premium,4.3,20,PC,2025-02-09 13:13:35,1,6,2
Christine Carroll,Homme,Belgique,24.0,42537.56,Standard,23.1,28,PC,2025-06-28 21:39:17,0,5,6
Keith Carroll,Femme,Algérie,25.0,29890.83,Familial,52.4,20,Mobile,2025-04-21 10:02:39,0,0,4
Heather Allen,Homme,Maroc,44.0,56009.55,Premium,3.5,22,Mobile,2025-03-08 11:54:45,0,5,3
Joseph Fernandez,Femme,Algérie,40.0,55112.82,Premium,40.8,22,Tablette,2025-03-23 08:22:44,0,6,3
Eric Adkins,Homme,Canada,67.0,48688.03,Premium,20.7,30,PC,2025-04-27 09:57:53,0,6,4
Kenneth Martin,Homme,Maroc,59.0,37924.73,Standard,6.3,32,Mobile,2025-01-14 22:38:41,0,1,1
David Howell,Homme,Algérie,56.0,41117.65,Standard,6.1,30,SmartTV,2025-03-21 06:29:21,1,4,3
Eric Ramirez,Non précisé,Maroc,51.0,48179.57,Premium,5.3,31,Tablette,2025-05-01 08:02:00,0,3,5
Gabriella Bradley,Femme,Canada,47.0,35272.34,Standard,3.6,23,PC,2025-04-05 05:44:42,0,5,4
Katelyn Lee,Homme,Algérie,64.0,37872.13,Standard,13.4,24,Mobile,2025-02-14 16:37:10,0,4,2
James Ward,Homme,Maroc,40.0,43034.71,Familial,21.5,19,Mobile,2025-01-13 14:54:42,0,0,1
Jack Perry,Femme,Maroc,62.0,40910.14,Standard,32.2,35,Mobile,2025-04-03 17:00:13,0,3,4
Tammy Anderson,Homme,Maroc,57.0,29884.98,Premium,3.3,22,SmartTV,2025-03-15 04:21:07,1,5,3
John Harrington,Homme,Maroc,30.0,16904.87,Premium,15.4,30,Inconnu,2025-01-26 08:11:24,0,6,1
Adam Wheeler,Homme,Maroc,18.0,47294.99,Premium,14.36419689119171,28,PC,2025-03-30 04:46:18,0,6,3
Ashley Ross,Femme,Algérie,67.0,37221.41,Familial,3.0,24,Mobile,2025-01-03 22:39:49,0,4,1
Michaela Walker,Femme,Algérie,63.0,66002.61,Premium,0.8,28,Tablette,2025-01-12 05:36:48,0,6,1
Alicia Crawford,Homme,France,51.0,34957.13,Standard,7.5,26,Tablette,2025-02-19 01:47:02,1,2,2
Maxwell French,Femme,Canada,34.0,54230.9,Standard,27.3,28,Tablette,2025-06-15 01:16:55,0,6,6
Justin Harris,Homme,France,49.0,40728.87,Standard,23.9,29,SmartTV,2025-02-15 21:22:29,0,5,2
Lisa Barber,Femme,France,39.0,23083.85,Premium,2.8,24,Mobile,2025-03-31 12:28:58,0,0,3
Michelle Williams,Homme,Canada,66.0,53809.62,Standard,22.8,31,Mobile,2025-04-16 16:37:39,0,2,4
Amber Mendez,Femme,Algérie,37.0,40728.87,Premium,8.6,28,PC,2025-03-10 22:24:13,0,0,3
Craig Ali,Femme,Canada,69.0,50315.56,Premium,7.6,21,PC,2025-01-13 05:28:45,0,0,1
Derrick Burgess,Femme,France,55.0,32292.1,Standard,12.5,30,Mobile,2025-05-11 17:59:15,0,6,5
Christina Payne,Homme,Canada,50.0,32009.18,Premium,27.6,20,Mobile,2025-06-28 17:24:20,0,5,6
Zachary Hamilton,Femme,Algérie,35.0,22066.39,Premium,4.5,19,Mobile,2025-03-15 13:17:43,0,5,3
Peter Williams,Femme,Canada,57.0,17031.93,Premium,21.2,22,SmartTV,2025-03-09 00:11:00,0,6,3
Pamela Larson,Femme,Canada,23.0,33038.47,Premium,3.3,21,Inconnu,2025-05-11 05:12:27,0,6,5
Taylor Thompson,Homme,Belgique,61.0,48956.74,Standard,1.3,33,SmartTV,2025-04-07 22:09:45,1,0,4
Latasha Bennett,Femme,Belgique,38.0,43183.94,Standard,13.1,21,Tablette,2025-06-24 16:35:54,0,1,6
Robin Smith,Homme,Algérie,40.0,37347.42,Standard,9.0,18,PC,2025-05-29 08:26:15,0,3,5
Kristen Graham,Femme,France,46.0,16605.59,Premium,8.8,28,SmartTV,2025-01-25 16:33:01,0,5,1
Michael Yang,Homme,Algérie,68.0,42011.08,Familial,8.1,19,SmartTV,2025-03-25 12:10:07,0,1,3
Samantha Johnson,Femme,Algérie,67.0,40728.87,Premium,10.8,23,Mobile,2025-04-09 00:41:28,0,2,4
Melinda Jones,Femme,Maroc,63.0,48344.39,Standard,9.8,22,PC,2025-04-01 08:33:00,0,1,4
Stacy Robinson,Femme,Maroc,46.0,40728.87,Standard,8.7,29,Mobile,2025-05-23 04:50:20,0,4,5
John Kennedy,Non précisé,Maroc,60.0,67860.58,Premium,0.6,25,SmartTV,2025-06-15 20:22:34,0,6,6
Michael Baker,Femme,Belgique,42.0,49746.29,Standard,2.5,32,Mobile,2025-02-09 23:02:09,1,6,2
Justin King,Femme,Algérie,33.0,40214.98,Standard,2.6,30,Mobile,2025-02-16 22:49:23,0,6,2
Michelle Collins,Femme,Algérie,52.0,41497.39,Familial,1.8,16,SmartTV,2025-01-29 21:28:15,0,2,1
Jordan Schultz,Homme,Algérie,42.0,40728.87,Standard,22.0,32,Mobile,2025-02-27 11:56:41,1,3,2
Evelyn Clark,Homme,Algérie,32.0,51272.36,Familial,7.4,28,SmartTV,2025-05-26 14:57:41,0,0,5
Gregory Lane,Homme,Canada,42.0,61025.25,Premium,4.1,36,Mobile,2025-07-07 22:56:11,0,0,7
Tracey Leach,Homme,Algérie,24.0,28101.44,Standard,15.2,23,Mobile,2025-04-03 13:47:50,1,3,4
Tyler Valencia,Homme,France,26.0,41096.44,Standard,2.2,32,Mobile,2025-01-29 04:05:42,0,2,1
Matthew Armstrong,Homme,Belgique,46.0,63180.8,Premium,11.1,25,SmartTV,2025-04-18 08:59:49,0,4,4
Sarah Weber,Femme,France,69.0,33061.2,Premium,0.1,20,PC,2025-03-25 23:48:15,0,1,3
Brandon Norton,Non précisé,Algérie,51.0,33278.03,Standard,5.0,25,Mobile,2025-01-25 21:52:49,0,5,1
Dr. Rhonda Rivers,Homme,Algérie,29.0,38207.74,Familial,1.9,19,SmartTV,2025-03-21 22:36:17,1,4,3
Tammy Ponce,Femme,Canada,43.761429322122964,53981.48,Premium,2.9,23,SmartTV,2025-05-20 05:55:16,0,1,5
Andrea Howell,Homme,Algérie,29.0,24953.17,Standard,14.36419689119171,22,Mobile,2025-04-25 10:52:29,1,4,4
Jason Odonnell,Femme,France,18.0,52097.65,Standard,5.9,29,SmartTV,2025-03-05 01:22:05,0,2,3
Scott Erickson,Femme,Belgique,43.761429322122964,19898.1,Standard,9.7,22,PC,2025-03-03 14:49:23,0,0,3
Anthony Long,Homme,Maroc,64.0,59628.22,Standard,5.8,21,PC,2025-04-02 21:26:22,0,2,4
Cody Daniels,Homme,Belgique,43.0,36507.3,Standard,37.3,29,SmartTV,2025-04-26 23:18:56,1,5,4
Rebecca Underwood,Femme,Canada,32.0,42626.11,Standard,12.6,31,PC,2025-05-22 03:04:43,0,3,5
Aaron Nelson,Femme,Maroc,43.761429322122964,51452.58,Premium,10.7,24,Mobile,2025-03-24 07:58:26,1,0,3
Daniel Thomas,Femme,France,57.0,36515.13,Standard,16.5,33,SmartTV,2025-01-24 04:47:45,0,4,1
Brittney Mccarthy,Femme,France,44.0,41696.11,Familial,13.3,25,PC,2025-05-27 06:53:22,0,1,5
Sarah Newman,Femme,Maroc,47.0,35235.05,Standard,14.0,26,Mobile,2025-05-21 11:37:23,0,2,5
Jennifer Murphy,Homme,Canada,55.0,33024.32,Standard,14.36419689119171,23,SmartTV,2025-01-24 21:01:02,1,4,1
Matthew Alvarez,Homme,Maroc,49.0,47607.8,Standard,36.5,24,PC,2025-05-23 16:12:08,0,4,5
Krystal Richards,Femme,Belgique,55.0,17784.26,Standard,0.8,30,PC,2025-04-04 01:48:02,0,4,4
Caleb Alvarado,Homme,Belgique,44.0,37293.34,Standard,13.4,28,SmartTV,2025-05-27 04:01:40,0,1,5
Nicole Perry,Homme,Canada,43.761429322122964,28208.28,Premium,30.9,35,PC,2025-06-09 02:26:01,1,0,6
Anthony Smith,Femme,Belgique,50.0,41846.81,Premium,12.8,22,Mobile,2025-05-06 09:04:50,0,1,5
Stephen Garcia,Femme,Algérie,46.0,49369.41,Premium,16.5,21,SmartTV,2025-03-26 17:17:31,0,2,3
Anthony Jones,Homme,France,48.0,22866.65,Familial,20.8,32,Mobile,2025-01-24 17:18:32,1,4,1
Cynthia Wade,Femme,Belgique,38.0,48669.5,Standard,1.3,20,PC,2025-07-08 03:25:27,0,1,7
Robert Bennett,Femme,Maroc,56.0,57928.71,Premium,4.5,21,SmartTV,2025-06-28 07:48:52,1,5,6
Mary Gardner,Homme,Canada,53.0,47483.66,Premium,13.2,21,PC,2025-05-28 08:17:48,0,2,5
Larry Lara,Homme,France,24.0,34739.37,Premium,8.3,22,SmartTV,2025-05-27 23:40:27,0,1,5
John Brown,Homme,Maroc,29.0,45305.72,Premium,1.7,22,SmartTV,2025-01-16 08:52:02,1,3,1
Christine Dominguez,Femme,Belgique,69.0,49053.59,Premium,1.7,30,SmartTV,2025-01-17 23:16:56,0,4,1
Omar Mitchell,Homme,Maroc,67.0,40728.87,Premium,13.9,23,Mobile,2025-05-15 19:31:46,0,3,5
Carrie Nguyen,Homme,Canada,44.0,45324.6,Premium,9.2,25,SmartTV,2025-06-26 11:12:03,0,3,6
Vincent Cox,Homme,France,46.0,32091.63,Premium,12.5,19,Mobile,2025-04-27 11:55:26,0,6,4
Michael Flores,Femme,Canada,26.0,35677.63,Familial,0.3,18,Inconnu,2025-04-09 19:29:53,0,2,4
Sean Martin,Homme,France,29.0,40728.87,Standard,14.36419689119171,26,PC,2025-06-09 07:39:11,0,0,6
Jason Jackson,Femme,Belgique,44.0,37195.92,Premium,3.5,25,Mobile,2025-06-23 23:30:58,0,0,6
Rachel Morgan,Homme,Belgique,41.0,52914.14,Premium,22.8,31,SmartTV,2025-02-14 06:32:38,0,4,2
Kenneth Howard,Homme,Canada,24.0,46713.85,Premium,18.3,36,PC,2025-03-27 06:21:33,0,3,3
Randy Chaney,Femme,Belgique,49.0,51170.82,Familial,1.6,18,Mobile,2025-02-22 02:22:50,0,5,2
Kelly Goodman,Femme,Maroc,43.761429322122964,43034.18,Standard,4.6,31,SmartTV,2025-04-20 16:09:52,0,6,4
Michael Glover,Femme,Maroc,34.0,59179.45,Premium,8.2,24,SmartTV,2025-01-29 02:11:13,0,2,1
Kristen Diaz,Homme,Belgique,66.0,38884.15,Standard,22.1,30,Mobile,2025-06-02 16:13:18,0,0,6
Alex Smith,Homme,Maroc,30.0,35036.61,Standard,43.3,31,Mobile,2025-03-16 04:47:09,0,6,3
Kenneth Wright,Femme,Belgique,49.0,40728.87,Standard,14.2,24,Mobile,2025-04-09 19:08:02,0,2,4
Gavin Curry,Homme,Canada,32.0,28111.44,Premium,9.1,21,Inconnu,2025-01-23 08:34:44,0,3,1
Johnny Johnson,Femme,France,47.0,50650.9,Standard,4.6,19,Mobile,2025-02-19 12:25:47,1,2,2
Joseph Banks,Femme,Belgique,57.0,25421.78,Familial,26.1,25,PC,2025-04-11 02:25:06,0,4,4
John Burke,Femme,France,56.0,32639.36,Familial,1.2,20,Mobile,2025-06-18 12:30:04,0,2,6
James Tucker,Femme,France,41.0,58859.45,Premium,49.7,22,SmartTV,2025-01-04 08:24:37,0,5,1
Katie Palmer,Femme,Canada,52.0,53714.99,Standard,0.5,25,Mobile,2025-07-04 03:51:04,0,4,7
Melanie Ferguson,Homme,Belgique,32.0,41733.74,Premium,27.8,21,SmartTV,2025-06-03 15:38:21,0,1,6
Timothy Murphy,Femme,Maroc,43.761429322122964,38185.57,Familial,20.0,26,SmartTV,2025-05-24 22:40:18,1,5,5
Brenda Kelley,Femme,Maroc,33.0,23930.89,Standard,11.1,34,SmartTV,2025-03-29 14:59:13,0,5,3
James Weaver,Homme,France,22.0,15885.28,Premium,15.2,27,SmartTV,2025-01-24 15:38:42,1,4,1
Jeffery Jones,Femme,France,64.0,43550.06,Standard,8.9,23,Mobile,2025-01-10 12:03:04,0,4,1
Jennifer Dunlap,Homme,Algérie,41.0,42559.23,Standard,9.4,19,Mobile,2025-06-12 01:06:12,0,3,6
Mr. Joshua Grimes MD,Homme,Canada,24.0,54534.76,Premium,0.7,25,PC,2025-04-14 09:47:13,1,0,4
Dylan Delacruz,Femme,Canada,35.0,46980.54,Standard,18.4,24,PC,2025-05-04 09:05:32,0,6,5
Briana Garcia,Homme,Algérie,50.0,62415.51,Standard,3.0,20,SmartTV,2025-03-18 21:50:34,0,1,3
Jennifer Horne,Homme,France,59.0,29900.71,Premium,14.36419689119171,23,SmartTV,2025-02-17 08:04:58,0,0,2
Scott Montgomery,Homme,Belgique,39.0,20750.33,Premium,3.6,24,SmartTV,2025-01-14 04:48:54,0,1,1
Isaiah Coleman,Homme,Algérie,36.0,35516.74,Standard,19.7,25,Tablette,2025-03-01 12:26:46,1,5,3
Angela Anderson,Homme,Maroc,23.0,40982.86,Premium,9.7,22,SmartTV,2025-05-12 16:34:09,0,0,5
Courtney Perry,Femme,Canada,31.0,58232.05,Standard,0.4,26,PC,2025-05-12 16:15:41,0,0,5
Jack Gonzalez,Femme,France,28.0,40728.87,Standard,0.9,31,SmartTV,2025-06-28 21:48:25,0,5,6
Matthew Simon,Homme,Maroc,62.0,55996.72,Familial,2.1,25,SmartTV,2025-05-03 11:21:01,0,5,5
Brian Nelson,Femme,Algérie,22.0,45330.42,Premium,20.3,23,SmartTV,2025-01-14 23:48:39,1,1,1
Christopher Hernandez,Femme,Canada,22.0,23831.88,Standard,23.0,27,PC,2025-05-27 21:48:35,0,1,5
Dennis Morris,Homme,Belgique,55.0,57764.45,Standard,2.7,33,SmartTV,2025-01-05 04:36:48,0,6,1
James Caldwell,Femme,France,31.0,35672.23,Premium,14.5,27,Mobile,2025-06-07 06:11:35,0,5,6
George Mathis,Homme,Maroc,54.0,41811.87,Standard,3.1,30,SmartTV,2025-05-08 11:44:40,0,3,5
Deanna Wilson,Homme,Belgique,21.0,30997.9,Premium,0.2,27,SmartTV,2025-04-19 06:36:52,0,5,4
Linda Young,Femme,France,57.0,35630.82,Standard,21.1,21,Mobile,2025-04-04 01:30:19,0,4,4
Kimberly Jimenez,Femme,France,63.0,41220.95,Familial,24.6,26,PC,2025-07-04 03:46:19,0,4,7
Carl Salazar,Femme,Belgique,19.0,32704.94,Premium,2.0,20,PC,2025-03-06 07:34:37,0,3,3
Darlene Weaver,Homme,Maroc,57.0,30111.63,Premium,23.5,31,Mobile,2025-03-03 14:28:48,1,0,3
Michael Munoz,Femme,Maroc,42.0,23610.35,Familial,38.9,22,PC,2025-06-19 08:55:09,0,3,6
Alex Hammond,Femme,Canada,58.0,37192.55,Premium,24.4,27,SmartTV,2025-05-29 19:40:50,0,3,5
Henry Cherry,Homme,Algérie,52.0,55670.33,Standard,6.0,27,PC,2025-06-07 03:57:19,0,5,6
Patrick Hobbs,Femme,Belgique,22.0,51689.42,Standard,9.2,21,Mobile,2025-04-17 14:58:35,1,3,4
Martin Russell,Femme,Algérie,36.0,40728.87,Premium,2.9,25,Mobile,2025-06-05 15:37:59,0,3,6
Dr. Beth Jones,Non précisé,Maroc,40.0,44755.21,Standard,5.7,27,Mobile,2025-06-26 15:34:47,0,3,6
Ronnie Reyes,Femme,Canada,41.0,47402.33,Standard,8.5,22,Mobile,2025-02-22 08:39:08,0,5,2
Peggy Phillips,Homme,Canada,18.0,52670.11,Standard,8.7,24,SmartTV,2025-07-08 02:35:28,0,1,7
Victoria Fry,Femme,Maroc,43.0,45522.87,Standard,9.5,20,Mobile,2025-03-30 12:34:24,0,6,3
Ann Pearson,Homme,Maroc,37.0,60347.35,Premium,36.3,19,PC,2025-02-12 00:57:07,0,2,2
Linda Rodriguez,Femme,Maroc,43.761429322122964,57648.44,Familial,3.4,26,Mobile,2025-03-22 06:04:10,0,5,3
Christopher Lucero,Homme,Maroc,27.0,48790.47,Standard,39.3,28,Inconnu,2025-02-28 17:11:23,0,4,2
Dr. Michele Maldonado MD,Homme,Canada,42.0,38463.39,Premium,38.4,30,Mobile,2025-03-02 11:20:27,0,6,3
Terry Carr,Homme,Canada,47.0,21109.48,Standard,11.4,24,SmartTV,2025-02-09 15:55:47,1,6,2
Jacqueline Roman,Homme,Canada,68.0,42239.38,Premium,0.6,21,Mobile,2025-04-23 11:42:57,0,2,4
Sarah Martinez,Homme,Canada,62.0,65854.98,Standard,21.1,18,Mobile,2025-06-14 09:59:45,1,5,6
Jack Rodriguez Jr.,Homme,Maroc,48.0,31742.91,Premium,7.3,30,Mobile,2025-05-18 16:35:28,0,6,5
Amanda Hammond,Femme,Maroc,38.0,40620.49,Premium,3.3,26,PC,2025-01-12 05:14:47,0,6,1
Jeffrey Austin,Non précisé,Canada,50.0,38217.44,Standard,16.4,21,Mobile,2025-04-12 07:12:21,0,5,4
Logan Patterson,Homme,Maroc,63.0,47171.93,Standard,12.6,22,SmartTV,2025-05-24 09:42:50,1,5,5
Amanda Rodriguez,Femme,Belgique,47.0,57530.84,Standard,35.5,29,SmartTV,2025-07-05 12:23:01,0,5,7
Kristen Smith,Homme,France,50.0,35846.3,Premium,4.0,24,SmartTV,2025-04-05 03:12:10,0,5,4
Deborah Phillips,Femme,Algérie,29.0,17206.54,Standard,25.0,27,Mobile,2025-05-05 23:53:26,0,0,5
William Ruiz,Femme,France,37.0,37706.95,Standard,14.1,27,Tablette,2025-03-24 01:18:49,1,0,3
Mandy Fernandez,Femme,Canada,69.0,40728.87,Premium,17.9,20,Mobile,2025-03-03 06:08:57,0,0,3
Corey Woods,Homme,Algérie,69.0,49604.24,Standard,14.5,19,Tablette,2025-02-03 09:56:15,0,0,2
Kenneth Andersen,Homme,Maroc,55.0,53927.98,Standard,12.4,24,Mobile,2025-03-12 23:37:31,0,2,3
Veronica Manning,Homme,Canada,38.0,40728.87,Standard,16.3,24,PC,2025-06-10 09:08:40,1,1,6
Rebecca Williams,Homme,Canada,39.0,40695.7,Familial,19.4,24,Mobile,2025-06-19 00:43:43,0,3,6
Kimberly Castillo,Femme,Canada,29.0,59171.11,Premium,17.1,25,PC,2025-04-09 21:45:43,1,2,4
Mariah Simmons,Homme,Canada,57.0,44579.15,Premium,5.4,23,SmartTV,2025-07-04 20:43:31,1,4,7
David James,Femme,Maroc,22.0,41660.12,Standard,19.9,19,Tablette,2025-05-07 18:26:59,1,2,5
Eric Jennings,Homme,Belgique,22.0,37888.05,Standard,25.7,20,PC,2025-01-06 17:03:11,1,0,1
Joseph Cisneros,Homme,Maroc,66.0,55246.97,Familial,53.6,26,SmartTV,2025-01-17 16:45:03,0,4,1
Emily Clarke,Homme,Algérie,57.0,53906.11,Standard,13.8,26,SmartTV,2025-06-07 17:05:51,0,5,6
Peter Stark,Homme,Belgique,39.0,32791.55,Standard,14.36419689119171,19,Mobile,2025-02-12 02:10:22,0,2,2
Valerie Maldonado,Homme,Canada,47.0,35427.25,Standard,6.1,34,Mobile,2025-06-06 16:32:19,1,4,6
Jessica Johnson,Femme,Belgique,47.0,40728.87,Familial,9.8,24,Mobile,2025-05-17 21:19:33,0,5,5
Ronald Martin,Femme,Algérie,36.0,45875.9,Premium,12.8,20,Tablette,2025-05-08 21:22:27,0,3,5
Stacy Elliott,Homme,Belgique,23.0,49052.42,Premium,1.5,25,Mobile,2025-06-03 23:17:07,0,1,6
Heather Saunders,Homme,Belgique,19.0,31128.43,Premium,7.6,25,SmartTV,2025-04-28 10:19:00,0,0,4
Pedro Torres,Femme,Canada,68.0,40728.87,Standard,16.5,20,PC,2025-02-14 18:59:36,0,4,2
William Jackson,Femme,Maroc,43.761429322122964,46908.99,Premium,5.2,29,Mobile,2025-05-27 07:57:33,1,1,5
Phillip Lawson,Homme,Algérie,20.0,51474.0,Familial,5.2,28,SmartTV,2025-05-30 22:55:38,0,4,5
Thomas Noble,Homme,Maroc,66.0,40447.82,Premium,0.1,19,Mobile,2025-03-10 15:17:53,0,0,3
Wesley Wells,Homme,Algérie,55.0,42345.16,Standard,19.8,18,Mobile,2025-04-23 03:18:29,0,2,4
Brian Green,Homme,Belgique,42.0,42151.82,Premium,0.8,23,SmartTV,2025-01-24 05:08:54,0,4,1
Brandon Reed,Homme,Algérie,61.0,48213.92,Standard,3.3,28,SmartTV,2025-04-10 12:40:27,1,3,4
Sharon Williams,Femme,Maroc,51.0,24879.91,Standard,3.2,25,Mobile,2025-04-27 05:24:23,0,6,4
Thomas Wilson,Femme,France,44.0,43612.88,Premium,0.6,21,SmartTV,2025-05-16 21:50:20,0,4,5
Melissa Simmons,Femme,France,62.0,34321.06,Familial,32.4,28,PC,2025-05-19 08:54:50,0,0,5
Gregory Miles,Homme,Algérie,59.0,40896.3,Standard,4.8,16,Mobile,2025-03-24 05:09:10,0,0,3
Erica Moran,Femme,Maroc,67.0,27758.21,Premium,15.7,26,Tablette,2025-01-20 19:21:36,0,0,1
Jose Tanner,Homme,Maroc,50.0,34649.45,Familial,10.5,34,Mobile,2025-03-24 08:06:33,0,0,3
Scott Phillips,Homme,Belgique,32.0,35584.74,Standard,20.6,23,Mobile,2025-01-27 04:05:04,0,0,1
Alan Mcguire,Homme,Belgique,34.0,52737.38,Premium,16.0,24,Mobile,2025-03-04 07:48:16,1,1,3
Parker Pham,Femme,Algérie,58.0,43203.09,Standard,9.0,27,SmartTV,2025-05-05 15:54:42,1,0,5
Eric Riley,Homme,France,40.0,39098.99,Familial,10.3,21,Mobile,2025-06-16 13:45:03,1,0,6
Melissa Ryan,Femme,Maroc,46.0,36251.11,Familial,5.6,19,PC,2025-04-06 07:57:04,0,6,4
Edward Adkins,Femme,France,37.0,40728.87,Standard,16.4,33,PC,2025-04-03 21:42:06,0,3,4
Brandy Perez,Femme,Belgique,48.0,9518.9,Standard,3.1,26,Mobile,2025-05-29 19:23:35,0,3,5
William Abbott,Femme,Algérie,26.0,35768.17,Standard,14.36419689119171,39,SmartTV,2025-03-14 09:38:27,0,4,3
Zachary Vaughn,Homme,France,34.0,33883.64,Premium,19.5,22,Mobile,2025-03-14 16:33:08,0,4,3
Andrew Hill,Homme,Maroc,19.0,36785.01,Premium,53.4,17,Mobile,2025-01-23 10:04:15,0,3,1
Francisco Chaney PhD,Homme,Belgique,40.0,62309.59,Standard,1.7,29,PC,2025-02-03 13:05:47,1,0,2
Michael Adams,Homme,Maroc,25.0,26641.96,Standard,12.9,30,SmartTV,2025-06-12 06:19:58,1,3,6
Samantha Bell,Homme,Algérie,59.0,28905.34,Standard,5.8,25,Mobile,2025-05-10 17:27:02,0,5,5
Stephen Shaw,Femme,France,41.0,51211.94,Standard,8.9,26,Tablette,2025-05-21 19:51:27,0,2,5
Laura Thompson,Homme,France,60.0,46763.61,Standard,5.3,27,Mobile,2025-06-01 03:28:56,0,6,6
James Monroe,Homme,Algérie,66.0,34090.7,Familial,5.2,20,Mobile,2025-05-20 07:58:52,1,1,5
John Espinoza,Femme,Maroc,21.0,37704.67,Standard,2.9,25,Mobile,2025-06-23 18:40:35,0,0,6
Holly Vazquez,Femme,Belgique,48.0,45867.42,Premium,19.3,22,Mobile,2025-05-08 01:34:55,0,3,5
David Jenkins,Homme,Algérie,53.0,38143.24,Premium,31.9,29,PC,2025-05-26 18:40:19,0,0,5
Barbara Hanna,Femme,Canada,48.0,60112.82,Premium,15.7,22,PC,2025-03-09 17:48:59,0,6,3
Eric Martinez,Femme,France,35.0,52031.66,Standard,17.4,18,PC,2025-05-12 23:05:28,0,0,5
Alexander Santos,Femme,Canada,44.0,20271.45,Familial,10.0,25,PC,2025-05-30 12:49:41,0,4,5
Bridget Day,Homme,France,53.0,70783.59,Familial,1.7,33,Mobile,2025-03-10 12:51:35,0,0,3
Cynthia Preston,Homme,Canada,65.0,57043.91,Standard,31.0,25,Mobile,2025-03-07 17:00:45,0,4,3
Travis Caldwell,Homme,Maroc,43.0,31303.57,Familial,2.3,26,Mobile,2025-03-01 22:11:55,0,5,3
Connie Cox,Femme,France,54.0,45317.19,Standard,23.1,25,SmartTV,2025-05-13 06:49:51,1,1,5
Patrick Schmidt,Femme,Belgique,69.0,35433.75,Standard,7.9,20,Tablette,2025-02-05 16:29:41,0,2,2
Erica Morrow,Femme,Belgique,38.0,36947.21,Standard,18.2,18,Mobile,2025-02-05 21:55:03,0,2,2
Richard Stephens,Homme,France,44.0,38125.52,Standard,31.6,21,PC,2025-04-23 07:14:52,1,2,4
Megan Thompson DDS,Femme,Canada,45.0,42126.18,Standard,14.36419689119171,23,PC,2025-01-23 05:01:35,1,3,1
Deanna Brock,Femme,Canada,58.0,17453.72,Premium,12.1,23,PC,2025-03-31 02:42:35,0,0,3
Adam Savage,Homme,France,55.0,42123.51,Premium,14.4,32,SmartTV,2025-03-11 13:47:21,0,1,3
George Harrington,Homme,France,34.0,47017.27,Standard,2.5,20,Mobile,2025-01-15 04:44:57,1,2,1
Gregory Fletcher,Femme,France,23.0,37141.06,Familial,1.1,27,Mobile,2025-06-13 01:59:10,1,4,6
Cassandra Holt,Femme,Maroc,43.761429322122964,36491.55,Standard,8.7,22,SmartTV,2025-06-02 15:04:58,1,0,6
Cody Garcia,Femme,Algérie,32.0,46327.52,Standard,16.0,27,SmartTV,2025-02-08 12:26:57,0,5,2
