genre,pays,revenu_annuel,type_abonnement,duree_abonnement_mois,nb_connexions_mensuelles,churn,jour_semaine,mois,age_groupe
Femme,Belgique,44468.63234149816,Standard,4.8,19,1,6,6,40-50
Femme,Algérie,35873.999595514586,Familial,11.6,21,0,5,4,<20
Femme,France,64894.0468596948,Standard,11.7,31,0,2,1,50-60
Femme,Algérie,43743.00209431129,Standard,13.1,22,0,6,7,50-60
Femme,Maroc,58333.87882670954,Premium,1.1,18,0,2,4,60+
Femme,Belgique,47485.839170261366,Standard,26.5,21,0,6,4,50-60
Femme,Maroc,19418.032422829707,Premium,33.3,24,0,6,6,40-50
Femme,France,56977.17395303926,Standard,31.2,22,1,0,1,50-60
Homme,Maroc,50057.7093940536,Standard,3.9,20,0,2,5,20-30
Homme,Maroc,67126.60572947966,Premium,14.1,17,0,2,7,30-40
Homme,Maroc,23264.218105099764,Standard,16.4,35,1,6,1,50-60
Homme,Maroc,41176.63111228762,Premium,10.6,33,0,5,4,20-30
Homme,Canada,51273.70031935332,Familial,50.9,22,0,5,3,40-50
Femme,Belgique,69310.68045208344,Familial,15.0,17,1,6,6,60+
Femme,Maroc,63442.81554342605,Standard,17.9,20,0,3,1,40-50
Femme,Belgique,36031.374201437844,Standard,1.1,20,0,0,6,60+
Homme,Maroc,40766.995714283454,Standard,4.9,31,0,0,7,50-60
Femme,France,29735.56170293654,Standard,13.8,16,0,5,3,40-50
Femme,Maroc,44127.573044717654,Premium,5.5,21,1,6,5,50-60
Homme,Canada,39983.94349108576,Premium,17.6,22,0,2,2,20-30
Femme,Algérie,41381.602025930006,Standard,1.7,28,0,5,5,40-50
Femme,Belgique,43613.61567770789,Premium,13.4,35,0,4,5,30-40
Homme,Canada,48504.143593172,Premium,24.0,20,0,2,6,40-50
Homme,Canada,35698.76743470203,Premium,13.9,22,1,1,1,40-50
Femme,France,44446.98910288272,Familial,27.4,29,0,1,1,60+
Homme,Belgique,42438.51752637478,Standard,11.9,24,1,1,6,30-40
Homme,Canada,29150.269387429977,Standard,11.2,32,1,2,7,50-60
Homme,Belgique,39442.75151824069,Premium,1.2,23,1,6,5,50-60
Femme,Maroc,42724.08130741652,Familial,1.7,15,0,0,1,60+
Homme,Canada,8991.652674811565,Standard,11.4,34,0,2,4,60+
Femme,Canada,49918.8031615545,Standard,42.1,24,0,4,3,<20
Femme,France,47729.26974022899,Familial,16.2,33,0,0,4,40-50
Femme,France,61691.683902710574,Premium,14.36419689119171,23,0,3,5,60+
Femme,Canada,45015.055769682804,Familial,12.3,29,0,5,5,50-60
Femme,Algérie,53852.385767257445,Standard,1.7,25,0,1,4,<20
Homme,Maroc,59910.75834038659,Standard,0.2,26,0,1,4,30-40
Homme,Algérie,52233.290212744774,Familial,2.2,25,0,1,4,40-50
Femme,Maroc,45956.71207260853,Standard,31.8,27,0,4,6,50-60
Femme,Belgique,32544.965143651916,Premium,3.2,25,0,4,1,30-40
Femme,Maroc,52955.35007845659,Standard,3.3,25,0,5,2,60+
Femme,Maroc,31183.49693647079,Premium,0.4,23,0,3,1,20-30
Homme,Canada,20872.056657867128,Premium,6.1,25,0,0,1,50-60
Homme,France,44998.89796902392,Premium,3.9,23,1,4,1,50-60
Femme,Canada,37540.001828650245,Standard,48.8,30,1,1,6,<20
Homme,France,41368.17949072594,Standard,17.4,29,0,5,5,60+
Homme,Algérie,40173.77969167629,Standard,64.4,30,0,6,2,20-30
Femme,Maroc,32059.897810879564,Premium,7.4,23,1,4,3,40-50
Homme,Belgique,30828.955808784387,Premium,33.4,26,1,3,4,30-40
Homme,Canada,42984.86671095896,Standard,7.0,15,0,2,1,30-40
Homme,France,45647.44047946955,Premium,2.3,21,1,5,5,60+
Homme,Canada,68664.4942534181,Premium,13.0,26,0,5,2,50-60
Homme,Algérie,39978.66270708303,Standard,3.6,22,0,2,1,50-60
Femme,Algérie,50788.26407423335,Premium,35.8,19,0,0,6,50-60
Homme,Maroc,28594.37269653647,Familial,5.7,21,0,6,2,30-40
Homme,France,31081.04055744173,Familial,35.9,25,1,1,6,50-60
Femme,Canada,28191.891222797287,Standard,14.36419689119171,24,0,3,3,20-30
Femme,Belgique,53207.2660110509,Familial,3.2,26,0,2,6,40-50
Femme,France,33231.607212714116,Familial,6.5,27,0,4,2,40-50
Homme,Canada,35183.48807085227,Standard,1.5,20,0,4,1,<20
Homme,Maroc,24954.998741150823,Familial,0.2,20,0,6,1,30-40
Homme,Belgique,42542.67473046472,Standard,0.5,23,0,5,4,30-40
Non précisé,Algérie,38339.156486413165,Standard,9.3,29,0,2,4,40-50
Femme,France,42360.27143198681,Standard,34.4,26,1,3,2,40-50
Femme,France,52993.783699715066,Standard,34.4,23,0,4,5,30-40
Femme,Algérie,53489.47115814482,Standard,6.2,22,1,2,3,60+
Homme,Canada,41693.39538939398,Standard,2.4,25,0,3,1,50-60
Homme,Canada,40160.255940497926,Standard,48.1,17,1,5,4,50-60
Homme,Canada,48716.4826811921,Premium,55.2,27,0,5,6,60+
Homme,Canada,53162.05103343875,Standard,1.8,20,0,5,3,30-40
Femme,Maroc,49367.60687348168,Premium,9.2,25,1,3,2,30-40
Homme,Canada,63511.76422147968,Premium,3.7,32,1,6,4,20-30
Homme,Algérie,33563.06473161368,Familial,58.0,24,0,2,4,40-50
Femme,France,11641.354875334579,Standard,33.8,18,1,5,3,20-30
Femme,Algérie,44272.00224686626,Standard,19.0,23,0,0,6,40-50
Femme,Canada,43652.35056631443,Familial,22.6,20,0,5,1,40-50
Homme,France,28759.67001929909,Premium,12.6,21,1,6,4,30-40
Non précisé,France,47574.05780712872,Premium,11.0,29,0,2,6,50-60
Femme,Belgique,36088.18053482946,Standard,16.8,24,0,1,4,50-60
Homme,France,28419.396934719483,Standard,5.5,18,0,5,3,50-60
Femme,France,44588.367038787306,Premium,37.6,35,0,6,1,40-50
Femme,France,60736.728636958105,Standard,1.0,23,0,4,3,<20
Femme,Algérie,30321.030477925473,Premium,24.5,21,0,0,3,30-40
Homme,Belgique,44135.58119508823,Standard,0.4,23,0,3,2,30-40
Homme,Belgique,39687.72488817556,Premium,13.8,27,0,5,2,20-30
Homme,Algérie,31731.601571914325,Standard,22.4,24,0,2,2,20-30
Homme,Maroc,37862.24372275166,Familial,18.0,19,0,6,4,60+
Femme,Canada,52642.29635967066,Familial,6.2,28,1,0,2,20-30
Femme,Maroc,36092.43466096295,Premium,5.0,36,0,0,1,20-30
Homme,Algérie,66381.87958223814,Premium,1.2,21,1,6,6,20-30
Femme,Belgique,35816.18830751316,Premium,14.36419689119171,20,0,6,2,40-50
Femme,Belgique,42174.844877633615,Premium,9.8,25,0,3,7,40-50
Homme,Algérie,42774.40068065742,Standard,6.2,24,0,1,4,20-30
Homme,France,7722.891758482607,Standard,1.4,26,0,3,2,60+
Femme,Algérie,47433.577763228575,Premium,12.8,21,0,6,3,<20
Femme,Algérie,38155.69444105634,Standard,6.2,27,0,4,2,40-50
Femme,Algérie,22516.209085133378,Premium,38.6,18,0,5,1,30-40
Femme,France,42753.66296074858,Premium,10.1,27,0,3,3,40-50
Femme,France,38889.905280540166,Standard,28.4,28,0,5,5,30-40
Homme,Canada,52095.47967949412,Premium,12.1,19,1,3,2,20-30
Homme,Belgique,35497.30375782876,Premium,20.3,24,1,1,7,20-30
Femme,Canada,25979.415715923184,Standard,8.3,23,0,1,1,30-40
Homme,Canada,37918.675391732155,Familial,34.4,18,0,4,1,<20
Femme,France,43602.62602554249,Standard,38.1,17,0,6,7,40-50
Homme,Maroc,50903.65305940816,Premium,4.5,18,0,2,2,20-30
Homme,Canada,35388.9946506334,Familial,6.5,18,0,1,3,50-60
Homme,France,50686.691816994615,Familial,6.1,29,0,1,2,40-50
Femme,Algérie,26459.811336231283,Familial,3.4,27,0,0,2,20-30
Homme,France,44665.459393873854,Standard,8.3,30,1,4,3,50-60
Femme,Belgique,18112.018616109934,Premium,8.2,28,0,2,6,40-50
Homme,Algérie,28353.02415999782,Standard,14.36419689119171,24,1,3,1,<20
Homme,Canada,35821.49705900114,Standard,19.7,30,0,4,5,40-50
Femme,France,45311.87205249939,Standard,8.3,25,1,6,3,50-60
Femme,Canada,51399.318113586676,Premium,10.6,19,0,0,3,50-60
Femme,Maroc,45597.09569603142,Premium,5.3,19,1,3,4,40-50
Homme,Belgique,45344.09961216861,Standard,46.2,39,0,0,3,50-60
Femme,Belgique,27519.973025116364,Premium,8.6,21,0,2,3,50-60
Homme,Algérie,45385.44077151746,Familial,13.4,27,1,3,1,40-50
Femme,Belgique,55822.36810568563,Premium,0.2,25,0,0,4,50-60
Homme,Canada,40345.8689338654,Standard,22.6,25,1,6,2,20-30
Femme,France,51606.117451340986,Premium,27.5,37,1,4,1,20-30
Homme,Belgique,26839.3481877275,Familial,8.7,27,0,2,5,40-50
Homme,Maroc,64186.14196157965,Standard,17.6,16,0,3,1,20-30
Femme,Maroc,47335.600581319646,Standard,2.7,27,0,2,6,60+
Homme,Algérie,38587.859240851285,Familial,3.6,24,0,2,2,50-60
Femme,Maroc,47835.96430326378,Premium,14.2,26,1,4,6,60+
Femme,Algérie,36816.43891434827,Premium,1.3,25,1,2,3,40-50
Homme,Maroc,35900.792146960324,Standard,2.5,30,0,6,6,30-40
Homme,France,27954.90390643269,Familial,13.4,23,1,3,5,50-60
Homme,Canada,56087.97333056206,Premium,9.8,23,0,5,1,50-60
Homme,Belgique,46296.821134428945,Premium,1.4,25,0,6,1,20-30
Homme,France,51087.206063568316,Standard,0.8,30,0,0,2,40-50
Femme,Canada,32672.336469892234,Premium,14.36419689119171,34,1,0,2,40-50
Femme,Algérie,39432.293615815426,Premium,12.3,29,0,5,1,20-30
Femme,Algérie,38264.15012314824,Premium,14.0,29,0,5,1,60+
Femme,Algérie,29150.53590689258,Standard,6.5,31,0,3,6,40-50
Homme,Maroc,29335.248944813848,Standard,32.2,14,1,5,4,30-40
Femme,Maroc,41637.02501943364,Premium,6.0,19,0,4,1,30-40
Homme,Belgique,72147.71240590618,Premium,11.1,21,0,3,5,50-60
Femme,France,62311.06366251542,Premium,1.7,25,1,1,6,50-60
Homme,Belgique,36110.48886008109,Standard,14.36419689119171,29,1,6,6,30-40
Homme,Algérie,58701.600031369795,Premium,46.7,25,0,4,6,50-60
Homme,France,44234.857687297386,Standard,13.3,32,0,1,3,50-60
Femme,France,26666.46769919546,Premium,1.4,30,0,2,3,40-50
Femme,France,40630.696703105314,Premium,6.2,30,1,6,2,20-30
Femme,Belgique,18055.70960443359,Premium,19.3,27,1,2,3,50-60
Homme,Algérie,30691.494762242113,Standard,1.1,23,0,1,1,30-40
Homme,Belgique,40523.45576370275,Standard,23.1,33,0,1,4,60+
Femme,Algérie,62699.365580377176,Standard,7.7,39,1,3,2,20-30
Homme,Algérie,37752.572633059135,Premium,13.9,27,0,4,6,40-50
Femme,Canada,57022.03869985847,Standard,19.0,27,0,4,1,40-50
Femme,Canada,18437.41146606467,Standard,27.1,26,0,5,6,60+
Homme,Canada,20298.370227858577,Premium,12.9,24,0,2,1,20-30
Femme,Algérie,28530.56272633557,Standard,4.3,21,0,4,2,40-50
Homme,Maroc,10324.298826838894,Premium,8.9,25,0,1,3,20-30
Homme,Algérie,19162.974491060777,Premium,10.1,34,0,6,2,40-50
Femme,Canada,38886.73983196017,Standard,7.4,28,1,3,6,50-60
Homme,Canada,35130.73641918202,Familial,0.6,21,0,6,6,40-50
Homme,Algérie,41573.18849998133,Premium,15.9,26,0,5,4,60+
Homme,Algérie,31303.36148655348,Standard,10.7,22,0,6,1,20-30
Homme,Canada,33068.40683591204,Standard,1.1,31,0,4,5,30-40
Homme,Canada,34136.544950826596,Standard,12.9,28,0,4,1,30-40
Homme,Canada,40029.16039722657,Standard,1.0,22,0,0,4,60+
Non précisé,Canada,40599.55864130342,Premium,0.4,38,0,2,6,40-50
Femme,France,20372.06251014084,Standard,43.7,32,0,1,1,20-30
Non précisé,Algérie,40838.71297510867,Premium,2.3,26,0,2,1,30-40
Femme,Maroc,29465.628973337665,Premium,2.5,30,0,5,3,60+
Femme,France,41783.891319090064,Standard,9.0,33,0,3,3,30-40
Homme,Algérie,39017.98943729727,Standard,14.36419689119171,25,0,1,3,20-30
Femme,Maroc,38018.54222668949,Premium,31.5,24,0,5,5,20-30
Non précisé,Algérie,42480.57310802824,Familial,0.3,28,0,1,1,60+
Femme,France,4745.098425209574,Standard,14.36419689119171,28,0,3,1,50-60
Homme,Canada,42972.80280634492,Premium,26.2,17,0,0,6,30-40
Femme,Maroc,44636.81386228673,Familial,1.1,25,1,6,5,20-30
Homme,Algérie,17717.95990827619,Standard,22.8,24,0,6,3,<20
Homme,Belgique,33565.23434943321,Premium,1.8,25,0,3,6,20-30
Homme,France,24750.573446862592,Standard,34.8,23,0,1,3,40-50
Femme,Canada,26515.010580588252,Premium,17.6,32,1,1,2,30-40
Femme,Algérie,47640.7348380134,Premium,33.3,24,0,0,3,20-30
Femme,Belgique,29042.5244644853,Premium,2.1,32,0,4,7,40-50
Homme,Canada,34345.88002869571,Familial,9.0,27,0,1,5,30-40
Homme,Algérie,25507.172913071896,Familial,18.4,34,0,4,5,40-50
Homme,Canada,42868.99340874739,Premium,11.0,28,0,6,3,50-60
Homme,Maroc,37111.296282749696,Familial,4.3,32,0,4,5,40-50
Femme,Canada,39415.91376859423,Standard,6.4,24,0,1,4,50-60
Homme,Algérie,60100.79286675782,Premium,29.6,26,0,2,1,30-40
Femme,Canada,20975.158024427656,Standard,13.6,26,0,4,5,30-40
Homme,Maroc,37589.33399746945,Familial,17.2,19,0,1,7,<20
Homme,Maroc,46826.16867645677,Premium,1.1,30,0,4,5,50-60
Femme,Belgique,43540.653067297404,Standard,14.36419689119171,26,0,4,5,20-30
Homme,France,44407.53050661743,Familial,40.3,29,0,0,4,20-30
Homme,Canada,38704.76002378447,Standard,6.2,21,1,5,1,30-40
Homme,Maroc,53633.31199349993,Premium,15.2,22,0,1,2,30-40
Homme,Canada,36894.56871942284,Premium,6.2,21,0,3,2,<20
Femme,Belgique,47377.9489984603,Standard,0.6,22,0,4,5,30-40
Homme,France,43655.859956987726,Familial,7.6,25,0,4,1,60+
Femme,Algérie,36408.586457480225,Familial,9.9,22,0,3,1,60+
Homme,Belgique,44334.48122882864,Standard,3.6,22,1,4,7,60+
Femme,Algérie,8614.265535222692,Premium,31.7,21,1,5,3,60+
Femme,Belgique,21269.0099628296,Standard,4.4,21,1,1,5,30-40
Homme,Maroc,18044.283262751527,Premium,14.36419689119171,24,1,4,3,30-40
Femme,France,35421.30384329337,Standard,3.4,19,0,2,6,50-60
Homme,Canada,41493.61356720206,Standard,33.2,29,1,6,2,<20
Femme,Maroc,44320.67235339502,Premium,17.7,20,0,2,2,40-50
Homme,Algérie,36695.11423607546,Familial,15.6,21,1,5,4,40-50
Femme,Algérie,23981.870727161957,Premium,5.7,24,0,1,4,40-50
Homme,Belgique,23301.960873343793,Standard,21.5,18,1,2,4,<20
Femme,France,42567.45382796423,Standard,1.7,29,0,6,2,40-50
Femme,France,30468.85669747101,Standard,15.0,26,0,3,5,50-60
Femme,Algérie,24672.845023345406,Standard,4.0,28,0,0,2,30-40
Homme,Canada,55901.71734563345,Familial,18.7,20,0,2,6,30-40
Femme,Algérie,53758.564829401854,Familial,2.9,43,0,0,5,20-30
Homme,Canada,35919.85689763566,Premium,14.36419689119171,21,0,0,2,40-50
Homme,Belgique,29708.26059300609,Premium,12.6,22,0,2,6,30-40
Homme,Maroc,16230.21358421139,Standard,4.8,24,1,5,5,20-30
Homme,Belgique,29928.52931667532,Premium,25.1,25,0,5,7,20-30
Homme,France,60719.39966213458,Standard,9.5,24,0,5,5,20-30
Femme,France,39380.88870952136,Standard,4.8,21,0,6,1,40-50
Homme,Canada,40511.302040899165,Standard,5.5,25,0,1,5,60+
Homme,Maroc,46204.6810941932,Familial,19.3,27,0,3,2,50-60
Femme,Belgique,55145.981433104374,Premium,21.8,26,1,2,7,30-40
Femme,Algérie,71795.1907254379,Standard,6.9,27,0,5,7,60+
Homme,France,50248.162045385754,Premium,12.0,35,0,3,4,<20
Non précisé,Canada,45660.88978808379,Standard,21.0,31,0,1,4,20-30
Homme,Canada,58071.71707497584,Premium,29.0,18,1,3,6,40-50
Femme,France,31257.544475463754,Standard,11.5,20,0,5,2,20-30
Femme,Algérie,54313.77275367457,Standard,22.9,26,1,2,6,20-30
Homme,France,27829.739395188775,Premium,19.0,29,0,1,3,60+
Homme,France,25743.83116358056,Standard,3.9,24,0,1,4,20-30
Homme,Algérie,58070.23987438552,Premium,4.4,27,0,3,2,60+
Femme,Algérie,56172.51545950518,Premium,2.9,28,0,4,5,20-30
Femme,Belgique,45458.388972008615,Standard,3.9,24,1,3,1,50-60
Homme,Algérie,43277.258460875586,Standard,34.8,22,1,4,2,60+
Femme,Belgique,42553.92171646982,Premium,2.1,26,0,3,6,20-30
Homme,Belgique,28104.87751283572,Familial,8.7,31,1,4,1,60+
Homme,Canada,28361.746719433526,Premium,2.8,24,0,5,3,40-50
Homme,Maroc,33404.13771787685,Premium,33.7,26,0,3,3,50-60
Femme,Maroc,40876.191289140785,Premium,12.7,23,0,4,1,30-40
Femme,Canada,48327.957917605,Familial,20.9,23,1,5,2,60+
Femme,Maroc,29944.350456059205,Standard,1.5,24,0,6,7,50-60
Femme,Algérie,32362.774621967415,Premium,0.9,30,0,5,3,20-30
Femme,France,62361.60238950013,Premium,9.9,27,0,2,6,40-50
Femme,Canada,38408.09244571983,Standard,6.0,20,1,2,6,50-60
Homme,France,65610.32040145935,Premium,15.0,30,0,0,5,40-50
Homme,Belgique,31388.07736965846,Premium,10.1,34,1,6,5,30-40
Femme,Maroc,53429.077096427754,Premium,11.5,30,0,0,5,40-50
Homme,Belgique,36470.249252997084,Standard,3.4,21,1,2,5,20-30
Homme,Belgique,15249.20606160082,Premium,35.5,22,0,1,5,30-40
Femme,Canada,29850.524575836556,Premium,17.0,23,1,5,6,30-40
Femme,Canada,31692.736999434375,Standard,13.8,29,1,4,1,50-60
Homme,Maroc,64079.26093332618,Standard,19.5,29,1,0,6,20-30
Femme,France,39393.187942008226,Standard,5.9,34,0,1,4,50-60
Homme,Belgique,62890.31914724657,Familial,5.8,28,1,1,6,60+
Femme,Maroc,43970.789331006265,Standard,6.5,15,0,2,2,40-50
Non précisé,Canada,36968.42223097471,Standard,32.9,21,1,1,3,50-60
Homme,Maroc,56140.01432424392,Standard,19.8,22,1,2,1,20-30
Homme,Algérie,24828.025955504163,Premium,1.7,36,0,6,6,60+
Femme,Canada,41366.59209673458,Familial,11.7,33,1,4,2,50-60
Homme,Belgique,56411.77813027579,Standard,12.3,32,1,5,3,60+
Femme,France,50109.082635668696,Standard,4.2,24,0,6,3,20-30
Femme,Belgique,35758.83592791785,Premium,31.9,30,0,2,6,60+
Homme,Belgique,33550.1326008823,Premium,21.3,20,0,6,4,20-30
Homme,Belgique,32397.30453053912,Premium,49.6,28,0,0,6,40-50
Homme,Algérie,41528.4443544662,Familial,23.6,23,0,6,6,50-60
Homme,Belgique,17385.215644736447,Premium,0.4,19,0,4,3,60+
Femme,Maroc,42805.022681085036,Familial,14.1,23,0,6,4,40-50
Homme,Maroc,40087.93902363222,Familial,3.8,29,0,6,6,60+
Femme,France,39097.9119542733,Premium,16.7,21,0,0,2,30-40
Femme,Maroc,53233.60817244776,Premium,15.1,20,0,5,4,40-50
Femme,Algérie,50372.169774166134,Standard,7.0,26,1,5,4,50-60
Non précisé,Canada,34140.29909918093,Standard,0.6,23,1,1,7,<20
Femme,France,44079.94821880251,Premium,11.7,18,0,1,3,20-30
Femme,Belgique,44733.4747208684,Familial,1.4,22,1,6,1,30-40
Femme,Algérie,60178.552329353945,Standard,3.3,33,0,4,7,50-60
Femme,France,43407.077589605215,Standard,22.7,22,0,0,6,20-30
Non précisé,Maroc,49826.64580797872,Premium,13.5,24,0,1,2,30-40
Homme,Maroc,65403.93575102187,Familial,0.6,20,0,5,7,40-50
Femme,France,49311.08485916382,Standard,30.8,29,0,5,5,40-50
Femme,France,61513.1053708417,Standard,2.0,31,0,5,4,50-60
Homme,Canada,50234.281076988176,Familial,25.8,29,0,4,3,20-30
Homme,France,28908.32327577471,Standard,11.1,31,0,5,4,40-50
Homme,Belgique,41135.25721409495,Familial,13.3,21,0,5,3,50-60
Femme,Algérie,44992.4930105033,Premium,9.7,32,1,2,1,30-40
Femme,Maroc,38417.73455299423,Standard,23.6,26,1,4,5,30-40
Femme,Canada,33487.4758669675,Standard,31.1,22,1,5,4,30-40
Homme,Maroc,41920.82208916851,Premium,16.6,25,0,1,4,40-50
Femme,Algérie,31898.00231395626,Standard,1.6,26,0,1,4,60+
Homme,Maroc,46616.17997402608,Premium,4.4,26,0,3,1,40-50
Femme,Maroc,46878.691724862576,Standard,33.9,22,0,1,6,50-60
Femme,Algérie,15208.598575745815,Standard,30.1,23,0,3,1,30-40
Homme,France,42433.03739669295,Standard,9.1,26,0,1,2,20-30
Femme,Canada,39354.29310624821,Familial,12.0,30,1,3,3,20-30
Femme,Algérie,28360.39044790898,Standard,12.7,35,0,3,1,40-50
Femme,Algérie,44664.71738398894,Standard,14.36419689119171,20,0,3,3,20-30
Homme,Belgique,46058.571377458706,Familial,42.1,30,0,0,2,40-50
Femme,France,59622.354152376094,Familial,3.1,20,0,2,1,<20
Homme,France,33818.33155496242,Standard,28.2,24,1,0,1,40-50
Homme,Belgique,36831.97867591339,Premium,0.2,29,1,0,7,50-60
Femme,France,9102.97571994834,Premium,8.5,28,0,2,2,50-60
Femme,Belgique,64194.01060644609,Standard,15.5,24,0,4,6,50-60
Femme,France,66430.95669929696,Standard,3.8,20,0,2,2,40-50
Homme,Belgique,53830.98374480435,Familial,5.5,25,0,1,6,60+
Femme,Algérie,58885.63383859546,Familial,0.9,19,0,1,1,40-50
Non précisé,Algérie,38690.12717643144,Standard,18.3,24,0,1,3,60+
Homme,Maroc,33106.29391366023,Premium,3.1,21,0,6,2,30-40
Femme,Maroc,44951.655167196,Standard,3.0,18,0,3,5,20-30
Homme,France,46015.40629657929,Standard,5.4,18,0,6,6,40-50
Femme,Belgique,33741.101184994135,Standard,27.7,32,0,2,3,50-60
Homme,Canada,25995.168741757454,Standard,11.3,24,0,5,6,50-60
Homme,Algérie,34529.36780533969,Familial,0.2,28,0,3,1,30-40
Homme,Belgique,34764.16883250305,Premium,3.3,27,0,2,6,30-40
Homme,France,44216.847131908886,Standard,34.0,25,1,0,6,20-30
Femme,Belgique,30990.086705544993,Standard,47.0,27,0,4,3,30-40
Femme,Belgique,25481.37080578276,Premium,35.6,30,0,4,2,30-40
Homme,Algérie,36700.807011133824,Familial,1.2,25,1,0,5,20-30
Femme,France,43456.75333517662,Standard,15.5,21,0,5,6,30-40
Femme,Belgique,45998.02125179585,Premium,19.0,21,0,6,6,50-60
Femme,Algérie,34053.19103293577,Premium,2.9,25,1,6,5,30-40
Homme,Maroc,46184.61801187141,Standard,2.1,22,1,1,1,60+
Femme,Maroc,47242.99500650214,Standard,14.36419689119171,33,0,0,4,60+
Femme,France,84292.42379771042,Standard,4.0,27,1,2,1,20-30
Femme,France,63030.704263540436,Standard,37.4,29,0,5,4,60+
Femme,Belgique,43001.34926891379,Familial,19.6,32,0,6,4,50-60
Femme,Maroc,64658.62803770161,Standard,19.4,18,0,1,6,50-60
Femme,Belgique,38786.563310082056,Familial,0.1,29,1,1,5,60+
Femme,Belgique,59901.545787821604,Standard,3.7,22,0,2,6,40-50
Femme,Maroc,31669.65997355469,Familial,33.0,22,0,4,4,30-40
Femme,Canada,21127.41300333554,Premium,1.9,33,0,6,2,30-40
Homme,Maroc,45615.028273415875,Premium,20.5,33,0,4,2,30-40
Femme,Belgique,34701.804131420286,Premium,16.9,24,0,3,3,20-30
Femme,France,39261.73817890552,Standard,4.2,29,0,5,2,20-30
Homme,France,30165.11535758671,Premium,9.1,27,0,5,5,40-50
Homme,France,27171.979794424693,Standard,2.3,30,0,5,2,50-60
Femme,Algérie,23153.99472080656,Familial,3.2,30,0,2,2,30-40
Homme,France,31696.889490971225,Standard,11.0,26,0,0,2,40-50
Homme,Algérie,60956.549878861915,Premium,17.6,24,0,3,3,30-40
Femme,Belgique,43338.11979591311,Premium,0.8,25,0,1,1,30-40
Homme,Algérie,35159.63357032014,Standard,33.6,29,1,6,7,60+
Femme,Algérie,54574.199463775454,Familial,7.0,23,0,2,2,50-60
Homme,Canada,49801.86347439741,Standard,19.3,24,0,3,5,30-40
Femme,France,45690.478106751376,Premium,2.3,26,0,6,6,60+
Femme,Belgique,24752.74160141089,Standard,5.6,26,0,1,2,60+
Homme,Maroc,32776.069380686116,Standard,17.2,27,0,3,2,50-60
Homme,France,43777.97463229576,Standard,16.7,17,1,6,3,40-50
Homme,Canada,40204.06591095261,Familial,12.2,18,0,2,7,20-30
Femme,Algérie,32370.89794744521,Standard,18.2,21,1,4,2,20-30
Homme,Belgique,13287.51005000687,Standard,9.0,34,0,1,2,60+
Femme,Belgique,40569.441390470645,Premium,7.8,18,0,5,6,20-30
Homme,France,32685.049600703645,Standard,17.8,35,0,0,4,40-50
Homme,Belgique,57149.406062360074,Standard,6.4,26,0,2,6,30-40
Homme,Maroc,57441.68643178935,Premium,4.0,31,0,0,6,30-40
Non précisé,Belgique,41366.08041578658,Premium,37.8,18,1,4,4,50-60
Homme,France,30333.23047537409,Familial,20.0,22,0,3,2,60+
Homme,Belgique,30146.990256833502,Standard,58.5,18,0,0,6,30-40
Femme,Canada,41077.12923125582,Premium,34.2,30,1,4,1,60+
Homme,Maroc,41226.85116237784,Standard,13.8,21,0,2,1,50-60
Homme,France,41384.13593471238,Standard,28.5,36,0,0,3,30-40
Homme,Belgique,40053.975491744335,Standard,5.0,19,0,5,3,60+
Homme,France,42330.22772706476,Familial,2.0,25,1,4,2,60+
Femme,France,19856.988738336797,Standard,39.1,25,1,0,5,30-40
Femme,Algérie,42068.69570454942,Premium,14.36419689119171,25,0,5,6,30-40
Femme,Algérie,36906.02842893127,Standard,0.1,23,0,5,2,50-60
Femme,France,62847.11620040454,Standard,45.6,29,0,4,6,20-30
Femme,Maroc,28809.416119219848,Premium,31.3,25,1,1,4,30-40
Femme,Belgique,39611.79949557795,Standard,44.7,26,1,6,5,40-50
Femme,Belgique,52088.970590921635,Standard,10.0,22,1,5,6,50-60
Femme,Belgique,35705.45470166927,Standard,16.5,25,1,0,4,60+
Homme,Algérie,43007.155735807166,Premium,16.6,23,0,0,2,20-30
Femme,Algérie,55568.19198999412,Premium,2.9,21,0,2,4,40-50
Homme,Maroc,45755.448531237234,Premium,28.3,28,0,4,2,40-50
Homme,Maroc,67124.05668361625,Standard,30.8,19,0,3,4,50-60
Homme,Canada,44224.01283800259,Familial,17.4,29,0,0,5,<20
Homme,Canada,37027.638295440025,Premium,60.3,23,0,5,2,40-50
Homme,France,12144.404615595855,Standard,13.6,18,0,4,1,60+
Homme,Maroc,42391.353911810824,Familial,3.9,22,1,1,4,20-30
Homme,Maroc,36136.414873891794,Standard,16.9,24,0,0,1,20-30
Homme,Maroc,43270.14985019127,Familial,2.4,26,0,0,1,20-30
Homme,France,28481.387057835465,Standard,8.4,34,0,0,1,50-60
Homme,Canada,37277.71822954579,Familial,20.4,27,0,3,4,60+
Homme,France,43264.657070754816,Premium,4.9,20,0,4,1,50-60
Homme,Maroc,43028.81626880955,Standard,1.7,21,1,6,1,20-30
Homme,France,22320.195674870774,Premium,12.4,17,1,1,3,<20
Femme,Belgique,42621.30203136916,Premium,14.36419689119171,23,0,6,6,40-50
Homme,Algérie,50196.89745960522,Premium,28.5,24,1,6,5,40-50
Femme,Maroc,30546.873212175225,Standard,11.2,30,0,4,4,50-60
Femme,Canada,54757.32015488684,Standard,7.2,23,0,5,2,30-40
Non précisé,Canada,45724.3927972647,Standard,8.1,31,0,2,2,20-30
Femme,France,52031.74698839927,Premium,5.9,26,0,1,3,60+
Homme,Belgique,50553.63344964508,Premium,5.3,19,0,4,3,30-40
Homme,Canada,41595.15210883254,Standard,14.5,19,0,6,1,40-50
Femme,Maroc,57654.18443995107,Standard,6.1,17,1,1,5,40-50
Femme,Algérie,25078.260679213025,Standard,2.2,24,0,3,1,40-50
Femme,Belgique,39800.64583890859,Familial,6.1,25,0,3,6,50-60
Femme,Belgique,37780.312419423004,Standard,16.5,28,1,2,2,30-40
Homme,Algérie,47563.57425311535,Standard,11.9,24,0,3,2,20-30
Femme,France,20622.051688802516,Premium,5.0,31,1,4,4,20-30
Homme,Maroc,36629.677391861536,Standard,7.1,25,0,4,4,40-50
Femme,Canada,45363.663435573304,Familial,9.6,24,0,5,2,60+
Homme,Maroc,49355.96419737776,Standard,31.0,28,0,2,5,20-30
Femme,Algérie,37915.18672646765,Standard,2.7,20,0,6,1,30-40
Femme,France,7759.292452363091,Premium,18.8,26,1,0,5,40-50
Homme,Canada,34169.86672164673,Familial,0.0,28,0,1,7,40-50
Homme,France,35602.80198108717,Familial,8.5,34,0,6,3,50-60
Femme,Canada,34341.40728149738,Standard,10.0,24,1,5,2,40-50
Homme,Algérie,44218.43918291875,Standard,16.0,19,0,1,5,40-50
Homme,France,47674.31286429685,Familial,7.2,24,1,2,1,30-40
Femme,Algérie,32250.12600143208,Familial,4.8,14,0,5,1,<20
Femme,Algérie,44661.10484572605,Premium,0.2,26,0,2,5,40-50
Homme,Algérie,28808.73506345259,Familial,10.8,20,1,2,5,60+
Homme,Belgique,49600.0708698822,Familial,3.2,31,0,5,6,60+
Femme,France,35578.87560394854,Standard,1.5,33,0,0,4,40-50
Homme,France,36041.325497225094,Standard,4.8,18,0,2,4,60+
Femme,Canada,11896.53775493709,Premium,8.9,23,0,5,2,40-50
Homme,Belgique,42991.51141275005,Standard,41.7,19,0,6,3,50-60
Homme,Algérie,35921.47869323067,Standard,8.6,20,1,6,6,50-60
Femme,Canada,40794.10245060604,Standard,26.8,32,1,4,1,50-60
Femme,Canada,44596.50459646528,Standard,17.0,28,1,2,6,30-40
Homme,Algérie,33450.57557676534,Standard,6.6,26,0,3,6,40-50
Homme,Maroc,38065.59008893132,Standard,19.8,28,0,4,1,40-50
Femme,France,35143.56914613932,Premium,35.9,15,0,1,1,40-50
Femme,Maroc,41976.079503587345,Premium,2.6,22,1,4,1,60+
Femme,Canada,62922.275353850135,Standard,2.2,27,0,0,2,40-50
Femme,Algérie,48651.160140490276,Familial,14.7,36,0,1,5,20-30
Homme,Belgique,39617.63282202511,Standard,4.4,26,0,0,1,20-30
Homme,Algérie,36481.184759107826,Standard,9.7,41,0,6,4,30-40
Homme,France,13865.908963372442,Standard,2.6,26,0,5,6,50-60
Homme,France,46385.38940964091,Familial,45.6,27,1,4,1,20-30
Homme,Canada,30459.731787695662,Premium,1.2,28,0,6,4,50-60
Femme,Maroc,32971.81361157803,Standard,6.6,25,0,5,3,50-60
Femme,Canada,50752.86151336953,Standard,13.5,26,1,5,4,40-50
Femme,Algérie,55844.258015356936,Premium,10.8,21,0,0,3,20-30
Femme,Maroc,49734.58635820608,Familial,7.5,19,0,5,1,20-30
Femme,Canada,48414.71562477605,Standard,26.4,26,0,1,4,50-60
Homme,Canada,23489.93534324002,Premium,10.4,14,0,2,2,30-40
Homme,Maroc,47737.59654279563,Standard,14.6,27,1,0,1,60+
Femme,Algérie,57205.799820035674,Standard,15.1,22,0,0,2,50-60
Femme,France,41809.745162507534,Premium,14.36419689119171,24,0,3,4,60+
Homme,Canada,47630.020901773336,Premium,1.1,27,0,5,4,40-50
Homme,Maroc,28713.619159621394,Premium,48.5,15,0,2,3,30-40
Femme,Canada,43252.9363071241,Premium,17.0,23,0,4,6,<20
Femme,Maroc,39688.53494990811,Premium,1.7,18,0,3,4,50-60
Femme,France,57566.827702754934,Standard,7.4,39,0,6,6,60+
Homme,Canada,36173.033470931055,Standard,23.1,33,1,0,5,20-30
Homme,Maroc,63343.113927706196,Premium,18.7,29,1,3,5,40-50
Femme,Maroc,41932.74191474732,Familial,28.3,26,0,2,1,40-50
Homme,France,39804.869294963,Standard,20.0,23,0,6,2,20-30
Femme,Canada,14417.916424904173,Standard,16.7,23,0,3,4,<20
Homme,Belgique,41144.427149427356,Premium,29.9,29,0,5,6,60+
Femme,France,50878.33976818305,Standard,6.8,29,1,3,5,20-30
Homme,Canada,61503.896167045714,Standard,1.9,35,0,3,5,30-40
Femme,France,38050.186048991876,Standard,3.1,25,1,3,6,30-40
Femme,Maroc,29276.161012554956,Premium,10.4,22,0,6,1,20-30
Homme,Maroc,68860.96493545859,Standard,7.4,32,1,0,2,50-60
Femme,France,23807.07467078526,Premium,11.5,30,0,5,5,50-60
Homme,Algérie,36030.952372520864,Premium,28.9,31,1,6,2,30-40
Femme,Canada,45591.82824363374,Standard,4.9,20,0,4,6,60+
Femme,France,32654.64194263177,Premium,6.7,8,1,6,5,40-50
Homme,Algérie,51973.224598155306,Familial,7.5,24,0,2,4,30-40
Homme,Belgique,24493.511009393227,Standard,11.2,25,0,2,4,30-40
Homme,Belgique,40905.010399250816,Premium,21.8,31,0,5,2,40-50
Non précisé,Belgique,57572.24423806091,Premium,2.7,19,0,2,2,50-60
Homme,Algérie,37743.251609451356,Premium,13.2,22,0,5,6,20-30
Homme,France,39251.10721288233,Standard,6.1,25,1,3,4,50-60
Homme,Canada,29125.80847772035,Premium,4.2,19,0,6,6,50-60
Homme,Canada,38326.95294700974,Premium,2.8,30,1,2,2,40-50
Homme,Algérie,45178.077935322624,Standard,10.2,38,0,4,1,20-30
Homme,Belgique,44948.70269213885,Premium,4.8,26,0,6,2,60+
Homme,Algérie,40607.022988845434,Standard,13.8,33,1,2,1,20-30
Femme,Canada,39340.5972383861,Standard,12.1,25,1,6,6,50-60
Femme,France,33966.895770153475,Standard,5.4,20,0,5,1,50-60
Homme,France,46539.77009883549,Familial,23.0,22,0,4,3,30-40
Homme,Maroc,48289.79112471073,Premium,14.36419689119171,20,0,5,2,60+
Homme,Algérie,36978.53626357775,Premium,13.4,23,0,6,2,60+
Femme,Algérie,33900.251520745944,Standard,19.8,26,0,2,4,30-40
Homme,Belgique,43416.10933943083,Premium,8.3,30,0,3,1,60+
Homme,Maroc,68923.57840579003,Familial,7.5,16,0,2,3,40-50
Femme,Canada,33833.89054697202,Standard,10.8,22,0,3,4,60+
Homme,Canada,29018.23907344286,Familial,3.8,23,0,2,1,30-40
Homme,Algérie,14637.197915523771,Familial,4.6,25,0,5,2,40-50
Homme,Algérie,51886.10349591513,Standard,18.5,30,1,0,6,<20
Homme,Algérie,48566.1253157869,Premium,7.0,23,0,2,2,60+
Homme,Belgique,15619.251581020511,Familial,4.0,25,0,0,2,50-60
Femme,France,2394.7417326387263,Standard,7.9,16,0,3,4,<20
Homme,Canada,31723.63705128797,Premium,0.3,27,1,6,3,50-60
Homme,Canada,56632.032759905975,Familial,0.6,32,0,3,1,40-50
Femme,France,33292.860723221085,Familial,7.3,25,0,3,5,50-60
Homme,Belgique,53256.90140183467,Standard,9.2,21,0,2,3,50-60
Homme,France,55826.49627425116,Familial,2.0,28,0,0,5,50-60
Homme,Canada,59666.37205402432,Standard,24.2,24,0,0,1,40-50
Homme,Maroc,32578.704105255925,Standard,32.9,23,1,0,1,20-30
Homme,France,44474.85298326114,Standard,2.0,25,0,2,6,60+
Femme,Maroc,22539.464929138827,Premium,2.0,34,0,1,3,40-50
Femme,Canada,41354.7210317737,Standard,6.8,24,0,2,1,30-40
Homme,Maroc,39391.14066486672,Standard,27.5,36,0,5,1,20-30
Homme,Algérie,30188.98755628996,Premium,48.2,28,0,3,5,<20
Femme,Algérie,24415.24321951827,Standard,57.1,30,0,3,5,40-50
Homme,Belgique,55433.78260798766,Standard,31.6,18,0,3,4,60+
Femme,Belgique,34604.444320741895,Familial,10.5,36,0,6,7,40-50
Femme,Canada,40512.10049622093,Premium,6.0,30,0,0,3,40-50
Femme,France,9371.974150586984,Standard,20.6,18,0,1,5,<20
Femme,Maroc,33946.25757583871,Standard,1.4,26,1,3,1,40-50
Homme,Algérie,52319.03654894954,Standard,1.9,27,0,6,1,40-50
Femme,Belgique,38886.4519379969,Standard,17.7,21,0,5,1,40-50
Homme,Belgique,53637.42749101068,Premium,1.8,25,0,6,1,20-30
Femme,France,61611.28728500705,Standard,31.5,23,0,6,2,30-40
Homme,Belgique,25235.943127949773,Standard,8.9,26,0,2,2,50-60
Femme,Algérie,59552.99955360597,Premium,11.0,20,0,2,1,60+
Femme,Belgique,33852.69970056906,Premium,15.3,24,1,4,2,60+
Femme,Belgique,31873.221564088082,Premium,1.1,27,0,6,7,40-50
Homme,Maroc,18689.18158492575,Familial,95.4,24,0,1,3,40-50
Homme,Algérie,34073.953505776655,Familial,25.1,22,0,3,4,30-40
Homme,Algérie,32935.156395403996,Standard,18.1,28,1,2,1,20-30
Homme,Belgique,38407.38487640015,Standard,1.1,20,0,1,1,30-40
Femme,France,49450.34047236363,Standard,3.6,25,1,1,2,40-50
Femme,France,42934.515250675075,Familial,21.8,21,0,0,2,20-30
Homme,Algérie,49884.87552318742,Premium,9.7,25,0,2,6,40-50
Homme,Maroc,42558.267483048265,Familial,0.8,26,0,3,3,50-60
Homme,Belgique,56246.158444157656,Premium,7.0,18,0,4,5,50-60
Homme,Canada,43799.48897720045,Standard,64.8,22,1,5,5,20-30
Femme,Canada,51637.96477462286,Standard,3.3,20,0,0,5,50-60
Femme,Canada,59245.725992137886,Standard,16.4,27,1,2,6,40-50
Homme,Canada,38229.923435932375,Familial,35.7,18,0,2,6,50-60
Femme,Belgique,21386.65556909122,Premium,1.0,16,0,6,6,30-40
Homme,Belgique,35077.61276999895,Premium,21.1,23,1,6,2,50-60
Femme,Belgique,43474.581857347286,Premium,19.4,16,0,2,4,40-50
Homme,Belgique,44585.171036151114,Standard,5.1,21,0,4,4,40-50
Homme,Algérie,23045.952082264033,Standard,11.3,25,0,6,2,40-50
Femme,Belgique,41101.993872626896,Standard,59.3,34,0,3,2,30-40
Femme,Maroc,67323.5809388523,Standard,23.3,20,0,3,5,30-40
Homme,Maroc,61817.31859236227,Standard,0.2,18,0,5,3,40-50
Homme,Canada,44261.93224901131,Standard,17.5,27,0,2,4,30-40
Homme,Belgique,21611.600591904404,Standard,0.4,25,0,0,3,30-40
Homme,Maroc,38839.058165218165,Standard,7.8,28,0,3,2,60+
Femme,Belgique,36841.828045771064,Standard,65.5,25,0,0,5,50-60
Homme,Canada,38955.86020685975,Standard,7.4,24,0,4,3,40-50
Femme,Algérie,46064.63363616283,Premium,15.2,25,0,6,3,60+
Homme,Belgique,38793.79748876432,Familial,10.1,26,0,6,5,60+
Femme,France,30614.40595736934,Standard,14.36419689119171,22,0,4,3,60+
Homme,Belgique,35484.41852931883,Premium,1.4,26,1,0,4,60+
Homme,Canada,25194.4505458895,Premium,9.2,24,1,6,4,50-60
Femme,Canada,57587.23358930693,Familial,15.5,24,0,1,6,60+
Femme,Belgique,27924.313508986044,Standard,0.5,22,0,5,5,60+
Femme,Algérie,29446.160785500324,Standard,30.8,26,1,2,5,20-30
Non précisé,Algérie,39480.06323781359,Standard,2.6,28,1,3,2,60+
Non précisé,Maroc,48999.553723530924,Standard,4.2,23,1,0,3,20-30
Homme,Maroc,47656.311834666645,Premium,5.5,22,1,6,6,40-50
Homme,France,20058.4516943103,Premium,18.6,17,0,0,4,40-50
Homme,France,51638.51843803245,Standard,15.8,25,0,3,3,30-40
Homme,Algérie,37310.311156979646,Standard,10.4,23,1,1,3,20-30
Femme,France,23115.098791387398,Standard,54.6,24,1,5,5,40-50
Femme,Canada,38369.70514059732,Standard,5.7,25,1,4,6,30-40
Femme,Belgique,44477.393799355916,Familial,3.3,18,0,4,4,50-60
Homme,Algérie,48207.07977307522,Familial,8.3,24,0,3,1,30-40
Femme,Belgique,32033.26575470928,Familial,7.4,18,0,4,4,20-30
Homme,Algérie,24055.66352664892,Premium,1.9,22,0,5,6,40-50
Homme,Belgique,38271.139580073184,Standard,0.0,34,0,6,1,30-40
Non précisé,Belgique,35730.041449440854,Premium,4.8,28,0,3,1,60+
Femme,Maroc,29672.825838537316,Familial,1.5,30,0,3,4,60+
Homme,Belgique,31582.58533198246,Standard,0.8,24,0,1,4,30-40
Femme,Algérie,8899.84926051839,Standard,0.8,22,1,1,4,40-50
Homme,Canada,50142.15011797382,Standard,6.0,26,0,4,1,20-30
Homme,Belgique,31889.82395892411,Standard,41.1,23,0,3,6,20-30
Homme,Belgique,32565.189309559675,Standard,1.9,25,0,1,4,50-60
Femme,Belgique,56111.26746150035,Standard,5.6,29,0,4,2,20-30
Femme,Maroc,52878.32186820982,Standard,77.6,20,0,3,5,60+
Femme,Algérie,50656.48353636998,Premium,13.0,30,0,1,1,60+
Homme,Algérie,29084.04868390487,Standard,18.0,30,1,1,5,60+
Femme,Algérie,45369.09652205916,Premium,25.3,20,0,0,6,60+
Femme,Canada,45901.10334278067,Premium,27.6,34,0,6,4,60+
Femme,Canada,60573.28167049057,Standard,24.4,24,0,6,5,40-50
Homme,Algérie,60107.52001346903,Standard,1.9,32,1,5,3,20-30
Homme,Canada,23221.820655571373,Familial,8.9,23,0,5,1,20-30
Non précisé,Canada,34020.620059969835,Premium,10.8,22,0,5,5,30-40
Femme,Maroc,28214.86693703601,Premium,51.9,26,1,0,1,30-40
Homme,Canada,24444.852822493704,Standard,9.7,26,0,1,5,60+
Femme,Algérie,75360.97290705494,Standard,20.7,22,0,0,5,50-60
Homme,France,29622.935205911137,Standard,28.7,28,0,0,5,60+
Femme,Algérie,45247.32001539472,Premium,0.8,21,0,5,2,40-50
Femme,France,62852.22600994969,Familial,18.8,31,1,3,6,20-30
Homme,Maroc,48841.430138244956,Premium,46.6,28,0,0,5,40-50
Femme,Belgique,21305.51890799209,Standard,20.2,35,1,3,1,20-30
Homme,Canada,27643.80746141326,Standard,0.3,26,0,6,3,60+
Homme,Canada,56202.26982278061,Standard,7.5,21,1,4,3,40-50
Homme,France,37490.19299468291,Premium,16.0,33,0,1,1,50-60
Femme,Belgique,45900.20065150829,Premium,22.8,23,0,4,5,30-40
Femme,Belgique,41327.41134230519,Standard,69.1,23,0,0,3,60+
Non précisé,Canada,46112.47800527769,Standard,4.5,23,0,6,4,60+
Homme,France,35330.72060433659,Standard,20.5,20,1,3,7,60+
Homme,Maroc,41396.483989604014,Standard,36.7,23,1,5,2,30-40
Homme,Algérie,47256.92946507673,Premium,4.5,22,0,4,1,40-50
Femme,Maroc,45710.82078603711,Premium,30.5,23,0,5,3,50-60
Homme,France,42863.54590323556,Standard,23.3,18,0,6,6,<20
Femme,Algérie,38262.347091158575,Standard,12.3,17,0,5,3,30-40
Femme,Maroc,47895.947377978846,Standard,12.5,26,0,2,2,40-50
Femme,Belgique,31107.560573817776,Familial,4.8,24,0,3,7,20-30
Homme,Canada,37717.58358480037,Standard,6.9,28,0,6,6,50-60
Femme,France,48554.63727689749,Standard,1.3,26,0,6,3,20-30
Homme,Algérie,37836.953566302676,Standard,13.2,21,0,3,6,50-60
Femme,Canada,50909.43412850517,Familial,22.0,23,0,1,3,30-40
Femme,Belgique,39174.873182658484,Premium,5.8,31,0,1,3,40-50
Homme,Maroc,55562.18554715132,Standard,17.7,23,0,5,5,40-50
Homme,Algérie,39383.560373517175,Familial,7.5,12,1,6,1,40-50
Femme,Canada,17516.596994111587,Standard,14.36419689119171,18,0,3,3,40-50
Femme,Canada,55865.161513242965,Premium,40.2,25,0,4,6,60+
Homme,Belgique,32717.79431992307,Standard,14.8,25,0,3,1,40-50
Non précisé,Belgique,38406.52288321853,Premium,3.8,28,0,6,5,30-40
Homme,Belgique,26309.00935774447,Premium,8.2,22,0,6,4,20-30
Femme,Algérie,38089.638940064,Premium,0.1,22,0,5,5,40-50
Homme,Maroc,54641.746217237924,Premium,14.36419689119171,32,0,5,1,20-30
Homme,Canada,56486.30527444173,Standard,13.4,19,0,2,4,20-30
Non précisé,Algérie,44187.974376209684,Premium,1.3,23,1,3,1,20-30
Homme,Belgique,40197.60129109525,Standard,12.0,30,0,4,6,60+
Homme,Belgique,31032.42641245273,Premium,43.1,30,0,0,1,60+
Homme,Canada,53435.1502563138,Premium,14.5,23,0,4,5,40-50
Homme,Algérie,41314.96601534895,Standard,5.0,25,0,2,6,60+
Femme,Belgique,36244.40641893873,Familial,9.3,25,1,5,5,60+
Femme,France,34715.04499176476,Familial,8.5,18,0,3,3,60+
Femme,France,39479.366955490266,Standard,67.1,22,0,0,2,<20
Femme,Maroc,68400.37146330028,Premium,18.7,30,1,1,6,50-60
Femme,Belgique,50171.95882363865,Premium,0.6,28,0,5,6,50-60
Homme,Canada,52437.550557607516,Standard,6.7,17,0,3,3,20-30
Homme,Algérie,30902.15805956098,Standard,4.8,30,0,6,2,50-60
Homme,Maroc,56235.67400333966,Premium,59.8,24,1,4,1,60+
Femme,Maroc,43419.48305613876,Premium,11.2,22,0,0,4,40-50
Non précisé,France,65725.02071666105,Standard,7.3,26,0,0,5,30-40
Femme,Maroc,30548.85359523618,Standard,37.9,20,0,0,7,50-60
Femme,Algérie,34314.0472530904,Premium,13.6,26,0,0,4,20-30
Femme,Canada,56861.89300076383,Standard,43.1,33,1,6,5,40-50
Femme,Algérie,54670.67694860539,Standard,29.3,32,0,3,2,60+
Homme,Maroc,53995.88112285938,Premium,12.7,24,0,4,1,20-30
Femme,Belgique,36424.059514696746,Standard,30.9,29,0,5,1,50-60
Homme,Maroc,34658.150146538945,Standard,16.6,28,0,3,5,50-60
Femme,Canada,26413.977922321123,Standard,5.1,22,0,0,5,40-50
Femme,Maroc,45577.2813908771,Premium,44.2,20,0,4,2,<20
Homme,Algérie,32312.709922072965,Standard,31.3,30,0,2,5,50-60
Homme,France,42828.988297988886,Standard,15.5,17,0,3,4,50-60
Femme,France,52259.32995008659,Standard,4.3,28,1,1,2,<20
Femme,Maroc,38659.711171601666,Standard,2.8,29,0,1,3,60+
Homme,Maroc,32838.23874745848,Standard,14.36419689119171,22,1,5,5,40-50
Homme,France,48130.519740738375,Familial,1.7,32,1,0,4,40-50
Femme,France,48060.10104152941,Premium,17.3,16,0,4,4,60+
Femme,France,43668.821033328946,Premium,35.8,27,0,6,4,60+
Femme,Belgique,66010.66409624765,Premium,4.7,26,0,1,1,50-60
Homme,Canada,26234.958770753838,Standard,9.9,28,0,6,1,40-50
Homme,Belgique,33050.984682702285,Premium,7.2,29,1,6,1,20-30
Homme,Maroc,44473.322298471736,Standard,2.3,23,0,0,4,40-50
Homme,France,18702.555118110216,Standard,13.8,20,1,5,5,60+
Homme,France,17114.191384843532,Standard,17.6,22,0,1,3,50-60
Femme,Algérie,17735.543952207674,Standard,1.1,28,1,2,5,50-60
Femme,Canada,40827.913056932215,Standard,6.0,27,1,4,2,60+
Femme,Belgique,35807.901967849946,Premium,42.0,26,0,3,4,40-50
Homme,Belgique,23859.646722150246,Standard,9.4,31,1,2,2,20-30
Femme,Canada,41719.58261188878,Standard,26.1,24,0,2,2,50-60
Femme,Algérie,35610.61597796334,Premium,24.6,28,0,6,6,60+
Homme,Algérie,30619.609646865556,Familial,25.5,21,0,4,6,40-50
Homme,Canada,42449.974523026816,Premium,19.0,20,0,2,2,30-40
Homme,Algérie,29235.139698895822,Premium,15.1,21,1,6,3,40-50
Femme,France,53792.392590805386,Premium,3.2,28,1,5,5,50-60
Homme,France,42474.14978512345,Standard,6.9,23,0,0,5,40-50
Femme,Maroc,45491.17770831884,Familial,35.1,20,0,3,6,50-60
Femme,Maroc,42305.51428041709,Premium,10.0,25,1,2,5,40-50
Homme,Maroc,50744.157193819716,Premium,1.8,24,0,6,4,<20
Homme,Maroc,40731.38842975236,Standard,10.1,25,1,1,6,40-50
Femme,Maroc,19176.281938204396,Standard,1.6,22,0,4,6,40-50
Femme,Canada,31131.37921982928,Premium,15.6,35,0,3,3,50-60
Homme,France,41139.27244439733,Standard,10.2,21,0,0,5,20-30
Femme,Algérie,31231.55480912283,Standard,25.5,28,1,2,3,20-30
Femme,Algérie,48102.259273048716,Premium,14.4,31,0,2,5,60+
Non précisé,Maroc,49550.37324214257,Premium,39.2,28,1,2,3,20-30
Femme,Belgique,59376.063084547495,Standard,16.0,25,0,4,7,30-40
Homme,Canada,40488.75597929917,Premium,1.3,25,0,3,4,30-40
Femme,Algérie,36546.00395840546,Standard,14.36419689119171,24,0,1,4,50-60
Homme,France,44882.170620343924,Standard,1.2,21,0,4,5,50-60
Non précisé,Belgique,17915.468640789102,Standard,4.0,26,1,2,7,60+
Femme,Maroc,49341.32532910527,Premium,1.7,31,0,2,1,40-50
Non précisé,Belgique,43107.711908461766,Premium,5.7,31,0,2,4,20-30
Femme,Belgique,55997.40967748913,Premium,3.2,26,0,3,4,20-30
Homme,France,43494.47184262609,Standard,15.7,30,0,2,4,40-50
Homme,Algérie,52141.38741128071,Premium,15.9,13,0,0,4,30-40
Homme,Maroc,35969.4218674675,Standard,3.3,24,0,6,2,60+
Homme,Maroc,39568.532351802525,Familial,31.3,17,0,0,4,30-40
Femme,Belgique,24128.460448055645,Standard,4.4,24,0,5,1,30-40
Femme,Algérie,48845.170386090314,Premium,3.7,26,0,4,4,20-30
Homme,France,20752.281098768974,Familial,42.1,23,1,6,3,60+
Homme,Canada,39778.098754357874,Familial,1.9,23,0,6,3,50-60
Homme,Maroc,36224.3116992263,Premium,30.4,34,0,3,3,30-40
Femme,Belgique,37828.68153885868,Standard,33.6,29,0,6,2,60+
Homme,Maroc,44536.456544335975,Premium,59.0,24,0,3,3,60+
Femme,France,23589.68864201404,Premium,16.0,25,0,0,1,30-40
Femme,Maroc,51583.250484295364,Standard,53.8,26,0,6,3,50-60
Homme,France,27715.98084706033,Standard,26.3,23,0,3,3,30-40
Non précisé,France,35120.110592555844,Premium,3.5,25,0,0,2,40-50
Homme,Maroc,46537.90056321097,Standard,14.36419689119171,28,0,6,2,30-40
Homme,Canada,50228.11813663245,Standard,8.1,25,0,6,3,40-50
Femme,Belgique,58013.32552046186,Premium,10.3,23,0,6,3,20-30
Homme,Belgique,23999.425460211052,Familial,25.1,27,0,1,4,30-40
Femme,Canada,52840.5378496383,Premium,3.9,24,0,4,1,<20
Femme,Algérie,5625.062265738429,Standard,2.1,22,1,5,1,50-60
Homme,Belgique,35528.23517319033,Standard,5.4,20,0,0,6,40-50
Non précisé,France,21146.115887119136,Premium,5.3,17,0,4,3,40-50
Femme,Belgique,36206.82541704652,Premium,5.6,25,0,5,5,<20
Homme,Maroc,45018.1627641536,Premium,5.4,39,0,6,6,20-30
Homme,Canada,43940.52038646765,Premium,9.7,17,1,0,3,40-50
Homme,Maroc,33420.59013594833,Standard,8.4,25,0,4,3,60+
Femme,Canada,25684.37299578059,Standard,10.3,22,1,4,1,40-50
Femme,Maroc,34900.00058762897,Standard,17.5,13,0,3,6,40-50
Homme,Canada,19040.34326937151,Standard,11.3,37,0,3,5,50-60
Femme,Algérie,35814.80959756536,Standard,5.7,22,0,6,5,30-40
Homme,Canada,68287.36042291197,Standard,20.3,22,0,3,2,50-60
Homme,Maroc,26332.058708151806,Standard,8.3,22,0,4,6,50-60
Femme,Algérie,37553.71268110288,Premium,0.7,27,1,0,5,<20
Femme,Belgique,37569.20663094999,Premium,14.6,25,0,5,6,60+
Femme,Maroc,34937.07552835145,Premium,2.3,30,1,6,4,40-50
Homme,France,34045.547826895556,Standard,8.3,22,1,3,5,30-40
Femme,Belgique,42190.10392180567,Familial,6.3,25,1,5,1,20-30
Homme,France,28594.056775792145,Premium,40.6,22,0,0,6,20-30
Femme,Canada,37058.3370974735,Familial,2.5,24,0,5,3,60+
Homme,Canada,47150.68840192492,Familial,5.5,37,0,4,1,30-40
Femme,Canada,45103.7401292326,Standard,0.4,26,0,4,5,50-60
Femme,Maroc,43011.0797690592,Premium,0.9,27,0,5,5,60+
Homme,Canada,57739.78292842667,Familial,14.36419689119171,17,0,2,6,<20
Homme,Belgique,45290.69445861049,Standard,0.8,24,0,2,2,50-60
Femme,Maroc,48996.66159349376,Standard,28.1,19,0,4,4,60+
Homme,Algérie,36289.640398370866,Premium,5.7,25,0,3,5,40-50
Femme,Maroc,34818.36904744107,Premium,27.1,20,0,2,6,50-60
Femme,Algérie,28365.82188685323,Familial,9.2,26,0,5,3,30-40
Femme,Algérie,45352.07525277222,Standard,5.5,24,0,3,2,<20
Homme,Maroc,46241.173059482375,Familial,7.1,25,0,3,1,40-50
Femme,Canada,47545.88606834965,Premium,3.5,23,1,4,3,30-40
Homme,Canada,27460.888054034047,Standard,18.4,28,0,2,6,20-30
Homme,France,42739.73486278583,Standard,18.2,20,0,5,3,20-30
Homme,Canada,49981.916741779336,Standard,8.5,30,1,1,5,40-50
Femme,Belgique,28050.17888144445,Standard,2.0,14,1,5,6,20-30
Femme,Maroc,23613.79545360577,Standard,31.9,23,1,4,1,60+
Femme,France,49554.522126228614,Standard,6.5,20,1,0,4,30-40
Homme,Canada,34134.37461916764,Standard,13.2,29,1,1,5,60+
Femme,Belgique,47082.434608094896,Premium,4.7,25,1,3,3,30-40
Homme,Canada,38008.2662567268,Standard,110.8,29,0,2,2,30-40
Homme,Algérie,44146.81285484576,Standard,9.2,23,1,6,1,20-30
Homme,Belgique,32927.06058073395,Standard,7.4,29,0,1,3,20-30
Homme,France,38094.7739553148,Premium,12.7,29,0,0,5,40-50
Homme,Belgique,25719.21827343299,Standard,23.7,25,1,5,3,20-30
Femme,Maroc,50971.31062602898,Standard,12.0,27,1,2,5,50-60
Femme,Algérie,34061.26204287384,Premium,22.1,26,0,2,6,30-40
Homme,Canada,28838.575907037295,Standard,48.9,29,0,0,1,20-30
Homme,Algérie,35485.99441959085,Standard,37.7,16,0,0,1,50-60
Femme,Algérie,15637.264643064029,Familial,1.3,23,0,2,2,40-50
Femme,Canada,62675.422069319124,Premium,7.4,24,0,2,6,30-40
Femme,France,47933.54573993919,Premium,13.2,28,1,2,6,60+
Femme,Maroc,59576.108677522876,Standard,3.3,24,0,1,2,30-40
Homme,Algérie,36297.806059397655,Premium,7.0,23,0,1,3,40-50
Femme,Canada,24593.267266674222,Familial,0.0,32,1,0,1,30-40
Homme,Algérie,21475.80265387073,Standard,16.3,26,0,2,3,40-50
Homme,Maroc,51334.35383598227,Premium,3.5,19,0,6,3,30-40
Femme,France,41080.513363590035,Familial,0.4,16,0,5,4,30-40
Femme,Maroc,49907.2340813795,Standard,18.2,35,1,6,7,60+
Homme,Algérie,25732.539455775364,Standard,2.0,23,0,5,6,50-60
Homme,Canada,18776.917998810743,Standard,1.3,22,1,3,1,40-50
Femme,France,9256.078493267682,Standard,14.36419689119171,22,0,1,5,50-60
Homme,France,46094.36693404707,Standard,22.2,22,1,1,7,30-40
Homme,Algérie,38507.92686747492,Standard,7.4,25,0,0,4,30-40
Femme,Algérie,45112.65025876388,Standard,43.9,27,0,5,6,40-50
Homme,Canada,37634.776668310566,Standard,15.1,30,0,5,5,30-40
Homme,Canada,46289.42484098489,Premium,23.4,29,0,0,4,50-60
Homme,France,39581.44577629873,Standard,9.7,26,0,1,3,40-50
Homme,Algérie,34791.72654987751,Standard,4.6,19,0,5,2,20-30
Femme,Maroc,48597.09393377558,Familial,6.1,27,1,1,2,60+
Femme,France,53340.33025726362,Premium,61.9,24,1,5,2,30-40
Femme,France,32582.513998955368,Standard,7.8,22,0,1,3,50-60
Femme,France,57013.18481830743,Premium,7.0,27,0,5,7,60+
Femme,France,77859.75245391762,Premium,3.6,38,1,6,6,50-60
Non précisé,Canada,42875.55613644425,Standard,6.6,21,0,2,6,50-60
Homme,Algérie,46504.45122815532,Premium,20.2,21,0,5,6,40-50
Homme,France,39988.84817258596,Familial,14.1,21,1,4,6,60+
Femme,Canada,23915.01377602044,Standard,11.1,37,0,4,4,20-30
Homme,France,53765.72691337334,Premium,8.5,36,0,4,1,40-50
Homme,France,29077.247678263942,Standard,2.7,23,1,1,6,60+
Femme,Canada,45522.80279224471,Standard,27.8,26,1,4,1,40-50
Homme,France,32033.538968163833,Premium,14.36419689119171,23,1,2,4,50-60
Femme,Algérie,60612.34949240583,Premium,3.6,24,0,6,3,30-40
Homme,Algérie,43875.05937400011,Standard,14.8,30,0,3,4,40-50
Homme,Canada,36756.38066480719,Standard,25.6,20,0,4,2,50-60
Femme,Canada,44618.48829184448,Premium,10.6,25,0,6,2,<20
Femme,Belgique,41280.21530675026,Standard,14.1,24,0,5,5,30-40
Femme,Maroc,40098.88487194715,Standard,13.6,17,1,6,3,30-40
Femme,Algérie,34699.84366008809,Familial,16.1,27,0,5,6,40-50
Homme,Algérie,37584.44295423954,Premium,1.7,21,0,4,1,20-30
Femme,Belgique,38336.440189296714,Standard,7.5,26,0,2,6,30-40
Non précisé,Canada,22793.682959682825,Familial,30.1,22,1,1,2,60+
Femme,Algérie,54123.32729884323,Standard,17.3,28,0,6,1,60+
Homme,Maroc,38191.98718347056,Standard,6.1,26,0,3,4,40-50
Femme,Algérie,36308.338278581985,Standard,1.8,26,1,3,4,<20
Homme,Belgique,14779.786682436594,Standard,1.8,13,0,4,3,60+
Homme,France,39855.662171690456,Standard,21.3,28,1,6,4,40-50
Homme,Maroc,29658.186509029016,Premium,9.0,22,0,0,5,60+
Femme,Belgique,44311.77044332627,Standard,17.0,18,1,3,4,30-40
Homme,Maroc,42870.020767217015,Standard,11.2,15,1,2,5,30-40
Homme,Algérie,39406.77347315948,Familial,17.6,22,0,3,1,40-50
Femme,Maroc,33842.00136964942,Standard,23.6,26,0,0,7,60+
Homme,France,28680.442604130276,Familial,92.1,23,0,3,6,40-50
Femme,Canada,31426.123065177606,Premium,3.4,21,0,4,2,40-50
Femme,Canada,23804.87202533822,Standard,11.8,34,1,5,5,20-30
Homme,Belgique,42135.27743505489,Standard,6.7,16,0,5,4,60+
Homme,Maroc,42542.28423629867,Premium,4.1,25,0,6,3,20-30
Homme,France,27743.26826763545,Premium,8.4,27,0,2,1,<20
Femme,Canada,52544.105340610906,Standard,0.1,21,0,3,5,40-50
Femme,Canada,43283.00342495862,Premium,1.1,31,0,5,2,<20
Homme,Algérie,42068.513022092535,Standard,2.3,32,0,5,1,30-40
Femme,Belgique,50235.12534407557,Premium,18.8,21,0,5,3,40-50
Homme,Canada,58323.66677693476,Premium,82.3,22,0,4,3,60+
Homme,Maroc,56667.14707600582,Premium,23.7,23,0,2,5,40-50
Homme,Belgique,29024.90550158714,Familial,2.5,24,0,2,7,20-30
Femme,Belgique,35947.63144021014,Standard,7.8,23,1,4,4,<20
Homme,Belgique,34505.30753100896,Premium,6.2,35,0,4,1,60+
Homme,France,11628.815919116189,Standard,2.4,21,0,4,5,30-40
Femme,Maroc,14355.386849622455,Standard,11.5,28,0,5,1,20-30
Femme,Maroc,28619.842444729416,Standard,16.0,28,0,1,1,20-30
Femme,Algérie,40177.342866213585,Familial,14.36419689119171,21,0,1,3,40-50
Non précisé,Belgique,48816.409239557666,Premium,19.0,28,0,0,4,50-60
Homme,France,37482.554655775246,Standard,4.2,23,0,3,2,60+
Femme,Belgique,51004.25141539334,Premium,43.1,31,0,0,4,50-60
Homme,Canada,46027.87872441544,Familial,6.5,24,1,3,6,20-30
Femme,France,16260.997784796504,Familial,16.0,17,0,3,2,40-50
Homme,Belgique,32858.6467979898,Standard,3.2,22,0,0,4,50-60
Homme,Algérie,41241.35950222848,Standard,9.8,29,0,1,5,<20
Homme,France,47473.59745391173,Premium,1.4,19,1,6,1,20-30
Homme,Maroc,39575.41745789931,Premium,3.3,18,0,1,3,40-50
Homme,Canada,37251.41713887876,Standard,29.1,26,0,4,4,20-30
Femme,France,40732.313777843476,Premium,11.7,26,1,5,6,40-50
Homme,Maroc,48506.53699795388,Standard,14.36419689119171,30,0,1,2,20-30
Femme,Canada,42071.401947605416,Standard,14.36419689119171,16,1,4,1,40-50
Femme,Belgique,48149.98025951833,Standard,15.5,27,0,1,6,40-50
Femme,Algérie,32983.03982198349,Standard,12.4,29,1,0,2,20-30
Homme,Canada,52520.3176417519,Familial,3.4,25,0,6,5,40-50
Homme,Algérie,39922.20523972615,Familial,19.6,23,1,1,3,60+
Homme,Belgique,39085.28327902358,Standard,30.9,24,0,4,3,60+
Homme,Belgique,69099.02825295884,Standard,47.1,33,1,6,3,20-30
Homme,Belgique,48013.86765945024,Standard,13.6,31,0,5,6,40-50
Homme,Canada,37921.07138367626,Premium,9.3,16,1,2,7,20-30
Femme,Canada,55584.17220707471,Premium,0.6,17,0,6,3,40-50
Femme,Canada,60679.47522242387,Premium,21.0,30,0,0,2,40-50
Homme,Algérie,34979.213986537696,Standard,0.6,27,1,2,3,30-40
Homme,Maroc,38532.46775785646,Premium,15.6,20,1,6,1,20-30
Femme,Maroc,37018.75347269184,Standard,31.1,26,0,5,7,60+
Femme,Maroc,43413.26006465221,Premium,44.6,28,0,0,5,50-60
Homme,Belgique,50304.876092667364,Standard,30.3,27,0,2,5,<20
Homme,Belgique,43426.18085846277,Standard,2.7,31,1,5,3,30-40
Femme,Maroc,60231.09439211258,Premium,0.9,27,0,1,5,<20
Femme,Maroc,37240.39645023562,Premium,20.9,27,1,2,3,50-60
Femme,Belgique,39183.3439617345,Familial,28.0,27,0,4,2,40-50
Homme,Canada,43149.51080742346,Standard,4.2,35,0,1,2,40-50
Homme,Canada,54821.17116554645,Standard,14.36419689119171,16,1,1,5,20-30
Homme,Algérie,32076.37788414744,Standard,0.0,28,1,2,2,50-60
Homme,Maroc,57622.10067932674,Premium,59.7,32,0,6,6,50-60
Femme,France,29433.054860985954,Premium,2.3,19,0,5,6,20-30
Femme,Algérie,63912.345167002226,Standard,1.3,34,0,2,6,30-40
Homme,Canada,46659.8058526895,Premium,3.3,31,0,1,2,30-40
Femme,France,27148.89081434976,Standard,3.6,30,0,5,7,50-60
Non précisé,Algérie,47989.41426821885,Familial,23.0,20,0,3,5,40-50
Homme,Belgique,20585.551523373666,Standard,62.9,27,1,6,4,60+
Femme,Belgique,39005.98110663261,Standard,3.8,37,0,4,1,30-40
Femme,Belgique,49590.716595026184,Premium,4.9,30,0,3,1,30-40
Femme,Belgique,45901.09405256059,Standard,14.1,30,0,5,4,60+
Homme,Maroc,34092.88682988118,Standard,15.1,25,0,1,3,40-50
Femme,Maroc,44331.93167358102,Familial,19.8,20,1,6,4,40-50
Homme,Maroc,44031.995633262064,Standard,9.0,30,0,0,5,50-60
Femme,Canada,35334.899022569116,Familial,21.0,19,1,6,2,50-60
Homme,Canada,39864.85666022534,Premium,18.0,17,0,6,3,60+
Femme,France,44261.044731862,Standard,2.5,31,1,5,6,50-60
Femme,Belgique,28833.29632260215,Premium,34.9,20,0,5,5,30-40
Homme,Belgique,36167.97303667245,Standard,12.9,27,1,0,3,40-50
Femme,Canada,47122.34079822776,Standard,19.6,29,0,3,4,40-50
Femme,Belgique,36886.319799268436,Premium,2.7,24,1,3,1,20-30
Homme,Canada,39948.488342553814,Premium,17.9,32,0,6,3,30-40
Femme,France,25061.46834930323,Standard,1.1,28,1,0,3,30-40
Homme,Canada,42986.8287962366,Standard,3.4,27,0,1,4,40-50
Homme,Maroc,44484.5424246637,Premium,9.4,32,0,4,2,20-30
Femme,Canada,46679.877989657434,Premium,15.5,25,0,1,5,60+
Femme,Algérie,48018.6874720298,Standard,2.5,26,0,6,7,40-50
Femme,France,39027.86334146329,Premium,0.0,23,0,3,4,20-30
Homme,Belgique,38097.327460303175,Premium,3.0,21,0,1,1,60+
Femme,Belgique,63841.07553937873,Standard,7.1,20,0,4,4,30-40
Homme,Algérie,35475.69216905449,Standard,1.6,19,0,5,5,60+
Homme,France,49435.802662108224,Premium,2.3,32,0,1,1,40-50
Homme,Maroc,37517.49846199586,Familial,13.7,20,0,6,5,50-60
Homme,Algérie,47814.99263874522,Premium,29.9,24,0,4,3,20-30
Homme,France,23996.52618872492,Standard,1.2,30,1,4,7,60+
Femme,France,62126.04997963116,Premium,30.9,18,0,1,1,60+
Femme,Belgique,66997.03276867088,Familial,4.0,23,0,0,3,60+
Homme,Algérie,26332.901297894903,Standard,10.6,28,0,6,4,60+
Homme,France,25685.753697772438,Standard,26.5,22,1,3,2,60+
Femme,Canada,34332.43715924072,Premium,3.8,34,0,0,5,30-40
Femme,Canada,21939.599062055735,Standard,10.0,34,0,5,5,20-30
Femme,Algérie,29895.27943183858,Standard,39.4,31,0,5,3,50-60
Homme,France,41557.85729225916,Standard,2.8,27,0,1,1,40-50
Homme,Algérie,48174.36156235532,Standard,3.1,21,0,1,5,50-60
Femme,Canada,63200.79527208293,Premium,24.6,31,0,1,3,50-60
Non précisé,Belgique,19419.30154333565,Standard,17.1,21,0,6,3,40-50
Homme,Canada,50430.82857075928,Standard,6.7,21,0,4,5,40-50
Femme,France,29794.45132837579,Premium,3.6,23,0,0,1,<20
Femme,Belgique,32768.75497527588,Standard,2.5,22,0,1,4,40-50
Homme,Belgique,42026.31824717064,Premium,18.3,20,0,4,4,50-60
Homme,Canada,33831.14035080408,Standard,11.6,20,0,0,5,60+
Homme,Algérie,30040.604341430688,Premium,5.8,28,0,1,3,20-30
Homme,Maroc,41923.43761365322,Standard,1.5,25,0,1,4,20-30
Homme,Maroc,42781.81662584759,Premium,16.5,24,0,3,6,60+
Homme,Maroc,37494.25679956626,Standard,11.9,34,0,2,4,40-50
Non précisé,Maroc,36725.73372645441,Familial,77.3,23,0,2,1,20-30
Homme,France,29460.349203540805,Familial,2.2,28,0,5,1,60+
Femme,Algérie,31528.269047031285,Standard,21.4,24,0,6,2,50-60
Femme,Belgique,46302.308158293985,Standard,7.9,21,0,1,1,50-60
Femme,Canada,28984.587791852693,Premium,9.3,24,0,5,5,<20
Femme,France,47695.844812909185,Standard,15.4,19,0,6,2,40-50
Femme,France,60957.211039184,Standard,13.6,32,0,0,4,60+
Femme,France,32564.393108304947,Standard,18.2,17,1,1,5,30-40
Homme,Algérie,39178.488314561415,Premium,19.3,21,0,0,5,20-30
Homme,Canada,40443.22184196516,Standard,15.1,25,0,2,4,50-60
Femme,France,26126.778086766448,Standard,14.36419689119171,30,0,2,7,30-40
Homme,France,28741.63085081908,Standard,2.0,21,0,0,6,20-30
Femme,France,46851.77256265166,Standard,13.9,25,0,4,5,<20
Homme,France,46362.3940054095,Standard,2.5,24,0,3,5,20-30
Homme,Belgique,27584.233634567387,Standard,2.7,25,0,6,4,<20
Femme,Canada,31544.726118718714,Familial,2.8,18,1,6,3,60+
Femme,Belgique,46526.53031892469,Familial,22.3,29,1,6,6,20-30
Femme,Belgique,45630.53456918626,Standard,21.1,24,1,4,7,30-40
Femme,Belgique,35519.33507871082,Premium,31.3,24,1,3,5,30-40
Femme,Maroc,49824.59024144211,Premium,15.0,25,0,2,7,50-60
Homme,Algérie,36808.30390134212,Premium,7.8,28,1,3,2,40-50
Non précisé,Maroc,34173.519162159544,Premium,16.3,34,0,4,5,30-40
Homme,Belgique,35358.16601792179,Premium,40.8,29,1,3,6,<20
Non précisé,Belgique,33307.161660147125,Standard,0.6,27,1,2,7,50-60
Homme,France,58276.82651594778,Standard,22.7,20,0,0,4,50-60
Femme,Belgique,35144.015633748706,Standard,17.7,22,0,5,6,40-50
Non précisé,Algérie,28592.31749795558,Premium,50.0,24,1,1,6,40-50
Homme,Algérie,44989.608540925394,Standard,14.3,20,0,5,2,40-50
Femme,Maroc,58821.556278226286,Standard,120.5,23,1,0,6,30-40
Homme,France,57057.08015708686,Familial,7.6,33,0,6,6,20-30
Femme,Maroc,55584.89000381406,Premium,6.7,23,1,6,4,40-50
Femme,Belgique,48123.858862868365,Premium,6.7,31,0,5,3,20-30
Homme,Algérie,63481.49150624072,Premium,14.36419689119171,30,0,5,1,50-60
Homme,France,44423.02730367207,Standard,6.9,24,0,2,5,20-30
Non précisé,France,36334.84349018853,Standard,3.6,29,0,6,2,50-60
Femme,Canada,24439.99862047815,Standard,2.9,26,0,3,1,60+
Homme,Belgique,35460.81831332857,Standard,23.1,20,1,0,6,50-60
Homme,Belgique,28336.961065272804,Premium,11.2,35,1,4,1,20-30
Femme,Maroc,35652.85730867742,Premium,5.4,37,1,2,4,30-40
Homme,Belgique,21397.16210837254,Premium,0.4,23,0,5,2,50-60
Femme,Belgique,32098.37449461965,Standard,36.5,21,1,0,3,30-40
Homme,Maroc,41297.72438132994,Standard,14.36419689119171,26,0,5,2,<20
Femme,Belgique,30592.983170148273,Familial,0.1,19,0,2,1,60+
Homme,Algérie,44559.1471190372,Standard,31.1,30,0,6,4,20-30
Femme,Maroc,28966.993675406877,Standard,14.36419689119171,23,0,1,4,40-50
Femme,Maroc,49088.39034608396,Standard,28.5,32,0,0,6,60+
Femme,Maroc,36408.76607748361,Standard,13.5,29,0,5,5,50-60
Femme,Canada,41422.220316771774,Premium,14.9,28,1,0,3,20-30
Homme,Maroc,37605.64406739122,Premium,12.7,38,0,0,6,40-50
Homme,Algérie,33499.54303085168,Standard,12.2,25,1,0,5,40-50
Femme,Maroc,46168.331441639464,Premium,2.9,26,1,5,1,50-60
Homme,Maroc,35391.94809335099,Standard,4.6,20,0,1,2,50-60
Homme,Canada,64206.73298923248,Standard,21.7,28,0,0,3,40-50
Femme,Canada,25339.15147528219,Premium,31.6,20,0,1,5,30-40
Femme,Belgique,37735.61959380178,Premium,16.1,18,0,6,7,60+
Femme,Belgique,41421.68220862304,Premium,1.1,27,0,0,3,<20
Homme,Canada,44448.93383579657,Familial,4.1,21,1,6,6,40-50
Femme,Belgique,44470.36067929732,Premium,0.2,17,0,0,4,20-30
Homme,Canada,22112.499349474096,Standard,0.4,27,0,1,1,20-30
Homme,Algérie,25974.442115725873,Standard,5.5,20,1,3,4,20-30
Femme,Algérie,57991.83709206904,Premium,14.36419689119171,29,0,1,3,60+
Femme,France,59108.14779043455,Standard,14.4,22,1,2,6,20-30
Femme,Belgique,35464.85895486287,Standard,15.2,27,0,4,2,20-30
Femme,Belgique,43561.26875044916,Premium,17.1,22,0,5,6,60+
Homme,France,37559.91498833232,Premium,15.1,19,0,1,4,50-60
Femme,Algérie,38957.04748023221,Standard,1.6,28,0,5,1,20-30
Homme,Belgique,57946.73385171655,Familial,37.7,22,0,0,7,20-30
Femme,Canada,49317.85508654519,Familial,28.3,18,0,6,6,40-50
Homme,Algérie,55143.57570498208,Standard,2.2,23,0,0,4,30-40
Homme,France,37195.24742103732,Standard,17.1,21,1,2,2,60+
Homme,Algérie,41155.401442165086,Standard,27.1,30,1,6,3,20-30
Femme,Belgique,54722.17517976147,Premium,24.7,22,0,2,3,40-50
Femme,Maroc,41222.40724685811,Premium,16.4,24,1,1,3,60+
Femme,Maroc,57935.258171401874,Standard,21.2,30,0,5,1,30-40
Homme,France,58339.15122374197,Premium,30.3,30,0,4,5,30-40
Homme,Maroc,43604.59212940298,Standard,23.2,23,1,4,4,50-60
Homme,France,63536.444855276786,Familial,16.7,30,0,4,6,60+
Homme,Algérie,41451.894383588566,Standard,4.2,29,0,5,6,30-40
Femme,France,77526.21231822335,Premium,9.5,27,0,3,1,40-50
Homme,Canada,50226.7670827846,Premium,0.1,18,0,1,4,60+
Homme,Canada,54322.371507407974,Standard,4.3,18,0,5,4,<20
Femme,Belgique,44923.185552610914,Familial,14.0,18,0,4,1,30-40
Femme,Belgique,29062.08180576218,Premium,5.8,23,0,1,6,60+
Femme,Maroc,39215.678473897344,Premium,14.36419689119171,19,0,6,6,40-50
Homme,Algérie,39047.19919094784,Premium,14.36419689119171,23,1,1,5,30-40
Homme,Belgique,33768.48406755479,Premium,16.5,30,0,2,3,60+
Femme,Algérie,38264.83473437375,Standard,25.2,22,0,1,7,30-40
Homme,Belgique,16117.876712047519,Premium,32.6,25,0,2,2,40-50
Homme,Maroc,33743.0714190922,Standard,3.7,19,0,2,1,60+
Homme,Belgique,8803.60711635329,Premium,8.8,28,1,3,4,20-30
Homme,Canada,27466.329448794848,Standard,35.3,21,0,1,6,50-60
Homme,Maroc,46085.67787140834,Premium,57.6,24,0,4,5,20-30
Homme,France,38207.11554226871,Standard,15.9,24,0,6,2,50-60
Femme,Canada,35822.352456652356,Premium,65.0,31,1,6,1,20-30
Homme,Maroc,34484.3773865758,Standard,7.5,17,0,0,5,50-60
Femme,France,29398.885601872917,Standard,52.8,33,0,3,3,60+
Femme,France,46328.713236799515,Standard,14.8,20,0,1,6,40-50
Femme,France,48973.93723357047,Premium,13.5,22,0,2,1,60+
Femme,Canada,57141.090515308875,Premium,0.4,25,1,4,6,30-40
Femme,France,40125.80961975193,Standard,13.8,32,0,3,6,20-30
Femme,Maroc,45002.55096457456,Premium,2.6,23,0,3,6,50-60
Femme,Belgique,34994.17645539656,Standard,10.9,33,0,4,6,50-60
Femme,Maroc,23904.52994743188,Premium,2.0,32,0,5,5,60+
Femme,Canada,34259.35896416311,Premium,11.4,38,1,4,1,50-60
Homme,France,46758.20693044547,Premium,23.0,18,0,6,2,50-60
Non précisé,Maroc,61844.865782811445,Premium,10.2,28,0,4,3,20-30
Femme,Belgique,57750.886238539584,Standard,3.1,25,0,3,2,30-40
Femme,Maroc,41943.07565472589,Premium,18.8,24,0,4,6,60+
Homme,Maroc,44382.43430037261,Premium,47.1,35,0,0,6,20-30
Homme,Belgique,37799.30908042756,Standard,12.5,24,0,5,5,40-50
Femme,Belgique,19736.796160303635,Premium,16.5,30,0,5,6,60+
Homme,Maroc,31350.473324224866,Standard,3.7,26,0,3,3,40-50
Femme,Maroc,28576.955975579385,Premium,25.9,26,0,2,7,20-30
Homme,Maroc,19717.53186850947,Premium,13.1,34,0,6,4,30-40
Homme,Canada,22260.04925309068,Standard,1.1,34,1,3,1,30-40
Femme,Algérie,51048.6429891097,Standard,6.0,27,0,3,2,20-30
Homme,Algérie,43661.20914429101,Premium,7.0,29,0,4,6,40-50
Homme,Belgique,46209.43188433122,Premium,1.9,18,0,0,5,20-30
Homme,Algérie,44448.941298921316,Standard,3.5,37,0,6,5,30-40
Homme,Belgique,49560.83183733696,Premium,17.6,31,1,6,5,60+
Homme,Algérie,33896.340195253724,Standard,5.7,25,0,1,3,50-60
Homme,Belgique,26714.338829733835,Standard,6.6,24,1,2,2,20-30
Homme,Algérie,58023.14657144674,Standard,11.7,30,0,1,6,50-60
Homme,Maroc,40172.47315564109,Standard,1.0,31,0,4,3,30-40
Homme,Belgique,20577.526858258283,Standard,29.8,27,1,2,4,40-50
Femme,Algérie,30031.582771529025,Familial,7.5,27,0,3,3,20-30
Femme,Algérie,61813.301997074144,Premium,2.6,24,0,0,5,60+
Femme,Belgique,54151.764416751255,Premium,6.4,25,0,1,7,30-40
Femme,France,52191.77638800523,Familial,11.9,25,0,1,1,40-50
Femme,France,12196.34443164998,Premium,5.1,28,0,0,5,30-40
Homme,Belgique,26191.669138393892,Standard,12.2,29,0,6,3,40-50
Homme,Belgique,38677.771504503085,Standard,10.1,20,1,1,2,20-30
Femme,Canada,36174.902043933274,Standard,14.7,23,0,2,6,20-30
Femme,Canada,44457.05230598313,Standard,3.3,28,0,0,3,60+
Femme,Belgique,28771.809820847207,Standard,0.7,26,0,6,3,30-40
Femme,France,41793.63477176197,Standard,4.6,21,1,5,1,30-40
Homme,Maroc,60278.5576115372,Standard,4.0,20,0,2,5,30-40
Femme,Maroc,50969.61985071871,Standard,33.4,31,1,4,5,50-60
Femme,Algérie,41704.76265733845,Familial,68.9,19,0,5,5,20-30
Homme,Belgique,37978.37511760439,Premium,8.1,19,1,1,4,30-40
Femme,Maroc,29951.47756499451,Premium,47.7,23,0,1,4,50-60
Homme,Belgique,32541.59777437414,Premium,22.2,33,0,0,6,20-30
Femme,Canada,34139.67409510241,Standard,7.0,17,1,3,6,20-30
Homme,France,31033.237329791908,Premium,3.0,21,0,5,3,60+
Femme,Algérie,23382.562182680984,Standard,0.3,23,0,6,2,20-30
Homme,France,28401.10112588159,Standard,6.1,22,1,2,3,50-60
Femme,France,30181.35131271638,Standard,14.36419689119171,25,0,1,3,60+
Femme,Algérie,36023.642463309705,Familial,8.4,23,0,5,1,<20
Femme,Canada,54415.74504633204,Familial,5.4,27,1,1,3,40-50
Femme,Belgique,37463.70987144514,Standard,6.4,25,1,6,4,50-60
Femme,Algérie,34629.23211619552,Standard,1.9,26,0,5,1,40-50
Femme,France,47431.089151774446,Premium,8.3,27,1,4,5,60+
Femme,Canada,22048.324421015997,Standard,32.1,28,0,1,2,<20
Femme,Maroc,24924.763848533403,Standard,71.1,26,0,3,2,40-50
Femme,Belgique,34766.57624991894,Premium,14.36419689119171,23,0,0,2,20-30
Femme,Algérie,54467.72686755332,Familial,5.9,28,0,4,3,40-50
Femme,France,42503.53533060328,Premium,6.2,27,0,3,3,20-30
Femme,Canada,34907.211940944915,Familial,15.2,29,0,3,3,60+
Homme,Canada,29773.607621042956,Standard,8.7,23,1,3,5,60+
Homme,Maroc,35637.24374554433,Premium,8.5,20,1,4,1,30-40
Femme,Belgique,43529.88254444553,Premium,3.9,30,0,3,1,60+
Femme,Algérie,57243.61661467167,Familial,33.4,20,0,4,5,50-60
Homme,Canada,58336.45296984195,Familial,3.1,26,1,0,5,30-40
Homme,Canada,34403.85634748179,Standard,9.8,16,0,4,6,50-60
Femme,Canada,30064.635903431517,Premium,8.7,18,0,0,6,<20
Femme,Belgique,46125.45906648479,Premium,15.0,25,0,3,1,40-50
Femme,France,36348.93054376006,Standard,13.7,23,0,2,6,60+
Homme,Algérie,49546.666585995736,Standard,32.1,27,0,0,2,50-60
Homme,Maroc,36916.848760043904,Standard,49.3,23,0,2,5,20-30
Femme,Algérie,40341.31848924226,Premium,8.7,23,0,4,4,30-40
Non précisé,Canada,48003.83103982741,Standard,20.0,18,0,3,2,60+
Homme,France,38241.8995456504,Standard,11.1,25,0,6,3,20-30
Homme,Canada,57033.23734147269,Familial,1.5,23,1,1,5,20-30
Femme,Maroc,66838.98860017648,Premium,0.7,20,0,5,4,50-60
Homme,Belgique,37058.23983044576,Premium,17.1,27,0,3,2,60+
Femme,Algérie,48984.16503162132,Familial,25.4,21,0,2,6,20-30
Homme,Algérie,57102.27010506488,Premium,1.2,33,0,0,6,30-40
Homme,Belgique,36613.32450473823,Premium,7.0,22,1,5,1,60+
Homme,Canada,30605.016721491276,Familial,16.7,27,0,6,6,60+
Femme,Algérie,50174.61769502885,Standard,1.7,27,0,1,2,20-30
Homme,Maroc,38150.2397060662,Standard,4.9,21,0,3,3,50-60
Femme,Belgique,59920.1738520888,Premium,39.7,26,0,2,1,<20
Homme,Maroc,78962.63132932788,Standard,4.1,19,0,5,2,20-30
Homme,Maroc,56787.063331692996,Standard,14.36419689119171,25,1,3,2,50-60
Femme,Maroc,58353.26605919278,Premium,30.3,23,0,3,6,40-50
Femme,Canada,27180.82378797444,Premium,9.3,29,0,2,1,40-50
Femme,France,40687.327580519675,Standard,13.8,24,0,3,5,40-50
Femme,Belgique,75938.38763301194,Familial,3.8,22,1,6,1,50-60
Femme,Canada,23556.69990593604,Familial,8.0,26,0,3,2,40-50
Homme,Algérie,43893.31447875481,Standard,5.7,19,0,2,6,20-30
Femme,France,17718.706423558877,Standard,11.0,23,1,4,5,60+
Homme,France,52519.089201931245,Standard,13.4,23,0,1,2,50-60
Femme,Belgique,31513.076110761536,Familial,41.1,27,1,0,5,20-30
Non précisé,Algérie,41097.4499285379,Standard,3.0,30,0,5,5,40-50
Femme,Canada,42110.62588881352,Familial,1.6,26,0,3,4,40-50
Femme,Belgique,60082.34484066894,Familial,7.6,26,0,6,6,40-50
Femme,Canada,33173.78894916891,Familial,2.3,29,1,1,4,40-50
Homme,Maroc,44738.382225192916,Standard,0.3,18,0,6,2,30-40
Femme,Algérie,52554.6302439283,Familial,2.7,16,1,5,2,60+
Homme,Belgique,44387.541120146634,Premium,40.9,26,1,1,4,50-60
Homme,Maroc,57391.787512975396,Premium,2.6,24,0,2,3,30-40
Homme,Algérie,53391.70948225233,Standard,14.8,18,0,3,5,20-30
Non précisé,France,43251.03338303318,Standard,2.0,19,0,2,6,30-40
Femme,Belgique,42646.10848648888,Standard,2.5,30,1,5,4,20-30
Homme,Belgique,52618.220025835086,Familial,12.2,21,1,2,2,30-40
Homme,Algérie,35681.878383839634,Standard,0.5,26,1,1,2,50-60
Femme,Algérie,38990.86180565495,Standard,16.4,39,0,1,7,60+
Homme,Algérie,31985.094849762827,Premium,0.7,19,0,5,2,60+
Femme,Canada,50448.13598983042,Premium,1.6,24,0,1,2,50-60
Femme,Algérie,34613.584359324515,Standard,1.4,29,0,6,3,30-40
Homme,Algérie,41419.63264657454,Premium,43.7,28,1,4,5,40-50
Femme,France,23061.215343007567,Standard,5.5,33,0,5,1,60+
Femme,Canada,40037.84822621781,Standard,22.3,31,0,3,5,60+
Femme,Canada,44594.418201647546,Premium,3.0,30,0,5,3,60+
Femme,France,43296.18517568637,Familial,20.3,19,0,5,1,<20
Non précisé,France,32810.28148029509,Standard,1.2,15,0,0,6,60+
Femme,Algérie,44971.16007692811,Standard,7.9,26,0,5,1,60+
Femme,Canada,33353.48978162924,Familial,1.1,25,0,3,2,20-30
Homme,Canada,31193.230906257457,Standard,7.5,26,1,4,3,20-30
Homme,Belgique,31011.200214889326,Standard,4.0,27,1,2,5,30-40
Homme,Canada,34020.47386280813,Premium,16.1,26,0,3,2,30-40
Homme,Algérie,31126.97167764063,Premium,17.0,23,0,5,5,20-30
Femme,Belgique,47425.8003222454,Standard,21.5,29,1,6,1,30-40
Femme,Algérie,37382.32417703692,Premium,10.4,29,0,1,6,30-40
Femme,Belgique,10498.097840054557,Standard,1.4,22,0,2,6,20-30
Homme,Algérie,37049.96966735191,Premium,1.0,26,0,4,3,60+
Femme,Canada,57701.56896685508,Familial,11.0,27,1,6,3,20-30
Homme,Belgique,34464.574208089645,Premium,6.8,30,0,4,4,50-60
Homme,Belgique,27294.15156115197,Standard,2.4,36,1,2,2,50-60
Homme,Maroc,38111.30186288021,Familial,10.4,22,0,6,2,20-30
Non précisé,Belgique,68215.82511320207,Standard,24.7,20,0,6,3,50-60
Homme,Canada,73650.60639715909,Standard,17.1,15,0,6,6,40-50
Femme,Canada,43551.25997478477,Premium,30.7,24,0,0,3,30-40
Homme,France,60086.108685328596,Familial,9.2,25,0,3,2,40-50
Homme,France,38767.345946056244,Premium,2.2,31,0,2,5,40-50
Homme,Maroc,32348.760260745763,Familial,11.8,27,0,0,7,60+
Homme,Maroc,28734.80094094166,Premium,3.6,28,1,6,6,<20
Homme,Maroc,22647.895433647263,Standard,37.3,17,0,5,4,30-40
Homme,Canada,47407.27161002016,Standard,5.8,19,0,1,4,50-60
Femme,Algérie,44349.40393283306,Standard,12.3,20,0,5,2,50-60
Homme,Maroc,22872.370440823484,Premium,26.2,21,1,1,4,50-60
Femme,Algérie,57963.3976633835,Standard,8.6,20,0,2,2,50-60
Non précisé,Belgique,27568.130269780126,Familial,8.1,30,0,5,4,50-60
Femme,Belgique,55785.617151400205,Familial,2.7,30,1,1,3,50-60
Homme,France,42181.69373611778,Premium,27.3,28,0,0,3,50-60
Femme,Algérie,21940.876643253177,Premium,24.7,24,0,6,3,30-40
Homme,Belgique,24671.690605420532,Premium,17.3,24,0,1,2,50-60
Homme,Algérie,56587.1062384622,Premium,2.0,28,1,1,2,40-50
Homme,Algérie,56848.32737634185,Standard,6.6,22,0,4,1,30-40
Femme,Canada,53518.81281136932,Premium,1.0,26,1,3,7,40-50
Femme,Canada,55062.50944384317,Standard,14.9,40,0,5,3,60+
Femme,Algérie,49688.599589254045,Premium,26.3,23,0,4,3,50-60
Femme,Maroc,40061.430041380154,Standard,9.4,30,0,2,4,40-50
Femme,Algérie,43724.991713047966,Standard,22.2,22,0,2,1,20-30
Femme,Maroc,65720.51955056697,Standard,9.1,35,0,3,4,<20
Homme,Algérie,37122.241759136414,Premium,13.6,25,0,6,3,30-40
Femme,Algérie,39824.718260124944,Standard,1.6,25,0,0,3,40-50
Femme,France,45527.22571222963,Familial,4.9,22,0,6,5,30-40
Femme,France,19330.057398321347,Premium,17.0,30,1,1,3,50-60
Homme,Algérie,31268.946231722508,Premium,5.3,30,0,5,4,40-50
Femme,Maroc,18061.085609843376,Standard,14.36419689119171,26,0,3,1,20-30
Femme,Maroc,39867.25905808153,Premium,1.3,17,0,6,3,60+
Femme,Canada,54848.811056247054,Premium,11.1,23,0,0,6,60+
Femme,Belgique,49810.28688260832,Premium,1.5,26,0,4,5,20-30
Non précisé,Maroc,38274.796469595385,Standard,27.7,29,1,3,4,50-60
Homme,Algérie,28845.516976278333,Standard,1.3,23,0,2,2,50-60
Femme,Maroc,66242.22156934436,Standard,22.6,26,1,2,4,<20
Homme,Canada,42087.39362194048,Familial,17.9,37,0,2,4,40-50
Homme,Canada,54015.103133055876,Premium,14.36419689119171,27,0,0,3,30-40
Homme,France,47170.55168098245,Standard,9.1,28,0,5,3,30-40
Femme,France,29775.966832776165,Standard,4.9,24,1,6,3,60+
Femme,France,36659.78393358294,Standard,6.6,32,0,1,6,30-40
Femme,Maroc,43174.82961406266,Standard,3.9,31,1,1,2,<20
Homme,France,46876.52924829894,Familial,17.0,18,0,0,2,50-60
Femme,France,47273.057340512416,Standard,11.7,30,1,5,5,50-60
Femme,Belgique,28564.437367734776,Standard,63.5,26,0,4,5,60+
Femme,Algérie,54303.12762196788,Standard,4.3,25,1,2,1,40-50
Femme,France,48971.62388773319,Premium,13.2,30,0,4,1,60+
Femme,Algérie,43256.25130960215,Premium,9.9,28,0,0,3,40-50
Femme,Maroc,19637.806115500647,Familial,40.5,25,0,0,6,50-60
Homme,Algérie,54048.7261184187,Standard,8.2,24,1,1,3,40-50
Homme,Belgique,55464.24442635048,Standard,4.6,30,1,2,1,60+
Femme,Maroc,29202.378168186657,Standard,0.1,21,1,6,5,40-50
Femme,Algérie,52782.18307624236,Standard,19.8,30,0,1,4,30-40
Femme,Algérie,43269.54239087959,Standard,55.1,29,0,1,4,60+
Femme,Maroc,47090.058513944896,Standard,6.0,21,0,5,5,40-50
Homme,Algérie,27200.458773534367,Standard,17.2,29,1,5,4,50-60
Femme,Maroc,39134.62236848627,Premium,16.6,19,0,0,3,40-50
Femme,Canada,40217.773906047194,Standard,10.5,23,0,0,7,40-50
Homme,Algérie,25985.945563506048,Standard,14.36419689119171,23,0,3,3,60+
Femme,Algérie,20198.528614424224,Premium,29.0,23,0,1,3,<20
Femme,Algérie,47899.248095220726,Premium,13.0,35,0,5,7,50-60
Homme,France,37190.5066886273,Standard,1.1,29,0,2,5,30-40
Homme,Algérie,35681.305585278205,Standard,18.4,33,0,3,5,50-60
Homme,Algérie,40345.99500418862,Standard,12.9,26,0,0,5,40-50
Femme,Maroc,46669.61660520949,Premium,6.7,26,1,5,1,20-30
Homme,Algérie,53164.14180715374,Standard,13.2,16,1,0,6,60+
Homme,France,48086.63536430474,Premium,13.4,21,1,0,3,50-60
Femme,Algérie,46539.46140383056,Premium,2.2,21,0,3,5,30-40
Homme,Canada,41991.41382055451,Standard,13.1,21,0,1,3,50-60
Homme,Belgique,41325.74263845046,Premium,8.2,24,0,1,4,40-50
Femme,France,29933.685040297296,Standard,10.4,31,1,4,3,20-30
Femme,Algérie,25695.709997836257,Premium,0.3,28,0,2,6,30-40
Femme,Maroc,21860.965404735656,Familial,43.4,28,0,2,4,40-50
Femme,Algérie,35122.70141028906,Premium,8.7,25,0,1,2,40-50
Femme,Belgique,52259.94585564778,Standard,4.9,32,1,0,5,<20
Femme,Belgique,37282.23691246267,Premium,2.7,24,0,4,1,50-60
Homme,Algérie,31068.874246553256,Familial,6.1,18,0,2,6,30-40
Femme,Belgique,40731.7451542618,Premium,0.2,31,1,4,6,30-40
Femme,Maroc,33573.67944967779,Standard,17.7,29,0,2,7,60+
Femme,Algérie,44951.95445762803,Standard,9.4,18,1,1,6,50-60
Femme,France,26145.275243697324,Premium,12.1,19,1,4,2,60+
Non précisé,Maroc,47335.714546326315,Standard,14.8,21,0,4,6,20-30
Homme,Maroc,57619.84378151892,Standard,0.1,24,1,2,1,50-60
Homme,France,46630.472692838375,Standard,65.0,25,0,5,1,40-50
Non précisé,France,45898.44171402582,Standard,11.1,19,0,3,4,40-50
Femme,Belgique,46989.03066556536,Standard,44.2,21,0,3,4,30-40
Homme,Belgique,34533.400209141575,Standard,10.7,25,0,4,6,50-60
Homme,France,46083.77316873222,Standard,14.0,26,0,3,4,40-50
Femme,Belgique,24425.412872531968,Standard,13.2,18,0,2,3,40-50
Homme,Canada,67854.70221202352,Standard,21.3,14,0,0,3,50-60
Homme,Maroc,51158.59618381123,Standard,29.6,23,0,1,2,30-40
Femme,Canada,48960.48292443207,Premium,10.6,23,1,4,3,20-30
Femme,France,16867.98769647447,Premium,25.9,24,0,4,2,60+
Homme,Belgique,26256.289273737475,Standard,8.1,24,0,1,2,30-40
Femme,Maroc,42825.86720505512,Premium,18.2,29,0,5,4,40-50
Femme,Belgique,31222.682916351998,Standard,5.9,26,1,2,7,60+
Homme,Algérie,49710.263086313695,Standard,9.0,24,0,3,2,40-50
Homme,Canada,34728.6144897378,Standard,8.8,29,0,1,4,<20
Femme,France,44035.58346701422,Familial,11.9,18,0,3,3,50-60
Homme,France,39984.159695363465,Familial,86.4,29,1,0,3,20-30
Homme,Algérie,39527.63126026902,Premium,6.6,25,1,1,5,30-40
Femme,Maroc,32982.84703797555,Standard,6.9,24,0,2,6,20-30
Femme,France,35445.4784891197,Standard,0.4,19,1,5,3,60+
Femme,Maroc,14559.111677111905,Premium,14.3,25,0,1,4,20-30
Homme,Maroc,23697.80423276609,Standard,14.36419689119171,17,0,5,5,60+
Homme,Canada,42730.89403808719,Premium,18.5,24,0,5,2,40-50
Femme,France,48664.472797990195,Premium,16.0,20,0,6,5,20-30
Femme,Algérie,55216.13499836539,Premium,1.1,34,0,5,1,20-30
Homme,Belgique,28153.436305486804,Standard,14.36419689119171,24,1,5,1,<20
Femme,Algérie,38734.4422038944,Standard,3.0,23,0,5,6,20-30
Homme,France,28944.000469580897,Standard,1.4,20,0,5,4,40-50
Homme,France,34562.562054087444,Standard,8.3,28,1,6,3,40-50
Femme,Canada,52199.08647114843,Standard,1.2,26,0,3,5,50-60
Homme,Belgique,59828.003226168345,Premium,2.3,36,1,6,5,30-40
Homme,Belgique,47672.640837958534,Standard,35.7,23,0,2,3,40-50
Homme,Maroc,25553.899542074952,Familial,7.6,25,0,2,5,40-50
Homme,Belgique,46294.05383611194,Premium,14.36419689119171,28,1,2,5,60+
Femme,Canada,26618.31875767867,Premium,21.1,23,1,6,3,40-50
Femme,Maroc,39168.5022653776,Premium,23.3,25,1,1,2,<20
Femme,Maroc,41024.10312106935,Premium,2.4,23,1,5,6,50-60
Femme,France,35722.22191161342,Premium,14.1,31,0,3,5,30-40
Femme,Maroc,32988.37343370167,Standard,35.6,28,0,5,1,50-60
Homme,France,57223.66853244705,Standard,0.9,26,0,3,1,60+
Homme,France,34330.016777186116,Standard,0.4,20,1,2,5,20-30
Femme,Maroc,60706.46834747661,Premium,5.8,19,0,5,6,40-50
Femme,Canada,40238.59876145834,Standard,17.7,22,0,4,4,30-40
Homme,Belgique,37849.560207488474,Standard,15.2,25,0,4,5,50-60
Femme,Maroc,41738.93141358844,Premium,26.0,24,0,2,3,30-40
Homme,Canada,46585.10706588528,Familial,19.4,24,0,6,5,50-60
Homme,France,46008.00388891977,Standard,15.4,24,1,1,2,20-30
Femme,Canada,21827.44170398688,Standard,11.0,30,0,6,5,30-40
Femme,Canada,52640.27965876696,Familial,3.6,25,0,3,5,40-50
Femme,Algérie,41020.92438443138,Familial,4.9,25,0,0,2,40-50
Femme,Belgique,48802.41655261562,Standard,33.9,21,1,2,6,30-40
Homme,Maroc,25055.95931371448,Premium,9.9,22,0,5,1,50-60
Homme,Canada,28545.014522702324,Standard,24.7,20,0,6,5,20-30
Femme,Algérie,26021.68685225446,Premium,36.3,21,0,4,7,30-40
Femme,Belgique,53985.34549275785,Premium,7.2,27,0,3,5,40-50
Homme,Belgique,43733.79487859072,Standard,18.5,22,0,4,1,60+
Homme,France,37204.787290681044,Standard,19.4,31,0,1,6,30-40
Femme,Maroc,37742.88236799872,Standard,10.9,25,0,5,6,40-50
Homme,Maroc,58823.69118307966,Premium,47.3,28,0,1,1,40-50
Femme,Belgique,38794.419208318424,Standard,8.8,26,0,4,4,50-60
Femme,Belgique,50103.70887994237,Familial,5.6,13,1,0,1,50-60
Femme,Canada,42868.674173291045,Familial,1.1,25,1,0,2,60+
Homme,Belgique,29831.160460076957,Premium,3.9,33,0,1,4,60+
Homme,Belgique,40214.43804532496,Familial,19.1,26,0,1,4,20-30
Femme,Algérie,27973.336379136144,Premium,20.7,33,0,2,4,40-50
Femme,Belgique,49102.32105282089,Standard,5.8,33,1,3,6,40-50
Femme,France,35100.347410280614,Standard,23.9,21,0,5,1,50-60
Homme,France,37750.75231392749,Familial,14.36419689119171,25,0,4,4,30-40
Homme,Maroc,62866.43029356603,Familial,7.7,19,1,1,2,40-50
Homme,Algérie,33190.95562013513,Premium,6.5,15,0,3,1,60+
Femme,Canada,46804.29498424688,Standard,6.2,29,0,3,5,<20
Homme,Canada,35327.43160750584,Premium,14.36419689119171,22,0,2,7,50-60
Femme,France,15390.077740097217,Premium,9.4,19,0,2,5,40-50
Homme,Belgique,51977.06994327551,Standard,4.1,21,0,2,3,30-40
Homme,Algérie,24450.511486328513,Standard,9.5,25,1,5,4,40-50
Homme,Belgique,46516.021263973336,Standard,14.5,25,1,5,1,50-60
Femme,Algérie,25280.654506615938,Premium,2.1,26,0,2,1,40-50
Homme,France,39563.4459444897,Premium,2.0,23,0,5,4,20-30
Femme,Belgique,28379.31160590177,Standard,62.6,16,0,1,6,60+
Homme,Algérie,37444.867660643984,Standard,15.2,31,0,0,6,50-60
Femme,Belgique,47610.29909956735,Familial,22.7,31,0,1,2,50-60
Femme,France,23964.145872284786,Familial,5.9,20,1,1,2,60+
Homme,Maroc,27930.80776167021,Premium,36.3,28,0,0,4,50-60
Femme,Algérie,44338.95314091721,Standard,18.9,29,0,4,1,40-50
Homme,Belgique,42936.59678143364,Standard,15.0,28,0,6,3,60+
Femme,France,47861.7597324972,Premium,14.36419689119171,24,0,3,4,20-30
Homme,Algérie,36644.59021853981,Premium,4.3,27,0,0,2,<20
Homme,Algérie,38543.24139135817,Standard,14.36419689119171,27,0,0,1,60+
Femme,France,47673.92318960077,Standard,0.5,26,0,3,5,40-50
Femme,Belgique,26461.238926410846,Premium,4.5,28,0,2,3,60+
Homme,Maroc,65748.64743191826,Standard,44.6,22,0,0,6,50-60
Femme,Canada,36642.34393352404,Premium,0.3,16,0,4,2,40-50
Femme,Belgique,30998.012345826457,Premium,24.7,30,0,4,4,40-50
Non précisé,France,36368.13382726511,Standard,2.7,26,1,3,4,40-50
Femme,Algérie,35026.78604982649,Premium,1.8,24,0,4,1,40-50
Homme,Canada,42914.594101933886,Standard,26.5,20,0,5,3,30-40
Homme,Canada,40550.105290565625,Premium,22.1,27,0,3,6,<20
Homme,Belgique,58697.368072262696,Standard,5.4,19,0,2,2,40-50
Homme,Belgique,46389.78227771965,Standard,7.5,26,0,2,6,40-50
Femme,Maroc,46767.736498859274,Standard,9.6,22,1,0,2,40-50
Femme,Algérie,42131.204331805784,Standard,0.4,36,0,1,4,40-50
Femme,Canada,36124.75884219625,Premium,49.6,27,0,5,5,50-60
Homme,Belgique,15671.879696984197,Premium,34.7,20,1,4,6,30-40
Homme,Belgique,41400.06427283754,Premium,29.3,24,1,6,4,30-40
Femme,Maroc,44851.9719086347,Standard,19.5,30,0,1,3,50-60
Homme,France,44391.86292804597,Premium,21.0,19,0,3,5,20-30
Femme,Maroc,70003.57331560292,Standard,4.7,20,1,6,6,60+
Femme,France,13341.245435396922,Familial,1.3,24,0,4,5,30-40
Homme,Belgique,25311.77682564092,Premium,6.9,20,0,0,6,30-40
Homme,France,63064.46488868214,Standard,28.2,28,0,2,4,<20
Homme,Canada,25234.797427899848,Standard,13.6,23,1,3,3,60+
Homme,Canada,52510.55571947123,Standard,2.1,19,1,1,5,40-50
Femme,France,46623.70047657034,Premium,11.1,28,0,6,4,40-50
Homme,Maroc,40361.62377193007,Standard,18.7,27,1,5,3,50-60
Femme,Algérie,40475.37811342067,Standard,29.7,34,0,2,5,50-60
Femme,Canada,37885.01035622056,Standard,9.4,20,0,0,1,50-60
Femme,France,59798.81286895925,Premium,9.4,25,1,2,4,30-40
Homme,Belgique,42066.8270895491,Standard,25.2,19,1,3,1,20-30
Homme,Belgique,37521.75420271143,Premium,2.5,21,0,1,6,40-50
Homme,France,30862.813911511148,Familial,4.8,26,0,4,6,20-30
Homme,Canada,31866.769926168723,Standard,12.4,18,1,6,2,50-60
Homme,Maroc,27084.97667812895,Premium,16.4,25,1,5,2,40-50
Femme,Algérie,45757.43941446833,Standard,12.9,25,1,6,5,40-50
Homme,Belgique,43980.481890600604,Standard,2.3,28,0,2,2,50-60
Homme,Maroc,39171.83059592774,Standard,7.4,20,0,0,2,50-60
Homme,Maroc,46483.168092640735,Standard,8.7,26,0,6,4,30-40
Femme,Belgique,36670.99896766591,Familial,3.3,21,0,0,3,50-60
Femme,Algérie,35427.029051383164,Standard,9.7,28,0,3,1,50-60
Homme,Belgique,396.5407542293113,Familial,14.36419689119171,19,0,4,6,40-50
Femme,Algérie,18682.63607446228,Standard,6.0,21,0,4,6,50-60
Homme,Canada,27775.513912713275,Premium,5.5,17,0,2,3,40-50
Homme,Canada,40401.470971609764,Premium,9.6,27,1,4,4,30-40
Femme,Algérie,48183.70141205824,Standard,11.4,31,0,0,1,40-50
Homme,Belgique,33391.153058063835,Standard,6.3,32,1,3,3,40-50
Femme,Algérie,45493.474265930636,Premium,22.6,21,0,6,3,20-30
Homme,Maroc,27897.287167404986,Premium,8.0,23,0,0,6,30-40
Femme,Belgique,50528.15508921713,Standard,8.0,19,0,0,5,20-30
Homme,Maroc,48528.72173185677,Premium,14.36419689119171,29,0,5,2,50-60
Homme,Belgique,31997.200701920614,Familial,5.3,18,0,5,5,30-40
Femme,Belgique,53950.37951940378,Premium,1.5,23,0,5,3,20-30
Homme,Algérie,55384.027781455276,Standard,12.6,36,0,2,2,20-30
Homme,Maroc,19312.429060637925,Standard,2.6,30,0,2,1,60+
Homme,Algérie,38807.98088255966,Standard,79.1,32,0,5,5,<20
Homme,Algérie,47012.42112596117,Standard,2.0,23,0,3,5,40-50
Femme,Algérie,38739.9651747155,Premium,19.4,29,0,3,4,30-40
Femme,Canada,39375.80566586861,Premium,32.4,13,0,1,6,20-30
Femme,Belgique,66704.62474347433,Premium,19.8,27,1,2,5,40-50
Homme,Maroc,38301.41317912402,Familial,16.1,31,0,3,5,60+
Femme,Maroc,47866.31335168463,Standard,23.5,21,1,0,5,50-60
Homme,Canada,34683.59246827422,Standard,10.2,26,0,4,5,30-40
Femme,Algérie,65062.58181271078,Premium,35.3,22,0,4,7,60+
Femme,France,31806.524875739626,Familial,41.4,27,1,4,5,30-40
Homme,France,25955.851794333506,Premium,15.9,29,0,6,4,50-60
Femme,Algérie,26058.200306911753,Premium,42.9,26,0,0,7,60+
Femme,Algérie,34986.421298651076,Standard,9.4,31,0,1,7,40-50
Femme,France,26429.284974224338,Standard,27.7,28,0,6,6,40-50
Homme,Belgique,42371.589039772676,Standard,8.7,27,0,4,3,40-50
Homme,Maroc,40925.880033420864,Premium,14.36419689119171,25,0,5,4,<20
Femme,Canada,30422.059696925517,Standard,23.0,36,0,0,2,40-50
Homme,Maroc,48029.54726941303,Standard,0.7,23,0,5,3,40-50
Homme,Maroc,63725.92700567678,Familial,14.8,21,0,4,2,20-30
Femme,France,23585.04620100335,Familial,21.1,21,0,4,2,40-50
Homme,Algérie,31179.673590097223,Premium,4.1,25,0,3,2,40-50
Homme,France,29172.2868111925,Premium,15.2,24,0,6,4,40-50
Homme,Belgique,40836.09879974249,Premium,18.8,19,0,3,5,20-30
Femme,Algérie,13755.22873575016,Standard,8.1,29,0,3,7,30-40
Homme,Algérie,45687.550224713945,Familial,35.9,28,0,3,5,20-30
Femme,France,22058.16039746686,Familial,1.7,23,1,4,4,60+
Femme,Maroc,40737.09303142857,Standard,1.9,28,0,2,6,50-60
Homme,Algérie,40775.296403392276,Standard,6.3,21,0,3,1,20-30
Femme,Algérie,49745.90786224474,Familial,24.4,20,0,0,4,20-30
Homme,France,61406.33437133284,Standard,18.0,25,1,0,3,30-40
Homme,Belgique,44952.722491422406,Premium,11.1,25,0,0,5,30-40
Homme,Belgique,50170.22668800151,Standard,25.1,14,0,5,4,20-30
Femme,Canada,60393.91458348653,Premium,35.7,28,0,0,5,<20
Femme,Canada,42196.64741198983,Standard,4.2,25,0,0,2,50-60
Femme,France,39172.14152639514,Premium,3.1,31,1,2,2,20-30
Femme,Algérie,46659.54613711208,Standard,0.4,22,0,2,2,30-40
Femme,France,53631.14628983059,Standard,0.4,25,1,0,4,60+
Femme,Canada,55789.69846779703,Premium,23.9,35,0,1,3,60+
Homme,Maroc,48173.97400838489,Premium,42.9,21,1,2,7,60+
Homme,France,51499.420274117714,Premium,12.0,22,0,2,7,40-50
Femme,Algérie,50821.437139162845,Premium,17.7,21,1,3,1,40-50
Femme,Canada,45941.60372025471,Premium,27.6,28,0,4,3,60+
Non précisé,Algérie,46824.36465578731,Standard,16.9,19,0,4,5,30-40
Homme,France,44579.930058143174,Standard,53.7,25,0,3,5,40-50
Femme,Belgique,44716.621392908135,Standard,14.36419689119171,23,0,6,6,30-40
Femme,Canada,39126.29935178984,Standard,5.0,28,0,5,6,40-50
Homme,France,55866.51989251023,Standard,13.9,15,0,5,3,40-50
Homme,Canada,41906.45709163377,Familial,14.0,22,0,3,6,20-30
Homme,Algérie,37065.59187964703,Premium,29.9,24,1,2,1,20-30
Femme,Maroc,21514.82623995149,Premium,1.4,18,1,0,7,50-60
Femme,Maroc,46037.28411870613,Familial,19.5,36,0,3,1,50-60
Homme,Canada,26654.02497403362,Premium,20.2,22,1,5,1,40-50
Homme,Canada,29414.96734945062,Standard,12.0,31,0,5,2,<20
Homme,Maroc,24948.58937134521,Standard,13.4,23,1,5,4,<20
Femme,France,40431.21863583682,Standard,9.9,21,0,4,3,60+
Homme,Maroc,41138.68594970187,Standard,17.2,18,1,3,2,40-50
Femme,Canada,57652.928074988806,Standard,28.2,17,0,2,1,20-30
Femme,Maroc,42995.03018254991,Familial,14.36419689119171,28,0,0,4,40-50
Homme,Canada,17917.701255503256,Standard,81.7,35,0,2,3,50-60
Femme,Canada,38458.696346662815,Familial,16.3,24,0,1,1,60+
Homme,Canada,10313.330111076404,Premium,11.6,26,0,5,2,30-40
Homme,Algérie,49596.830150837806,Standard,45.9,32,0,5,3,50-60
Femme,Canada,35378.012311184575,Standard,3.5,31,1,3,2,<20
Homme,Canada,25734.096786724964,Premium,1.6,29,1,6,1,40-50
Femme,Algérie,49837.647255223215,Standard,5.7,24,1,2,5,40-50
Homme,Maroc,50731.25459430015,Standard,57.2,29,0,5,2,<20
Non précisé,Canada,41144.03473030414,Premium,13.9,35,0,4,3,40-50
Homme,Canada,44022.57030576842,Standard,1.4,28,0,2,3,40-50
Homme,Belgique,48928.032786945114,Standard,0.1,22,0,4,2,50-60
Homme,France,22835.340705594866,Standard,8.5,29,0,6,1,40-50
Homme,Belgique,37147.73966068245,Familial,4.1,28,0,1,5,20-30
Homme,Canada,34299.56656409632,Standard,4.4,29,1,2,4,40-50
Homme,Canada,40648.31190725125,Standard,5.8,33,1,1,5,50-60
Homme,France,31060.03430448414,Premium,20.9,21,0,1,7,30-40
Femme,Maroc,30952.120411079133,Standard,0.4,29,0,3,1,50-60
Femme,Belgique,46941.354220816575,Standard,2.0,25,0,1,2,30-40
Homme,Belgique,41279.35563702348,Standard,13.8,21,1,5,3,30-40
Femme,Maroc,28042.086284858273,Standard,4.3,22,1,1,6,30-40
Femme,France,40331.914409461875,Premium,0.7,22,0,1,1,60+
Homme,Maroc,20794.181767453567,Standard,7.7,20,0,4,1,<20
Homme,Canada,31245.07910999331,Standard,7.4,22,0,3,5,<20
Homme,Canada,44549.021903750836,Standard,7.4,19,1,5,2,60+
Femme,France,32424.147044404177,Familial,6.1,24,1,3,2,30-40
Femme,Canada,40238.41594206463,Standard,0.9,24,1,4,7,50-60
Homme,Canada,31557.428581345073,Familial,5.6,24,0,0,5,50-60
Homme,Canada,52383.96550291682,Familial,9.4,27,0,6,3,30-40
Femme,Algérie,49682.16200152152,Premium,14.8,26,0,2,5,<20
Homme,Belgique,50267.79486508637,Standard,1.4,37,1,3,5,30-40
Femme,Maroc,40636.72395028744,Standard,1.9,13,0,2,1,40-50
Homme,Canada,56507.365070549175,Standard,20.0,18,0,0,3,30-40
Homme,Belgique,52876.17018455436,Standard,13.7,19,1,3,1,40-50
Femme,Algérie,48934.605567360384,Standard,11.7,22,0,6,6,40-50
Femme,Belgique,37937.530279174054,Standard,13.8,22,0,3,2,40-50
Femme,Canada,54419.66772621343,Familial,8.7,21,1,4,4,50-60
Homme,Maroc,37376.930306849266,Standard,10.3,29,1,0,2,40-50
Femme,Maroc,38161.66252157326,Premium,18.2,19,0,4,1,40-50
Femme,Belgique,49889.63789276209,Familial,12.8,31,0,3,2,<20
Femme,Algérie,34371.053299237305,Familial,22.1,21,0,0,3,30-40
Homme,Maroc,33504.44223358821,Premium,1.0,22,0,6,4,60+
Femme,Belgique,63374.10597164792,Standard,19.3,31,1,0,6,50-60
Femme,Canada,34082.81608451425,Standard,18.6,29,0,0,4,50-60
Homme,France,52021.78139123567,Standard,25.5,18,1,3,3,30-40
Femme,Belgique,35180.06456333272,Familial,1.6,35,0,6,1,30-40
Homme,France,38551.20109679941,Standard,14.4,25,0,3,2,20-30
Homme,Maroc,21840.958266075282,Familial,27.3,32,0,2,6,40-50
Femme,Belgique,41245.61139593752,Standard,1.8,31,0,2,5,30-40
Femme,Maroc,56706.744822602916,Standard,17.3,24,0,6,5,40-50
Homme,Canada,24236.735249557278,Premium,2.0,27,0,3,1,40-50
Femme,France,41902.02124013246,Standard,52.4,28,0,1,4,30-40
Homme,Algérie,45404.48427228996,Standard,17.4,20,0,5,6,30-40
Homme,Maroc,24605.770936281795,Familial,15.7,27,0,6,1,40-50
Homme,Canada,58434.647541241626,Premium,2.9,22,0,4,3,40-50
Femme,France,45834.88358700617,Premium,0.1,29,1,3,1,30-40
Femme,Canada,30590.20338296481,Standard,6.2,26,1,0,5,60+
Femme,Belgique,33856.336477015524,Premium,4.8,19,0,2,5,20-30
Non précisé,Algérie,44129.801871225325,Standard,20.4,29,0,3,7,60+
Homme,Algérie,32987.93061616544,Premium,18.1,32,0,1,2,40-50
Homme,Canada,51082.31471611984,Premium,7.1,24,0,3,1,20-30
Homme,France,52192.55258152106,Standard,12.0,27,0,4,6,<20
Femme,Maroc,38342.03755211734,Premium,16.5,23,0,3,7,20-30
Femme,Canada,32620.528262287593,Premium,10.5,21,0,1,6,30-40
Homme,France,49367.26185737383,Premium,2.6,27,0,3,2,30-40
Homme,Algérie,36805.54332882427,Familial,30.8,30,0,6,6,50-60
Homme,Algérie,43044.24380823143,Standard,15.2,30,1,5,5,20-30
Femme,Algérie,61756.59237896458,Standard,5.0,27,1,5,4,50-60
Femme,Belgique,56135.72332142991,Standard,4.6,35,1,3,3,40-50
Homme,Algérie,46208.95056607487,Standard,0.3,26,0,2,2,<20
Homme,Maroc,47687.107534328396,Standard,43.6,20,0,0,6,60+
Femme,Belgique,38792.271917910395,Standard,8.3,20,1,4,5,50-60
Homme,Belgique,57336.71660406629,Standard,18.4,29,0,3,1,50-60
Femme,Canada,17528.302015514342,Familial,0.0,29,0,6,3,30-40
Homme,Belgique,42929.15446631503,Premium,0.0,26,1,1,1,60+
Homme,Canada,60348.75079120389,Standard,61.4,32,0,0,4,40-50
Femme,Algérie,21790.208364300022,Premium,6.7,23,0,4,3,<20
Femme,Canada,36985.35684713266,Standard,19.1,25,0,6,5,30-40
Homme,Canada,50013.079909891174,Premium,14.36419689119171,35,0,1,4,40-50
Homme,France,41524.08380913229,Premium,9.4,29,0,0,3,40-50
Femme,France,43421.6852253635,Familial,8.8,18,0,2,5,30-40
Femme,Maroc,47120.77752832157,Standard,6.7,31,0,5,4,20-30
Femme,Algérie,45604.7445911587,Familial,2.5,21,1,0,1,40-50
Homme,Algérie,27997.382648168812,Standard,27.3,27,1,2,6,30-40
Femme,France,13051.469865721856,Standard,46.0,31,1,2,1,40-50
Femme,Algérie,11011.985730729248,Standard,7.6,23,0,1,3,40-50
Homme,Maroc,42217.12394440919,Familial,49.8,22,0,5,4,50-60
Homme,Belgique,31541.648788216247,Standard,0.9,27,0,0,4,40-50
Femme,France,28431.65922166092,Premium,23.0,20,0,2,4,50-60
Homme,Canada,16797.244280064926,Familial,6.5,24,0,0,4,60+
Femme,France,37578.29440809484,Standard,7.4,32,1,1,6,50-60
Femme,Belgique,34204.39826376088,Standard,21.2,24,0,4,4,30-40
Homme,Belgique,43094.42086496089,Standard,8.4,24,0,3,1,20-30
Homme,Belgique,33560.967799717255,Standard,22.3,29,0,1,1,60+
Homme,Maroc,41966.34143871747,Standard,13.3,18,0,3,3,20-30
Homme,Algérie,44396.93586843595,Standard,19.4,27,0,3,1,40-50
Femme,Belgique,28196.243800413555,Premium,82.0,29,0,4,3,40-50
Homme,Algérie,38797.81043161539,Standard,34.5,29,0,5,4,<20
Non précisé,Maroc,56367.64841649543,Standard,6.0,27,0,6,6,50-60
Non précisé,Algérie,25719.306330674925,Standard,17.7,16,1,1,1,60+
Femme,Canada,28862.549018872916,Premium,4.4,24,0,0,2,30-40
Femme,France,45156.88301863321,Standard,33.5,27,0,5,4,40-50
Homme,Canada,40979.20797318085,Standard,17.5,25,0,5,6,40-50
Femme,France,47046.03384239041,Premium,8.1,40,0,2,3,30-40
Femme,Maroc,38652.38439148007,Premium,47.8,29,0,5,1,<20
Homme,Maroc,37483.37739163038,Standard,3.4,28,0,5,5,40-50
Femme,France,43005.48951828084,Premium,77.7,32,0,6,4,20-30
Homme,Canada,35069.08321005799,Premium,3.6,31,0,0,2,50-60
Femme,Canada,46316.26438536452,Standard,0.3,39,1,1,3,50-60
Homme,Canada,44681.7861321015,Standard,7.9,20,0,6,4,30-40
Homme,Canada,57383.69261993632,Premium,4.8,29,1,2,2,40-50
Homme,France,42192.7705109336,Standard,30.0,27,0,0,6,60+
Femme,France,60176.23108238024,Premium,3.5,24,0,5,1,30-40
Femme,Canada,43756.5788877232,Premium,2.7,35,0,4,3,30-40
Homme,Belgique,35521.5978073241,Standard,23.9,22,1,4,4,50-60
Femme,Canada,40618.49132731436,Familial,10.4,22,0,4,4,50-60
Femme,Belgique,43387.155780426285,Premium,15.2,22,0,6,1,30-40
Homme,Maroc,43638.763003425025,Standard,3.5,16,0,3,5,60+
Femme,Canada,49300.122139689745,Premium,11.7,32,0,1,2,50-60
Femme,Canada,27372.29789988556,Standard,0.5,27,1,6,2,50-60
Femme,Canada,28922.91852454455,Standard,2.3,20,0,6,6,20-30
Homme,France,24748.56350016909,Standard,49.1,22,0,4,7,50-60
Femme,Maroc,35371.8148474995,Familial,8.5,19,1,4,5,60+
Homme,Belgique,43464.31414072152,Standard,5.4,23,0,3,1,30-40
Homme,France,43344.821245272746,Premium,11.8,30,0,4,1,20-30
Femme,Belgique,32564.448014720943,Standard,0.2,22,0,2,1,40-50
Homme,Algérie,40313.879772061824,Premium,83.6,29,0,2,5,20-30
Femme,Algérie,45158.85856552617,Familial,3.0,19,1,0,5,40-50
Femme,Maroc,38452.041122419134,Premium,8.0,23,1,5,6,20-30
Homme,Algérie,38366.20588249814,Standard,1.5,18,1,6,6,20-30
Homme,Canada,54208.06515268065,Standard,15.5,24,0,0,2,30-40
Homme,Canada,44454.07640909018,Standard,11.0,23,0,2,2,60+
Homme,Belgique,58503.3612716599,Premium,12.6,27,1,6,6,40-50
Femme,Belgique,44398.435326294144,Standard,3.0,31,0,3,5,30-40
Homme,France,30383.62634071805,Standard,23.0,18,0,0,1,50-60
Femme,Belgique,32375.767610007064,Premium,62.5,23,0,4,5,20-30
Femme,France,36377.69062370616,Standard,14.8,29,0,6,3,<20
Homme,Maroc,41917.66354140966,Familial,21.7,24,0,4,2,40-50
Homme,Algérie,31437.13339062582,Premium,24.8,16,0,2,3,60+
Homme,France,47198.46721718435,Standard,22.4,24,0,0,6,20-30
Femme,Canada,53666.69947672385,Standard,26.3,25,0,0,1,50-60
Femme,Belgique,42446.381116838566,Premium,21.7,18,0,0,6,30-40
Homme,Algérie,27383.495380756296,Premium,53.4,21,1,4,2,60+
Homme,Maroc,27764.097974495322,Standard,24.0,28,0,4,2,50-60
Homme,Belgique,49572.9083312595,Premium,7.6,36,0,3,3,40-50
Homme,Maroc,46388.85459114369,Standard,27.0,29,0,2,5,20-30
Femme,Algérie,18002.291753721063,Premium,0.1,20,0,5,7,40-50
Homme,Algérie,42002.06133634682,Standard,13.7,16,1,1,1,30-40
Homme,France,45530.500599438186,Standard,6.2,26,0,2,1,20-30
Femme,Belgique,40014.06352168341,Familial,2.1,23,0,5,1,60+
Homme,Algérie,25726.358814105246,Premium,41.7,26,1,4,6,30-40
Homme,Canada,33077.23243561503,Standard,10.7,23,0,2,2,30-40
Femme,Maroc,51433.947558645516,Premium,8.6,28,1,4,4,40-50
Femme,France,26624.118324810686,Standard,9.3,21,0,0,5,<20
Homme,France,28367.641059313064,Premium,38.7,28,0,2,3,20-30
Homme,Canada,19482.705573223557,Standard,22.0,25,0,4,1,30-40
Homme,Algérie,28298.022516805373,Standard,13.8,21,0,0,7,50-60
Homme,Belgique,20163.00765238758,Standard,1.1,31,0,5,4,30-40
Femme,France,43664.342183536086,Standard,10.6,18,0,4,5,50-60
Femme,Maroc,57227.559744278675,Standard,18.3,29,0,5,5,60+
Homme,Canada,47186.724551083265,Familial,3.0,26,0,2,7,40-50
Femme,France,44014.70542742003,Standard,28.4,24,0,5,4,30-40
Femme,Maroc,57886.38519706032,Familial,5.5,24,0,6,4,20-30
Femme,Algérie,41403.26883768291,Premium,1.8,20,0,0,5,40-50
Femme,Maroc,62514.27207220315,Standard,21.9,26,0,6,5,60+
Homme,France,55813.60261545999,Standard,62.0,25,0,0,2,40-50
Femme,Belgique,32081.544307555414,Familial,9.4,22,1,1,2,20-30
Homme,Algérie,42243.069157690836,Premium,10.0,37,0,3,5,20-30
Femme,Maroc,41360.469804606255,Standard,3.7,26,0,4,5,40-50
Femme,Belgique,55067.804392256716,Premium,11.4,20,0,5,4,50-60
Femme,France,27177.414432913116,Standard,20.4,17,1,1,4,60+
Homme,France,43665.590917941765,Premium,3.8,21,0,6,6,20-30
Femme,Maroc,41505.68495353524,Premium,24.0,21,0,2,5,20-30
Femme,Canada,24068.215024123114,Premium,17.0,37,0,5,3,30-40
Femme,Belgique,25710.710911955754,Familial,9.6,15,0,1,6,20-30
Femme,Maroc,35898.039515400465,Standard,26.2,26,0,0,5,40-50
Femme,Maroc,34479.55823599721,Familial,6.8,18,0,1,3,50-60
Femme,Canada,25217.47153589269,Familial,8.5,35,0,6,5,60+
Homme,Maroc,43340.214846914576,Standard,4.6,23,1,6,6,30-40
Homme,Maroc,66199.33939613173,Premium,10.7,25,1,5,5,40-50
Femme,France,27631.430022647477,Familial,5.5,29,0,5,3,20-30
Femme,France,44824.80503163,Premium,10.8,31,0,4,2,20-30
Homme,Algérie,39649.063667363815,Standard,41.9,26,0,5,4,60+
Homme,Maroc,27695.05336907182,Premium,38.9,24,0,4,4,50-60
Homme,Canada,46142.49756419901,Premium,8.1,17,0,0,6,20-30
Homme,France,80574.98581036973,Standard,3.3,26,0,2,6,<20
Homme,Belgique,37859.35849993584,Standard,2.9,22,0,5,5,<20
Femme,Canada,33395.959015171036,Standard,15.9,27,0,1,4,50-60
Homme,France,49052.075796620586,Familial,11.6,30,0,0,2,30-40
Homme,Maroc,54103.37174641533,Familial,17.4,24,0,6,6,30-40
Homme,Algérie,36628.87608933893,Familial,22.5,37,0,5,4,60+
Homme,Algérie,20948.161169768842,Standard,0.7,15,0,2,1,30-40
Non précisé,France,50419.09504131684,Premium,11.5,33,0,1,3,40-50
Non précisé,Canada,39292.28163676006,Standard,17.4,19,0,1,4,<20
Femme,Belgique,37400.66850384553,Standard,1.1,24,1,6,6,50-60
Homme,Maroc,56093.40666433185,Standard,5.1,19,1,0,3,20-30
Homme,Algérie,39895.48034386406,Premium,1.0,22,0,0,3,50-60
Femme,France,55656.250114202194,Standard,29.2,20,0,0,3,50-60
Femme,Maroc,23384.958296719255,Premium,16.2,27,0,2,3,40-50
Femme,Maroc,41524.804344111384,Standard,20.7,22,0,6,2,20-30
Homme,Canada,30355.668215816426,Standard,6.9,25,0,3,1,30-40
Femme,France,51430.38617644875,Premium,0.5,29,0,1,2,30-40
Femme,France,30343.40224802466,Premium,5.2,30,1,6,3,50-60
Homme,Algérie,51395.59295479863,Standard,12.6,20,0,5,2,20-30
Femme,France,34209.23833636648,Standard,1.3,23,0,4,4,20-30
Homme,France,30248.082658862448,Standard,30.1,18,0,2,4,40-50
Homme,France,65432.39093558455,Premium,15.0,34,0,5,4,40-50
Homme,Maroc,41221.390083195096,Standard,11.0,21,0,4,1,60+
Homme,France,31908.084700102383,Standard,1.5,17,0,4,6,<20
Femme,Belgique,37264.62800651049,Standard,18.1,27,0,6,5,60+
Femme,Maroc,40597.861520385675,Standard,8.3,27,0,0,5,40-50
Homme,Maroc,20236.78718814055,Premium,14.36419689119171,25,1,3,3,30-40
Femme,France,43606.06821962308,Standard,6.0,27,0,0,4,40-50
Femme,Algérie,14438.924636702095,Premium,16.2,27,0,0,1,50-60
Homme,Algérie,22421.376071066374,Standard,2.8,21,1,6,2,50-60
Homme,Maroc,44341.88911618736,Standard,1.9,29,1,1,4,40-50
Homme,Canada,26747.50300731744,Standard,10.6,23,0,3,3,40-50
Femme,Belgique,42435.96639438022,Premium,0.9,29,0,5,3,60+
Femme,Maroc,42070.85924832634,Standard,1.3,15,0,0,3,30-40
Homme,Belgique,42842.822174892535,Standard,1.5,22,0,2,7,50-60
Femme,Maroc,38015.23436026456,Premium,34.2,26,0,5,3,<20
Homme,Maroc,20197.423989858547,Standard,12.7,21,1,2,6,50-60
Femme,Maroc,36198.34068415082,Premium,4.4,25,0,5,4,20-30
Homme,Maroc,46464.286237625936,Premium,13.4,33,0,3,5,<20
Homme,France,19930.93337149047,Premium,3.9,26,0,1,2,30-40
Homme,France,44051.138157261084,Familial,14.36419689119171,27,0,6,2,40-50
Homme,Maroc,40302.197724624806,Familial,10.2,27,1,6,6,60+
Femme,Algérie,56454.06826619852,Standard,2.4,28,0,1,4,20-30
Homme,Algérie,25369.648352100896,Premium,1.1,26,1,6,3,50-60
Homme,France,48234.57194896953,Familial,5.1,32,0,2,2,50-60
Homme,France,21436.932572059948,Familial,18.5,17,0,5,3,20-30
Homme,Maroc,29268.717587233194,Premium,45.7,27,0,2,6,30-40
Homme,Algérie,49477.53948967478,Standard,18.5,26,0,2,6,50-60
Femme,Belgique,50721.44894390994,Familial,10.8,33,0,4,5,20-30
Femme,Belgique,44406.94923240647,Premium,6.5,32,0,4,4,40-50
Homme,Belgique,23359.353236882405,Premium,19.2,28,0,5,1,40-50
Femme,Canada,41511.546792109635,Premium,11.1,19,0,0,2,30-40
Femme,Algérie,53547.32032547626,Standard,39.2,44,1,5,5,40-50
Femme,France,38163.11659874464,Familial,2.8,26,0,6,5,20-30
Femme,Algérie,50211.611801106825,Familial,18.3,20,0,5,6,20-30
Femme,Canada,24514.165438869557,Standard,17.5,28,0,3,5,50-60
Femme,Canada,60615.804939274225,Premium,14.36419689119171,28,0,3,6,<20
Femme,Maroc,41797.23131504607,Standard,6.2,26,0,0,5,20-30
Femme,Canada,41650.74923410896,Standard,7.9,33,0,3,3,20-30
Homme,Belgique,36687.209616262306,Familial,33.9,23,0,4,2,50-60
Homme,Algérie,19340.65951500439,Premium,34.1,23,0,1,5,20-30
Homme,France,29850.870783896782,Premium,6.5,31,0,4,4,30-40
Homme,Maroc,40625.523862391834,Standard,6.3,35,1,3,5,30-40
Homme,Belgique,38227.88205566023,Standard,48.7,28,1,3,2,30-40
Homme,Algérie,31262.76460447313,Familial,13.0,27,0,2,2,30-40
Femme,Canada,28200.139762536695,Premium,2.9,31,0,4,7,40-50
Homme,Canada,57112.51264984114,Premium,13.7,30,1,2,4,<20
Femme,Algérie,25792.21847154462,Standard,3.0,31,0,1,4,50-60
Homme,Belgique,48047.41567540022,Standard,57.2,15,0,1,3,60+
Homme,Belgique,30288.82498803771,Familial,3.9,22,0,0,3,20-30
Homme,Belgique,45200.94122840902,Premium,19.2,18,1,3,5,50-60
Homme,Belgique,25302.117186814776,Premium,3.8,31,1,3,7,50-60
Femme,France,37193.09210439086,Standard,27.0,22,0,4,2,30-40
Homme,Belgique,41577.05833758154,Premium,30.0,19,0,2,4,60+
Homme,Belgique,35155.180541117435,Premium,54.1,36,0,3,5,20-30
Femme,Canada,32889.16628436071,Premium,20.8,31,0,1,3,30-40
Homme,France,21226.683419040175,Premium,4.7,28,1,6,5,30-40
Femme,Maroc,54160.62128099982,Premium,18.0,30,0,6,6,60+
Femme,Canada,60205.12614614154,Premium,0.1,22,0,0,3,60+
Homme,Algérie,35707.66838499088,Premium,1.9,18,0,4,2,40-50
Femme,France,26688.959718585007,Standard,34.0,23,1,6,3,40-50
Femme,Belgique,45394.626445117065,Standard,10.1,29,0,4,4,40-50
Homme,Canada,35212.38242636813,Premium,3.5,21,0,2,3,30-40
Homme,Belgique,40195.2801426593,Familial,14.36419689119171,27,0,3,1,20-30
Homme,Maroc,55974.55518338866,Standard,1.2,26,1,2,2,20-30
Femme,Canada,42018.28248374812,Standard,9.9,26,0,2,1,20-30
Homme,Canada,41468.291973242776,Familial,13.7,23,0,6,3,50-60
Homme,Belgique,41673.78887660346,Standard,23.6,25,0,0,3,20-30
Homme,Algérie,57422.44074524588,Standard,0.0,25,0,0,7,20-30
Femme,Canada,42141.97101779555,Familial,3.5,24,0,1,3,30-40
Femme,Maroc,30935.03840412837,Premium,13.1,20,0,0,7,20-30
Homme,Maroc,23335.38950711295,Standard,1.0,25,0,3,6,20-30
Non précisé,France,15546.800474384447,Premium,3.8,29,1,5,3,60+
Homme,France,46756.4131149544,Standard,2.5,40,1,4,5,50-60
Femme,Algérie,38007.32875282113,Premium,51.5,28,1,5,6,20-30
Femme,Belgique,18051.161030934618,Standard,5.1,18,0,5,6,60+
Homme,Canada,58209.63512952761,Standard,26.3,25,0,1,4,20-30
Femme,Belgique,36692.95551965418,Standard,1.4,25,0,3,5,20-30
Femme,Canada,37587.20017482285,Premium,30.6,16,0,1,1,20-30
Femme,Belgique,36426.57970160362,Standard,5.7,18,0,5,2,20-30
Homme,Canada,50775.66398385509,Standard,11.2,35,1,5,5,30-40
Femme,Belgique,28999.968925662622,Premium,7.9,31,1,0,1,60+
Homme,France,37108.91356747355,Familial,25.5,25,0,2,1,60+
Homme,France,37445.165375029756,Standard,12.3,20,0,2,3,20-30
Non précisé,Algérie,55627.99107479893,Standard,0.4,28,0,5,5,60+
Femme,Maroc,45089.6629387743,Premium,0.8,25,1,1,6,20-30
Homme,Belgique,35694.25090999238,Standard,9.1,26,0,6,5,50-60
Homme,Belgique,46922.55426472434,Premium,12.8,19,1,2,5,50-60
Homme,Algérie,30040.27776210239,Premium,4.3,20,1,6,2,40-50
Homme,Belgique,46941.188082497065,Standard,23.1,28,0,5,6,20-30
Femme,Algérie,26795.700642737083,Familial,52.4,20,0,0,4,20-30
Homme,Maroc,51038.326201979944,Premium,3.5,22,0,5,3,40-50
Femme,Algérie,51066.401214863916,Premium,40.8,22,0,6,3,30-40
Homme,Canada,54305.97707269702,Premium,20.7,30,0,6,4,60+
Homme,Maroc,34584.90470889064,Standard,6.3,32,0,1,1,50-60
Homme,Algérie,44787.7254315825,Standard,6.1,30,1,4,3,50-60
Non précisé,Maroc,52632.07542666236,Premium,5.3,31,0,3,5,50-60
Femme,Canada,39790.94440676813,Standard,3.6,23,0,5,4,40-50
Homme,Algérie,33504.27642749255,Standard,13.4,24,0,4,2,60+
Homme,Maroc,39384.66476909698,Familial,21.5,19,0,0,1,30-40
Femme,Maroc,43891.24094043496,Standard,32.2,35,0,3,4,60+
Homme,Maroc,27159.476586499437,Premium,3.3,22,1,5,3,50-60
Homme,Maroc,15821.248630116368,Premium,15.4,30,0,6,1,20-30
Homme,Maroc,42566.55390918532,Premium,14.36419689119171,28,0,6,3,<20
Femme,Algérie,33566.60274830553,Familial,3.0,24,0,4,1,60+
Femme,Algérie,65637.35197791514,Premium,0.8,28,0,6,1,60+
Homme,France,30863.822018324227,Standard,7.5,26,1,2,2,50-60
Femme,Canada,51330.05041314165,Standard,27.3,28,0,6,6,30-40
Homme,France,39831.94586605335,Standard,23.9,29,0,5,2,40-50
Femme,France,19791.272011886605,Premium,2.8,24,0,0,3,30-40
Homme,Canada,52006.995036416105,Standard,22.8,31,0,2,4,60+
Femme,Algérie,35769.5896390231,Premium,8.6,28,0,0,3,30-40
Femme,Canada,50218.63005957919,Premium,7.6,21,0,0,1,60+
Femme,France,35447.731047611385,Standard,12.5,30,0,6,5,50-60
Homme,Canada,35066.90969157981,Premium,27.6,20,0,5,6,40-50
Femme,Algérie,19288.9939956308,Premium,4.5,19,0,5,3,30-40
Femme,Canada,17549.16122483082,Premium,21.2,22,0,6,3,50-60
Femme,Canada,36354.73664294957,Premium,3.3,21,0,6,5,20-30
Homme,Belgique,45108.33697347693,Standard,1.3,33,1,0,4,60+
Femme,Belgique,46577.245626454634,Standard,13.1,21,0,1,6,30-40
Homme,Algérie,41725.63205036914,Standard,9.0,18,0,3,5,30-40
Femme,France,18130.601644375376,Premium,8.8,28,0,5,1,40-50
Homme,Algérie,37061.76766572412,Familial,8.1,19,0,1,3,60+
Femme,Algérie,34730.24056282418,Premium,10.8,23,0,2,4,60+
Femme,Maroc,43873.367042739366,Standard,9.8,22,0,1,4,60+
Femme,Maroc,37924.41043720821,Standard,8.7,29,0,4,5,40-50
Non précisé,Maroc,70225.85353880006,Premium,0.6,25,0,6,6,50-60
Femme,Belgique,48019.19594444756,Standard,2.5,32,1,6,2,40-50
Femme,Algérie,42668.98290097316,Standard,2.6,30,0,6,2,30-40
Femme,Algérie,39668.28830079993,Familial,1.8,16,0,2,1,50-60
Homme,Algérie,36506.41141363561,Standard,22.0,32,1,3,2,40-50
Homme,Algérie,48391.2098670679,Familial,7.4,28,0,0,5,30-40
Homme,Canada,68061.29459893606,Premium,4.1,36,0,0,7,40-50
Homme,Algérie,31967.065747958608,Standard,15.2,23,1,3,4,20-30
Homme,France,37490.38438745067,Standard,2.2,32,0,2,1,20-30
Homme,Belgique,68648.49904007414,Premium,11.1,25,0,4,4,40-50
Femme,France,30813.191174547588,Premium,0.1,20,0,1,3,60+
Non précisé,Algérie,37142.922534877,Standard,5.0,25,0,5,1,50-60
Homme,Algérie,34374.116119558,Familial,1.9,19,1,4,3,20-30
Femme,Canada,56669.10860953546,Premium,2.9,23,0,1,5,40-50
Homme,Algérie,21840.59590129091,Standard,14.36419689119171,22,1,4,4,20-30
Femme,France,59504.26855891818,Standard,5.9,29,0,2,3,<20
Femme,Belgique,21095.76670649759,Standard,9.7,22,0,0,3,40-50
Homme,Maroc,65742.77923261274,Standard,5.8,21,0,2,4,60+
Homme,Belgique,37237.47527187844,Standard,37.3,29,1,5,4,40-50
Femme,Canada,42329.44971609449,Standard,12.6,31,0,3,5,30-40
Femme,Maroc,53333.92904814296,Premium,10.7,24,1,0,3,40-50
Femme,France,36829.98001083056,Standard,16.5,33,0,4,1,50-60
Femme,France,41313.14401132341,Familial,13.3,25,0,1,5,40-50
Femme,Maroc,37977.572774786786,Standard,14.0,26,0,2,5,40-50
Homme,Canada,29836.16160806599,Standard,14.36419689119171,23,1,4,1,50-60
Homme,Maroc,42911.36739024835,Standard,36.5,24,0,4,5,40-50
Femme,Belgique,17420.62159347306,Standard,0.8,30,0,4,4,50-60
Homme,Belgique,35287.86732620668,Standard,13.4,28,0,1,5,40-50
Homme,Canada,24604.31554684668,Premium,30.9,35,1,0,6,40-50
Femme,Belgique,46171.30737405596,Premium,12.8,22,0,1,5,40-50
Femme,Algérie,53392.07109625323,Premium,16.5,21,0,2,3,40-50
Homme,France,23167.951269040976,Familial,20.8,32,1,4,1,40-50
Femme,Belgique,55668.04566991646,Standard,1.3,20,0,1,7,30-40
Femme,Maroc,50501.09196030508,Premium,4.5,21,1,5,6,50-60
Homme,Canada,51282.39032673358,Premium,13.2,21,0,2,5,50-60
Homme,France,32304.526377345996,Premium,8.3,22,0,1,5,20-30
Homme,Maroc,43519.75383777981,Premium,1.7,22,1,3,1,20-30
Femme,Belgique,44922.483817161,Premium,1.7,30,0,4,1,60+
Homme,Maroc,44260.52601192733,Premium,13.9,23,0,3,5,60+
Homme,Canada,40487.197478425995,Premium,9.2,25,0,3,6,40-50
Homme,France,35365.137017262714,Premium,12.5,19,0,6,4,40-50
Femme,Canada,37407.04226494425,Familial,0.3,18,0,2,4,20-30
Homme,France,35340.72452506317,Standard,14.36419689119171,26,0,0,6,20-30
Femme,Belgique,40666.09548301822,Premium,3.5,25,0,0,6,40-50
Homme,Belgique,54942.16515525444,Premium,22.8,31,0,4,2,40-50
Homme,Canada,52389.3349988304,Premium,18.3,36,0,3,3,20-30
Femme,Belgique,54989.017311366384,Familial,1.6,18,0,5,2,40-50
Femme,Maroc,43823.26669783396,Standard,4.6,31,0,6,4,40-50
Femme,Maroc,65154.453114428434,Premium,8.2,24,0,2,1,30-40
Homme,Belgique,36295.05165209214,Standard,22.1,30,0,0,6,60+
Homme,Maroc,35530.10130189715,Standard,43.3,31,0,6,3,20-30
Femme,Belgique,38207.14388507596,Standard,14.2,24,0,2,4,40-50
Homme,Canada,32060.009894363207,Premium,9.1,21,0,3,1,30-40
Femme,France,46490.37886429552,Standard,4.6,19,1,2,2,40-50
Femme,Belgique,21728.54121994693,Familial,26.1,25,0,4,4,50-60
Femme,France,30934.16404877151,Familial,1.2,20,0,2,6,50-60
Femme,France,58903.76051764231,Premium,49.7,22,0,5,1,40-50
Femme,Canada,46114.79591856174,Standard,0.5,25,0,4,7,50-60
Homme,Belgique,42475.53594471712,Premium,27.8,21,0,1,6,30-40
Femme,Maroc,42473.23033080833,Familial,20.0,26,1,5,5,40-50
Femme,Maroc,25400.717087213183,Standard,11.1,34,0,5,3,30-40
Homme,France,16471.29587249224,Premium,15.2,27,1,4,1,20-30
Femme,France,49507.20848031482,Standard,8.9,23,0,4,1,60+
Homme,Algérie,48410.434671969895,Standard,9.4,19,0,3,6,40-50
Homme,Canada,59839.898230393854,Premium,0.7,25,1,0,4,20-30
Femme,Canada,48499.071051235456,Standard,18.4,24,0,6,5,30-40
Homme,Algérie,62186.40562229241,Standard,3.0,20,0,1,3,40-50
Homme,France,25535.05187215293,Premium,14.36419689119171,23,0,0,2,50-60
Homme,Belgique,21411.820886188936,Premium,3.6,24,0,1,1,30-40
Homme,Algérie,40727.98420286494,Standard,19.7,25,1,5,3,30-40
Homme,Maroc,44893.86723969633,Premium,9.7,22,0,0,5,20-30
Femme,Canada,55447.474495871735,Standard,0.4,26,0,0,5,30-40
Femme,France,36477.35055507631,Standard,0.9,31,0,5,6,20-30
Homme,Maroc,60768.62520937155,Familial,2.1,25,0,5,5,60+
Femme,Algérie,48647.761158936446,Premium,20.3,23,1,1,1,20-30
Femme,Canada,27171.060930250856,Standard,23.0,27,0,1,5,20-30
Homme,Belgique,64260.218862238034,Standard,2.7,33,0,6,1,50-60
Femme,France,36267.91299133634,Premium,14.5,27,0,5,6,30-40
Homme,Maroc,36810.554630141305,Standard,3.1,30,0,3,5,50-60
Homme,Belgique,30844.466517556048,Premium,0.2,27,0,5,4,20-30
Femme,France,33639.360601427834,Standard,21.1,21,0,4,4,50-60
Femme,France,41374.39682513654,Familial,24.6,26,0,4,7,60+
Femme,Belgique,30759.33856894861,Premium,2.0,20,0,3,3,<20
Homme,Maroc,33380.15401795863,Premium,23.5,31,1,0,3,50-60
Femme,Maroc,26049.254394376796,Familial,38.9,22,0,3,6,40-50
Femme,Canada,35133.55358935808,Premium,24.4,27,0,3,5,50-60
Homme,Algérie,57333.447924345375,Standard,6.0,27,0,5,6,50-60
Femme,Belgique,50606.74670793958,Standard,9.2,21,1,3,4,20-30
Femme,Algérie,45727.43571568739,Premium,2.9,25,0,3,6,30-40
Non précisé,Maroc,40557.541446737305,Standard,5.7,27,0,3,6,30-40
Femme,Canada,50214.16608553497,Standard,8.5,22,0,5,2,40-50
Homme,Canada,60102.526077541675,Standard,8.7,24,0,1,7,<20
Femme,Maroc,41088.15290737591,Standard,9.5,20,0,6,3,40-50
Homme,Maroc,54951.6891233096,Premium,36.3,19,0,2,2,30-40
Femme,Maroc,60998.79447981368,Familial,3.4,26,0,5,3,40-50
Homme,Maroc,52876.48535397452,Standard,39.3,28,0,4,2,20-30
Homme,Canada,38354.33538260112,Premium,38.4,30,0,6,3,40-50
Homme,Canada,21804.107272688154,Standard,11.4,24,1,6,2,40-50
Homme,Canada,38598.544925535454,Premium,0.6,21,0,2,4,60+
Homme,Canada,65392.95914700499,Standard,21.1,18,1,5,6,60+
Homme,Maroc,28048.719788442944,Premium,7.3,30,0,6,5,40-50
Femme,Maroc,38444.31133043226,Premium,3.3,26,0,6,1,30-40
Non précisé,Canada,35749.88938707146,Standard,16.4,21,0,5,4,40-50
Homme,Maroc,46388.291408892845,Standard,12.6,22,1,5,5,60+
Femme,Belgique,64954.49927780725,Standard,35.5,29,0,5,7,40-50
Homme,France,32418.68749929506,Premium,4.0,24,0,5,4,40-50
Femme,Algérie,16697.509876323435,Standard,25.0,27,0,0,5,20-30
Femme,France,39014.59556833192,Standard,14.1,27,1,0,3,30-40
Femme,Canada,46185.19965188605,Premium,17.9,20,0,0,3,60+
Homme,Algérie,44145.018454551864,Standard,14.5,19,0,0,2,60+
Homme,Maroc,60688.552553101676,Standard,12.4,24,0,2,3,50-60
Homme,Canada,35609.90826608525,Standard,16.3,24,1,1,6,30-40
Homme,Canada,40460.57730292449,Familial,19.4,24,0,3,6,30-40
Femme,Canada,58365.01961163409,Premium,17.1,25,1,2,4,20-30
Homme,Canada,40695.45094730775,Premium,5.4,23,1,4,7,50-60
Femme,Maroc,39753.66544065991,Standard,19.9,19,1,2,5,20-30
Homme,Belgique,37367.07341863426,Standard,25.7,20,1,0,1,20-30
Homme,Maroc,61300.018020523894,Familial,53.6,26,0,4,1,60+
Homme,Algérie,61265.33136326893,Standard,13.8,26,0,5,6,50-60
Homme,Belgique,32977.73070119436,Standard,14.36419689119171,19,0,2,2,30-40
Homme,Canada,39360.73533871242,Standard,6.1,34,1,4,6,40-50
Femme,Belgique,42050.58193521703,Familial,9.8,24,0,5,5,40-50
Femme,Algérie,43798.92379768772,Premium,12.8,20,0,3,5,30-40
Homme,Belgique,44552.26575002692,Premium,1.5,25,0,1,6,20-30
Homme,Belgique,30317.23654720173,Premium,7.6,25,0,0,4,<20
Femme,Canada,41007.75217561459,Standard,16.5,20,0,4,2,60+
Femme,Maroc,40498.07983663009,Premium,5.2,29,1,1,5,40-50
Homme,Algérie,46005.00845161085,Familial,5.2,28,0,4,5,<20
Homme,Maroc,41663.49246440149,Premium,0.1,19,0,0,3,60+
Homme,Algérie,38851.70455805788,Standard,19.8,18,0,2,4,50-60
Homme,Belgique,46417.49620574935,Premium,0.8,23,0,4,1,40-50
Homme,Algérie,45710.782242569854,Standard,3.3,28,1,3,4,60+
Femme,Maroc,21930.403192414666,Standard,3.2,25,0,6,4,50-60
Femme,France,38163.85086049772,Premium,0.6,21,0,4,5,40-50
Femme,France,38821.81762451572,Familial,32.4,28,0,0,5,60+
Homme,Algérie,36209.83321639238,Standard,4.8,16,0,0,3,50-60
Femme,Maroc,24767.89934739828,Premium,15.7,26,0,0,1,60+
Homme,Maroc,38419.30383231141,Familial,10.5,34,0,0,3,40-50
Homme,Belgique,32961.66210030162,Standard,20.6,23,0,0,1,30-40
Homme,Belgique,55362.93278314752,Premium,16.0,24,1,1,3,30-40
Femme,Algérie,47308.148508619255,Standard,9.0,27,1,0,5,50-60
Homme,France,40356.18643299319,Familial,10.3,21,1,0,6,30-40
Femme,Maroc,41226.45025368033,Familial,5.6,19,0,6,4,40-50
Femme,France,43281.13933476537,Standard,16.4,33,0,3,4,30-40
Femme,Belgique,8413.046104286579,Standard,3.1,26,0,3,5,40-50
Femme,Algérie,36394.93592775926,Standard,14.36419689119171,39,0,4,3,20-30
Homme,France,36101.526110856954,Premium,19.5,22,0,4,3,30-40
Homme,Maroc,40117.26003201288,Premium,53.4,17,0,3,1,<20
Homme,Belgique,53455.17298294128,Standard,1.7,29,1,0,2,30-40
Homme,Maroc,28391.368991651398,Standard,12.9,30,1,3,6,20-30
Homme,Algérie,31729.5144589139,Standard,5.8,25,0,5,5,50-60
Femme,France,55004.19149467785,Standard,8.9,26,0,2,5,40-50
Homme,France,46936.857189381466,Standard,5.3,27,0,6,6,50-60
Homme,Algérie,33661.371573911434,Familial,5.2,20,1,1,5,60+
Femme,Maroc,38263.66341255611,Standard,2.9,25,0,0,6,20-30
Femme,Belgique,48683.36354532997,Premium,19.3,22,0,3,5,40-50
Homme,Algérie,42982.636386107384,Premium,31.9,29,0,0,5,50-60
Femme,Canada,62223.414965279604,Premium,15.7,22,0,6,3,40-50
Femme,France,58085.5588282632,Standard,17.4,18,0,0,5,30-40
Femme,Canada,21495.380436046104,Familial,10.0,25,0,4,5,40-50
Homme,France,61617.179736814986,Familial,1.7,33,0,0,3,50-60
Homme,Canada,57058.08295877462,Standard,31.0,25,0,4,3,60+
Homme,Maroc,29298.448137559168,Familial,2.3,26,0,5,3,40-50
Femme,France,42396.60942042604,Standard,23.1,25,1,1,5,50-60
Femme,Belgique,33902.24186036981,Standard,7.9,20,0,2,2,60+
Femme,Belgique,34893.677846295104,Standard,18.2,18,0,2,2,30-40
Homme,France,39024.633910746226,Standard,31.6,21,1,2,4,40-50
Femme,Canada,44446.5089556492,Standard,14.36419689119171,23,1,3,1,40-50
Femme,Canada,16242.864965662688,Premium,12.1,23,0,0,3,50-60
Homme,France,37444.80063881563,Premium,14.4,32,0,1,3,50-60
Homme,France,40794.18715315907,Standard,2.5,20,1,2,1,30-40
Femme,France,37985.12228873513,Familial,1.1,27,1,4,6,20-30
Femme,Maroc,33055.470981374725,Standard,8.7,22,1,0,6,40-50
Femme,Algérie,39506.92299120749,Standard,16.0,27,0,5,2,30-40
