genre,pays,revenu_annuel,type_abonnement,duree_abonnement_mois,nb_connexions_mensuelles,churn,jour_semaine,mois,age_groupe
Femme,Belgique,44468.63234149816,Standard,4.8,19,1,6,6,40-50
Femme,Algérie,35873.999595514586,Familial,11.6,21,0,5,4,<20
Femme,France,64894.0468596948,Standard,11.7,31,0,2,1,50-60
Femme,Algérie,43743.00209431129,,13.1,22,0,6,7,50-60
Femme,Maroc,58333.87882670954,Premium,1.1,18,0,2,4,60+
Femme,Belgique,47485.839170261366,,26.5,21,0,6,4,50-60
Femme,Maroc,19418.032422829707,Premium,33.3,24,0,6,6,40-50
Femme,France,56977.17395303926,Standard,31.2,22,1,0,1,50-60
Homme,Maroc,50057.7093940536,Standard,3.9,20,0,2,5,20-30
Homme,Maroc,67126.60572947966,Premium,14.1,17,0,2,7,30-40
Homme,Maroc,23264.218105099764,Standard,16.4,35,1,6,1,50-60
Homme,Maroc,41176.63111228762,Premium,10.6,33,0,5,4,20-30
Homme,Canada,51273.70031935332,Familial,50.9,22,0,5,3,40-50
Femme,Belgique,69310.68045208344,Familial,15.0,17,1,6,6,60+
Femme,Maroc,63442.81554342605,Standard,17.9,20,0,3,1,40-50
Femme,Belgique,36031.374201437844,,1.1,20,0,0,6,60+
Homme,Maroc,40766.995714283454,Standard,4.9,31,0,0,7,50-60
Femme,France,29735.56170293654,Standard,13.8,16,0,5,3,40-50
Femme,Maroc,,Premium,5.5,21,1,6,5,50-60
Homme,Canada,38992.207496391005,Premium,17.6,22,0,2,2,20-30
Femme,Algérie,40202.6001183547,Standard,1.7,28,0,5,5,40-50
Femme,Belgique,45768.30452733127,Premium,13.4,35,0,4,5,30-40
Homme,Canada,53475.24271586889,Premium,24.0,20,0,2,6,40-50
Homme,Canada,32547.10212343207,Premium,13.9,22,1,1,1,40-50
Femme,France,54419.597957622755,Familial,27.4,29,0,1,1,60+
Homme,Belgique,,,11.9,24,1,1,6,30-40
Homme,Canada,28904.67565756599,Standard,11.2,32,1,2,7,50-60
Homme,Belgique,36261.15057412965,Premium,1.2,23,1,6,5,50-60
Femme,Maroc,37904.416000431105,Familial,1.7,15,0,0,1,60+
Homme,Canada,10458.908089892555,,11.4,34,0,2,4,60+
Femme,Canada,54064.769771044485,Standard,42.1,24,0,4,3,<20
Femme,France,42972.02007255736,Familial,16.2,33,0,0,4,40-50
Femme,France,58098.47532886678,Premium,,23,0,3,5,60+
Femme,Canada,47738.37163182744,Familial,12.3,29,0,5,5,50-60
Femme,Algérie,62110.41214694941,Standard,1.7,25,0,1,4,<20
Homme,Maroc,59056.591812239,Standard,0.2,26,0,1,4,30-40
Homme,Algérie,43238.67156888122,Familial,2.2,25,0,1,4,40-50
Femme,Maroc,45966.0558827184,Standard,31.8,27,0,4,6,50-60
Femme,Belgique,29687.305172328597,Premium,3.2,25,0,4,1,30-40
Femme,Maroc,51977.8460461686,Standard,3.3,25,0,5,2,60+
Femme,Maroc,36889.59080844415,Premium,0.4,23,0,3,1,20-30
Homme,Canada,22434.339694711973,Premium,6.1,25,0,0,1,50-60
Homme,France,40689.82730505227,Premium,3.9,23,1,4,1,50-60
Femme,Canada,42428.5549852171,Standard,48.8,30,1,1,6,<20
Homme,France,41732.971168294156,,17.4,29,0,5,5,60+
Homme,Algérie,33175.27092048051,Standard,64.4,30,0,6,2,20-30
Femme,Maroc,36867.057828196244,Premium,7.4,23,1,4,3,40-50
Homme,Belgique,36466.6797741185,Premium,33.4,26,1,3,4,30-40
Homme,Canada,41550.84923741074,Standard,7.0,15,0,2,1,30-40
Homme,France,42295.18448288416,Premium,2.3,21,1,5,5,60+
Homme,Canada,63524.67055772149,Premium,13.0,26,0,5,2,50-60
Homme,Algérie,,Standard,3.6,22,0,2,1,50-60
Femme,Algérie,42486.85546615876,Premium,35.8,19,0,0,6,50-60
Homme,Maroc,33154.77716790076,Familial,5.7,21,0,6,2,30-40
Homme,France,33428.04628383763,Familial,35.9,25,1,1,6,50-60
Femme,Canada,35977.96405586406,Standard,,24,0,3,3,20-30
Femme,Belgique,44797.37825556375,Familial,3.2,26,0,2,6,40-50
Femme,France,32753.42254106272,Familial,6.5,27,0,4,2,40-50
Homme,Canada,31931.31672432787,Standard,1.5,20,0,4,1,<20
Homme,Maroc,28268.668637505427,Familial,0.2,20,0,6,1,30-40
Homme,Belgique,43883.68567790942,Standard,0.5,23,0,5,4,30-40
Non précisé,Algérie,42974.89810306859,Standard,9.3,29,0,2,4,40-50
Femme,France,37360.25695423077,Standard,34.4,26,1,3,2,40-50
Femme,France,53364.490837167505,Standard,34.4,23,0,4,5,30-40
Femme,Algérie,51967.58768033387,Standard,6.2,22,1,2,3,60+
Homme,Canada,45438.23788180532,,2.4,25,0,3,1,50-60
Homme,Canada,32656.31914962082,Standard,48.1,17,1,5,4,50-60
Homme,Canada,50370.28808692495,Premium,55.2,27,0,5,6,60+
Homme,Canada,46367.501026786034,Standard,1.8,20,0,5,3,30-40
Femme,Maroc,61583.738108494974,Premium,9.2,25,1,3,2,30-40
Homme,Canada,48852.28195141363,Premium,3.7,32,1,6,4,20-30
Homme,Algérie,37316.75540555539,Familial,58.0,24,0,2,4,40-50
Femme,France,8950.579883282398,Standard,33.8,18,1,5,3,20-30
Femme,Algérie,49057.12080029951,,19.0,23,0,0,6,
Femme,Canada,,Familial,22.6,20,0,5,1,40-50
Homme,France,33059.45595629198,Premium,12.6,21,1,6,4,30-40
Non précisé,France,58168.64295170229,Premium,11.0,29,0,2,6,50-60
Femme,Belgique,,Standard,16.8,24,0,1,4,50-60
Homme,France,31222.813867827346,Standard,5.5,18,0,5,3,50-60
Femme,France,53961.03251424169,Premium,37.6,35,0,6,1,
Femme,France,55363.380797872866,Standard,1.0,23,0,4,3,<20
Femme,Algérie,29093.697414167404,Premium,24.5,21,0,0,3,30-40
Homme,Belgique,44989.34285863035,Standard,0.4,23,0,3,2,30-40
Homme,Belgique,35226.47128535978,Premium,13.8,27,0,5,2,20-30
Homme,Algérie,27551.594657183112,Standard,22.4,24,0,2,2,20-30
Homme,Maroc,,Familial,18.0,19,0,6,4,60+
Femme,Canada,49423.0643232718,Familial,6.2,28,1,0,2,20-30
Femme,Maroc,40041.917671834475,Premium,5.0,36,0,0,1,20-30
Homme,Algérie,56416.672488409895,Premium,1.2,21,1,6,6,20-30
Femme,Belgique,33561.877668874266,Premium,,20,0,6,2,40-50
Femme,Belgique,45493.70800778771,Premium,9.8,25,0,3,7,40-50
Homme,Algérie,,Standard,6.2,24,0,1,4,20-30
Homme,France,8070.840506416151,Standard,1.4,26,0,3,2,60+
Femme,Algérie,44853.49022801943,Premium,12.8,21,0,6,3,<20
Femme,Algérie,,Standard,6.2,27,0,4,2,40-50
Femme,Algérie,21850.015027168105,Premium,38.6,18,0,5,1,30-40
Femme,France,42621.565215079485,Premium,10.1,27,0,3,3,
Femme,France,51281.35196808711,Standard,28.4,28,0,5,5,30-40
Homme,Canada,44835.501128862736,Premium,12.1,19,1,3,2,20-30
Homme,Belgique,43786.364166603904,Premium,20.3,24,1,1,7,20-30
Femme,Canada,21939.358567875723,Standard,8.3,23,0,1,1,30-40
Homme,Canada,,Familial,34.4,18,0,4,1,<20
Femme,France,,Standard,38.1,17,0,6,7,
Homme,Maroc,47606.28294701776,Premium,4.5,18,0,2,2,20-30
Homme,Canada,35855.77811716416,Familial,6.5,18,0,1,3,50-60
Homme,France,44844.720954148586,Familial,6.1,29,0,1,2,40-50
Femme,Algérie,26417.101795828967,Familial,3.4,27,0,0,2,20-30
Homme,France,37423.890106427876,Standard,8.3,30,1,4,3,50-60
Femme,Belgique,21702.27670595926,Premium,8.2,28,0,2,6,40-50
Homme,Algérie,21253.288247336935,Standard,,24,1,3,1,<20
Homme,Canada,38340.56630200886,Standard,19.7,30,0,4,5,40-50
Femme,France,38214.14762086775,Standard,8.3,25,1,6,3,50-60
Femme,Canada,51918.93628633831,Premium,10.6,19,0,0,3,50-60
Femme,Maroc,55278.656240651406,Premium,5.3,19,1,3,4,
Homme,Belgique,38319.0048165458,Standard,46.2,39,0,0,3,50-60
Femme,Belgique,29050.701614200556,Premium,8.6,21,0,2,3,50-60
Homme,Algérie,,Familial,13.4,27,1,3,1,40-50
Femme,Belgique,55998.42189317025,Premium,0.2,25,0,0,4,50-60
Homme,Canada,36984.86003200323,,22.6,25,1,6,2,20-30
Femme,France,44735.040377409714,Premium,27.5,37,1,4,1,20-30
Homme,Belgique,28555.144165977654,Familial,8.7,27,0,2,5,40-50
Homme,Maroc,63142.90897708092,Standard,17.6,16,0,3,1,20-30
Femme,Maroc,45965.592938798574,Standard,2.7,27,0,2,6,60+
Homme,Algérie,39203.62151819834,Familial,3.6,24,0,2,2,50-60
Femme,Maroc,45979.353355419975,Premium,14.2,26,1,4,6,60+
Femme,Algérie,39036.3534588128,Premium,1.3,25,1,2,3,40-50
Homme,Maroc,40649.5014100727,Standard,2.5,30,0,6,6,30-40
Homme,France,33122.73001518657,Familial,13.4,23,1,3,5,50-60
Homme,Canada,54821.229468338905,Premium,9.8,23,0,5,1,50-60
Homme,Belgique,55066.68003580078,Premium,1.4,25,0,6,1,20-30
Homme,France,52190.2016569585,Standard,0.8,30,0,0,2,40-50
Femme,Canada,35641.85627327224,Premium,,34,1,0,2,40-50
Femme,Algérie,44291.59070562685,Premium,12.3,29,0,5,1,20-30
Femme,Algérie,,Premium,14.0,29,0,5,1,60+
Femme,Algérie,32457.788731018332,,6.5,31,0,3,6,40-50
Homme,Maroc,29790.307204584686,Standard,32.2,14,1,5,4,30-40
Femme,Maroc,,Premium,6.0,19,0,4,1,30-40
Homme,Belgique,67401.80371201142,Premium,11.1,21,0,3,5,50-60
Femme,France,61493.87989883946,Premium,1.7,25,1,1,6,50-60
Homme,Belgique,31550.98299643802,Standard,,29,1,6,6,30-40
Homme,Algérie,49337.8145813622,Premium,46.7,25,0,4,6,50-60
Homme,France,48278.61252606567,Standard,13.3,32,0,1,3,50-60
Femme,France,25477.297602935545,Premium,1.4,30,0,2,3,40-50
Femme,France,37643.23280528228,Premium,6.2,30,1,6,2,20-30
Femme,Belgique,16183.301240466748,Premium,19.3,27,1,2,3,50-60
Homme,Algérie,25759.51942894241,,1.1,23,0,1,1,30-40
Homme,Belgique,43259.34328704581,Standard,23.1,33,0,1,4,60+
Femme,Algérie,56859.87370308558,Standard,7.7,39,1,3,2,20-30
Homme,Algérie,36439.70956890529,Premium,13.9,27,0,4,6,
Femme,Canada,50705.244094579466,Standard,19.0,27,0,4,1,40-50
Femme,Canada,21551.24731696732,,27.1,26,0,5,6,60+
Homme,Canada,19113.72653660667,Premium,12.9,24,0,2,1,20-30
Femme,Algérie,31091.657790494017,,4.3,21,0,4,2,40-50
Homme,Maroc,11165.436596692713,Premium,8.9,25,0,1,3,20-30
Homme,Algérie,20742.47310590308,Premium,10.1,34,0,6,2,40-50
Femme,Canada,34533.18850683602,Standard,7.4,28,1,3,6,50-60
Homme,Canada,35947.13263270529,Familial,0.6,21,0,6,6,40-50
Homme,Algérie,,Premium,15.9,26,0,5,4,60+
Homme,Algérie,35157.80117843929,Standard,10.7,22,0,6,1,20-30
Homme,Canada,40299.838127807736,Standard,1.1,31,0,4,5,30-40
Homme,Canada,28362.60481959304,Standard,12.9,28,0,4,1,30-40
Homme,Canada,45703.60146080246,Standard,1.0,22,0,0,4,60+
Non précisé,Canada,40510.32589240053,Premium,0.4,38,0,2,6,40-50
Femme,France,21101.464173107204,Standard,43.7,32,0,1,1,20-30
Non précisé,Algérie,31981.51894771672,Premium,2.3,26,0,2,1,30-40
Femme,Maroc,29564.052149091614,Premium,2.5,30,0,5,3,60+
Femme,France,43998.31033487023,Standard,9.0,33,0,3,3,30-40
Homme,Algérie,,Standard,,25,0,1,3,20-30
Femme,Maroc,36797.6316774083,Premium,31.5,24,0,5,5,20-30
Non précisé,Algérie,41804.696828825916,Familial,0.3,28,0,1,1,60+
Femme,France,5207.633137215691,,,28,0,3,1,50-60
Homme,Canada,54178.268786654364,Premium,26.2,17,0,0,6,30-40
Femme,Maroc,50068.34846404611,Familial,1.1,25,1,6,5,20-30
Homme,Algérie,20132.629874072933,Standard,22.8,24,0,6,3,<20
Homme,Belgique,26860.289517670983,Premium,1.8,25,0,3,6,20-30
Homme,France,28583.90957788466,Standard,34.8,23,0,1,3,40-50
Femme,Canada,27417.486148187156,Premium,17.6,32,1,1,2,30-40
Femme,Algérie,45031.28694904241,Premium,33.3,24,0,0,3,20-30
Femme,Belgique,30372.171954186368,Premium,2.1,32,0,4,7,40-50
Homme,Canada,45658.15222342644,Familial,9.0,27,0,1,5,30-40
Homme,Algérie,31387.119500026198,Familial,18.4,34,0,4,5,40-50
Homme,Canada,35302.739584754665,Premium,11.0,28,0,6,3,50-60
Homme,Maroc,34747.33141333745,Familial,4.3,32,0,4,5,40-50
Femme,Canada,45731.46369877324,Standard,6.4,24,0,1,4,50-60
Homme,Algérie,47935.8701013893,Premium,29.6,26,0,2,1,30-40
Femme,Canada,20409.72763014454,Standard,13.6,26,0,4,5,30-40
Homme,Maroc,32219.273626358896,Familial,17.2,19,0,1,7,<20
Homme,Maroc,41492.58546444012,Premium,1.1,30,0,4,5,50-60
Femme,Belgique,,Standard,,26,0,4,5,20-30
Homme,France,40264.749363456154,Familial,40.3,29,0,0,4,20-30
Homme,Canada,43441.43674860407,Standard,6.2,21,1,5,1,30-40
Homme,Maroc,53881.476125489324,Premium,15.2,22,0,1,2,30-40
Homme,Canada,,Premium,6.2,21,0,3,2,<20
Femme,Belgique,39865.35413474466,Standard,0.6,22,0,4,5,30-40
Homme,France,,Familial,7.6,25,0,4,1,60+
Femme,Algérie,41202.27252293153,Familial,9.9,22,0,3,1,60+
Homme,Belgique,51243.75235853088,,3.6,22,1,4,7,60+
Femme,Algérie,7993.469601687228,Premium,31.7,21,1,5,3,60+
Femme,Belgique,22053.643114600625,Standard,4.4,21,1,1,5,30-40
Homme,Maroc,19077.225108115184,Premium,,24,1,4,3,30-40
Femme,France,38410.679448264826,Standard,3.4,19,0,2,6,50-60
Homme,Canada,36104.23210455585,Standard,33.2,29,1,6,2,<20
Femme,Maroc,52001.183982315175,Premium,17.7,20,0,2,2,40-50
Homme,Algérie,41985.29234744454,Familial,15.6,21,1,5,4,40-50
Femme,Algérie,28269.33848472833,Premium,5.7,24,0,1,4,40-50
Homme,Belgique,27500.7757510834,,21.5,18,1,2,4,<20
Femme,France,43182.19440198222,,1.7,29,0,6,2,
Femme,France,29154.89955610854,Standard,15.0,26,0,3,5,50-60
Femme,Algérie,23659.854591004674,,4.0,28,0,0,2,30-40
Homme,Canada,45608.20753010887,Familial,18.7,20,0,2,6,30-40
Femme,Algérie,42452.74975022504,Familial,2.9,43,0,0,5,20-30
Homme,Canada,44486.68947853087,Premium,,21,0,0,2,40-50
Homme,Belgique,30358.031841663655,Premium,12.6,22,0,2,6,30-40
Homme,Maroc,17420.682640938052,,4.8,24,1,5,5,20-30
Homme,Belgique,32096.772234583237,Premium,25.1,25,0,5,7,20-30
Homme,France,52198.69315405084,Standard,9.5,24,0,5,5,20-30
Femme,France,36109.02915921251,Standard,4.8,21,0,6,1,40-50
Homme,Canada,41152.984231292285,,5.5,25,0,1,5,60+
Homme,Maroc,42470.64235519673,Familial,19.3,27,0,3,2,50-60
Femme,Belgique,53118.78066479022,Premium,21.8,26,1,2,7,30-40
Femme,Algérie,66585.64013489996,Standard,6.9,27,0,5,7,60+
Homme,France,40851.376480366,Premium,12.0,35,0,3,4,<20
Non précisé,Canada,42003.41445983836,,21.0,31,0,1,4,20-30
Homme,Canada,46385.07276199368,Premium,29.0,18,1,3,6,40-50
Femme,France,36369.76147047094,,11.5,20,0,5,2,20-30
Femme,Algérie,47154.01910224817,Standard,22.9,26,1,2,6,20-30
Homme,France,26636.904192322214,Premium,19.0,29,0,1,3,60+
Homme,France,31495.446634215674,Standard,3.9,24,0,1,4,20-30
Homme,Algérie,58730.21823897547,Premium,4.4,27,0,3,2,60+
Femme,Algérie,48072.39541526303,Premium,2.9,28,0,4,5,20-30
Femme,Belgique,51482.69489069884,,3.9,24,1,3,1,50-60
Homme,Algérie,43987.65063276741,Standard,34.8,22,1,4,2,60+
Femme,Belgique,36236.60812191544,Premium,2.1,26,0,3,6,20-30
Homme,Belgique,35307.717690543686,Familial,8.7,31,1,4,1,60+
Homme,Canada,29411.479706698752,Premium,2.8,24,0,5,3,40-50
Homme,Maroc,32981.49707709116,Premium,33.7,26,0,3,3,50-60
Femme,Maroc,43605.266936294975,Premium,12.7,23,0,4,1,30-40
Femme,Canada,53714.58596132619,Familial,20.9,23,1,5,2,60+
Femme,Maroc,33326.27583573939,Standard,1.5,24,0,6,7,50-60
Femme,Algérie,35067.777138253936,Premium,0.9,30,0,5,3,20-30
Femme,France,52404.60511092984,Premium,9.9,27,0,2,6,40-50
Femme,Canada,47265.590334351684,Standard,6.0,20,1,2,6,50-60
Homme,France,59114.455539270515,Premium,15.0,30,0,0,5,40-50
Homme,Belgique,40075.24328300864,Premium,10.1,34,1,6,5,30-40
Femme,Maroc,52987.048439021244,Premium,11.5,30,0,0,5,40-50
Homme,Belgique,34431.235324840054,Standard,3.4,21,1,2,5,20-30
Homme,Belgique,16962.899417829016,Premium,35.5,22,0,1,5,30-40
Femme,Canada,35268.995240629854,Premium,17.0,23,1,5,6,30-40
Femme,Canada,32853.675049388214,Standard,13.8,29,1,4,1,50-60
Homme,Maroc,58778.644641336934,Standard,19.5,29,1,0,6,20-30
Femme,France,41401.644201816176,Standard,5.9,34,0,1,4,50-60
Homme,Belgique,47645.56373783386,Familial,5.8,28,1,1,6,60+
Femme,Maroc,,Standard,6.5,15,0,2,2,40-50
Non précisé,Canada,31382.970395058866,Standard,32.9,21,1,1,3,50-60
Homme,Maroc,48943.70474299638,Standard,19.8,22,1,2,1,20-30
Homme,Algérie,27302.928951620874,Premium,1.7,36,0,6,6,60+
Femme,Canada,,Familial,11.7,33,1,4,2,50-60
Homme,Belgique,54416.283491544746,Standard,12.3,32,1,5,3,60+
Femme,France,41074.14380384277,,4.2,24,0,6,3,20-30
Femme,Belgique,39129.79552237912,Premium,31.9,30,0,2,6,60+
Homme,Belgique,40349.589446825295,Premium,21.3,20,0,6,4,20-30
Homme,Belgique,32587.67020655494,Premium,49.6,28,0,0,6,40-50
Homme,Algérie,48828.57870739762,Familial,23.6,23,0,6,6,50-60
Homme,Belgique,13700.777385616942,Premium,0.4,19,0,4,3,60+
Femme,Maroc,,Familial,14.1,23,0,6,4,
Homme,Maroc,39331.34229018464,Familial,3.8,29,0,6,6,60+
Femme,France,40532.89028032272,Premium,16.7,21,0,0,2,30-40
Femme,Maroc,52906.88412211107,Premium,15.1,20,0,5,4,
Femme,Algérie,52446.74305074305,Standard,7.0,26,1,5,4,50-60
Non précisé,Canada,30634.887075315608,Standard,0.6,23,1,1,7,<20
Femme,France,38418.59669967347,Premium,11.7,18,0,1,3,20-30
Femme,Belgique,38452.519007822724,Familial,1.4,22,1,6,1,30-40
Femme,Algérie,71606.58481119698,Standard,3.3,33,0,4,7,50-60
Femme,France,41162.37817630904,Standard,22.7,22,0,0,6,20-30
Non précisé,Maroc,58230.62242752821,Premium,13.5,24,0,1,2,30-40
Homme,Maroc,64615.50494891784,Familial,0.6,20,0,5,7,40-50
Femme,France,38103.15273887179,Standard,30.8,29,0,5,5,
Femme,France,57330.25358000066,Standard,2.0,31,0,5,4,50-60
Homme,Canada,49567.563535050824,Familial,25.8,29,0,4,3,20-30
Homme,France,29591.717943532745,Standard,11.1,31,0,5,4,40-50
Homme,Belgique,41123.77383201769,Familial,13.3,21,0,5,3,50-60
Femme,Algérie,,Premium,9.7,32,1,2,1,30-40
Femme,Maroc,34220.56124535016,Standard,23.6,26,1,4,5,30-40
Femme,Canada,34511.628380608716,Standard,31.1,22,1,5,4,30-40
Homme,Maroc,37560.72793047488,Premium,16.6,25,0,1,4,40-50
Femme,Algérie,40257.870335090694,,1.6,26,0,1,4,60+
Homme,Maroc,,Premium,4.4,26,0,3,1,40-50
Femme,Maroc,49590.11704852231,Standard,33.9,22,0,1,6,50-60
Femme,Algérie,16522.561824693184,Standard,30.1,23,0,3,1,30-40
Homme,France,,Standard,9.1,26,0,1,2,20-30
Femme,Canada,38286.777470305926,Familial,12.0,30,1,3,3,20-30
Femme,Algérie,32652.401721600618,Standard,12.7,35,0,3,1,40-50
Femme,Algérie,,Standard,,20,0,3,3,20-30
Homme,Belgique,44140.5800493588,Familial,42.1,30,0,0,2,40-50
Femme,France,59164.37502433228,Familial,3.1,20,0,2,1,<20
Homme,France,42148.658456931415,Standard,28.2,24,1,0,1,40-50
Homme,Belgique,46616.3105454977,Premium,0.2,29,1,0,7,50-60
Femme,France,7812.156170999447,Premium,8.5,28,0,2,2,50-60
Femme,Belgique,64002.59943853557,Standard,15.5,24,0,4,6,50-60
Femme,France,53664.78373079963,Standard,3.8,20,0,2,2,
Homme,Belgique,54446.507857638666,Familial,5.5,25,0,1,6,60+
Femme,Algérie,61617.07693494305,Familial,0.9,19,0,1,1,40-50
Non précisé,Algérie,,Standard,18.3,24,0,1,3,60+
Homme,Maroc,41263.50845322768,Premium,3.1,21,0,6,2,30-40
Femme,Maroc,48047.86959983119,Standard,3.0,18,0,3,5,20-30
Homme,France,55652.89359137897,Standard,5.4,18,0,6,6,40-50
Femme,Belgique,35567.42463370506,Standard,27.7,32,0,2,3,50-60
Homme,Canada,33158.763455737724,Standard,11.3,24,0,5,6,50-60
Homme,Algérie,33484.27123641843,Familial,0.2,28,0,3,1,30-40
Homme,Belgique,34786.28044805716,Premium,3.3,27,0,2,6,30-40
Homme,France,39022.750005065514,Standard,34.0,25,1,0,6,20-30
Femme,Belgique,31002.504613807036,Standard,47.0,27,0,4,3,30-40
Femme,Belgique,33374.665801020485,Premium,35.6,30,0,4,2,30-40
Homme,Algérie,41582.22448214799,Familial,1.2,25,1,0,5,20-30
Femme,France,41291.51035374857,Standard,15.5,21,0,5,6,30-40
Femme,Belgique,51886.24065204383,Premium,19.0,21,0,6,6,50-60
Femme,Algérie,33509.460868865506,Premium,2.9,25,1,6,5,30-40
Homme,Maroc,40457.43312461867,Standard,2.1,22,1,1,1,60+
Femme,Maroc,46751.449902571534,,,33,0,0,4,60+
Femme,France,71574.22713361381,,4.0,27,1,2,1,20-30
Femme,France,67924.87155704471,Standard,37.4,29,0,5,4,60+
Femme,Belgique,44347.80616747425,Familial,19.6,32,0,6,4,50-60
Femme,Maroc,65609.24778557278,Standard,19.4,18,0,1,6,50-60
Femme,Belgique,45722.430361934654,Familial,0.1,29,1,1,5,60+
Femme,Belgique,73656.59872300489,Standard,3.7,22,0,2,6,40-50
Femme,Maroc,36528.640693935544,Familial,33.0,22,0,4,4,30-40
Femme,Canada,22468.818278882933,Premium,1.9,33,0,6,2,30-40
Homme,Maroc,46628.70307653399,Premium,20.5,33,0,4,2,30-40
Femme,Belgique,35254.323863497,Premium,16.9,24,0,3,3,20-30
Femme,France,,Standard,4.2,29,0,5,2,20-30
Homme,France,29163.946806727636,Premium,9.1,27,0,5,5,40-50
Homme,France,24311.366756874893,Standard,2.3,30,0,5,2,50-60
Femme,Algérie,24559.058093808388,Familial,3.2,30,0,2,2,30-40
Homme,France,26628.46933931754,Standard,11.0,26,0,0,2,40-50
Homme,Algérie,48716.9329252811,Premium,17.6,24,0,3,3,30-40
Femme,Belgique,42716.228989721865,Premium,0.8,25,0,1,1,30-40
Homme,Algérie,32340.330226366008,Standard,33.6,29,1,6,7,60+
Femme,Algérie,61325.76971914884,Familial,7.0,23,0,2,2,50-60
Homme,Canada,43386.84738396581,Standard,19.3,24,0,3,5,30-40
Femme,France,42847.10405877685,Premium,2.3,26,0,6,6,60+
Femme,Belgique,22580.051729475537,Standard,5.6,26,0,1,2,60+
Homme,Maroc,37913.504846826276,Standard,17.2,27,0,3,2,50-60
Homme,France,40926.67180513948,Standard,16.7,17,1,6,3,40-50
Homme,Canada,45455.659393075635,Familial,12.2,18,0,2,7,20-30
Femme,Algérie,30210.891455930374,Standard,18.2,21,1,4,2,20-30
Homme,Belgique,16865.168494350124,Standard,9.0,34,0,1,2,60+
Femme,Belgique,43089.281156117926,Premium,7.8,18,0,5,6,20-30
Homme,France,32305.314612179005,Standard,17.8,35,0,0,4,40-50
Homme,Belgique,49675.645507745605,Standard,6.4,26,0,2,6,30-40
Homme,Maroc,43749.656515986906,Premium,4.0,31,0,0,6,30-40
Non précisé,Belgique,37276.068444826,Premium,37.8,18,1,4,4,50-60
Homme,France,32730.9170452917,Familial,20.0,22,0,3,2,60+
Homme,Belgique,30384.732257632226,Standard,58.5,18,0,0,6,30-40
Femme,Canada,43205.89444386995,Premium,34.2,30,1,4,1,60+
Homme,Maroc,43177.73877688362,Standard,13.8,21,0,2,1,50-60
Homme,France,36699.372875562876,Standard,28.5,36,0,0,3,30-40
Homme,Belgique,41371.51025939129,Standard,5.0,19,0,5,3,60+
Homme,France,43077.465908525184,Familial,2.0,25,1,4,2,60+
Femme,France,22293.67842099007,Standard,39.1,25,1,0,5,30-40
Femme,Algérie,32082.990532493244,Premium,,25,0,5,6,30-40
Femme,Algérie,,Standard,0.1,23,0,5,2,50-60
Femme,France,59366.40610456052,Standard,45.6,29,0,4,6,20-30
Femme,Maroc,30813.191273281107,Premium,31.3,25,1,1,4,30-40
Femme,Belgique,43470.30540934484,Standard,44.7,26,1,6,5,40-50
Femme,Belgique,43359.95212277927,Standard,10.0,22,1,5,6,50-60
Femme,Belgique,34785.78502141776,Standard,16.5,25,1,0,4,60+
Homme,Algérie,41356.164954635155,Premium,16.6,23,0,0,2,20-30
Femme,Algérie,53398.60111821944,Premium,2.9,21,0,2,4,40-50
Homme,Maroc,39227.76460172568,Premium,28.3,28,0,4,2,40-50
Homme,Maroc,57732.39322639289,Standard,30.8,19,0,3,4,50-60
Homme,Canada,41222.7232549718,Familial,17.4,29,0,0,5,<20
Homme,Canada,33711.39465781261,Premium,60.3,23,0,5,2,40-50
Homme,France,12289.92063118476,Standard,13.6,18,0,4,1,60+
Homme,Maroc,,Familial,3.9,22,1,1,4,20-30
Homme,Maroc,34219.11447975765,Standard,16.9,24,0,0,1,20-30
Homme,Maroc,48448.5726167229,Familial,2.4,26,0,0,1,20-30
Homme,France,24639.785455771984,Standard,8.4,34,0,0,1,50-60
Homme,Canada,33526.6149230649,Familial,20.4,27,0,3,4,60+
Homme,France,49853.90776558473,Premium,4.9,20,0,4,1,50-60
Homme,Maroc,43714.72648909152,Standard,1.7,21,1,6,1,20-30
Homme,France,17347.298791344336,Premium,12.4,17,1,1,3,<20
Femme,Belgique,42273.89987239895,Premium,,23,0,6,6,40-50
Homme,Algérie,44337.276804187284,Premium,28.5,24,1,6,5,40-50
Femme,Maroc,30192.276017398133,Standard,11.2,30,0,4,4,50-60
Femme,Canada,52668.76778951783,Standard,7.2,23,0,5,2,30-40
Non précisé,Canada,,,8.1,31,0,2,2,20-30
Femme,France,44361.038623477376,Premium,5.9,26,0,1,3,60+
Homme,Belgique,50037.51559944309,Premium,5.3,19,0,4,3,30-40
Homme,Canada,38757.17869044217,Standard,14.5,19,0,6,1,40-50
Femme,Maroc,67608.30050570685,Standard,6.1,17,1,1,5,
Femme,Algérie,26155.655588760386,Standard,2.2,24,0,3,1,40-50
Femme,Belgique,,Familial,6.1,25,0,3,6,50-60
Femme,Belgique,,Standard,16.5,28,1,2,2,30-40
Homme,Algérie,48273.28299286786,Standard,11.9,24,0,3,2,20-30
Femme,France,24294.501725531718,Premium,5.0,31,1,4,4,20-30
Homme,Maroc,31780.210868762722,Standard,7.1,25,0,4,4,40-50
Femme,Canada,52856.303221335,Familial,9.6,24,0,5,2,60+
Homme,Maroc,50932.50488446361,Standard,31.0,28,0,2,5,20-30
Femme,Algérie,47333.09470276498,Standard,2.7,20,0,6,1,30-40
Femme,France,8308.852267020222,Premium,18.8,26,1,0,5,40-50
Homme,Canada,39481.228501500525,Familial,0.0,28,0,1,7,40-50
Homme,France,33338.80949667893,Familial,8.5,34,0,6,3,50-60
Femme,Canada,41366.791695580345,Standard,10.0,24,1,5,2,40-50
Homme,Algérie,36991.36520383215,Standard,16.0,19,0,1,5,40-50
Homme,France,46223.15840646099,Familial,7.2,24,1,2,1,30-40
Femme,Algérie,34034.54038208996,Familial,4.8,14,0,5,1,<20
Femme,Algérie,43436.038445864964,Premium,0.2,26,0,2,5,40-50
Homme,Algérie,28130.297033440922,Familial,10.8,20,1,2,5,60+
Homme,Belgique,52217.271901886976,Familial,3.2,31,0,5,6,60+
Femme,France,47073.85934018386,Standard,1.5,33,0,0,4,
Homme,France,41639.71322009659,Standard,4.8,18,0,2,4,60+
Femme,Canada,12488.016786104828,Premium,8.9,23,0,5,2,
Homme,Belgique,54692.103833213376,Standard,41.7,19,0,6,3,50-60
Homme,Algérie,38311.55780058455,Standard,8.6,20,1,6,6,50-60
Femme,Canada,50553.10065537309,Standard,26.8,32,1,4,1,50-60
Femme,Canada,49257.10164787722,Standard,17.0,28,1,2,6,30-40
Homme,Algérie,41233.381097390535,Standard,6.6,26,0,3,6,40-50
Homme,Maroc,50063.155198954235,Standard,19.8,28,0,4,1,40-50
Femme,France,43486.5358590348,Premium,35.9,15,0,1,1,
Femme,Maroc,36393.56995182935,Premium,2.6,22,1,4,1,60+
Femme,Canada,57215.06960793286,Standard,2.2,27,0,0,2,40-50
Femme,Algérie,41119.89264842329,Familial,14.7,36,0,1,5,20-30
Homme,Belgique,,Standard,4.4,26,0,0,1,20-30
Homme,Algérie,35260.698601555116,Standard,9.7,41,0,6,4,30-40
Homme,France,13008.380670825138,Standard,2.6,26,0,5,6,50-60
Homme,France,43152.834885110424,Familial,45.6,27,1,4,1,20-30
Homme,Canada,29341.24771270762,Premium,1.2,28,0,6,4,50-60
Femme,Maroc,32607.820462167943,Standard,6.6,25,0,5,3,50-60
Femme,Canada,53219.21327542869,Standard,13.5,26,1,5,4,40-50
Femme,Algérie,57042.281987732895,Premium,10.8,21,0,0,3,20-30
Femme,Maroc,51599.39188512225,Familial,7.5,19,0,5,1,20-30
Femme,Canada,39465.66493414983,Standard,26.4,26,0,1,4,50-60
Homme,Canada,23025.91164443716,Premium,10.4,14,0,2,2,30-40
Homme,Maroc,44127.8065905927,Standard,14.6,27,1,0,1,60+
Femme,Algérie,64239.61971596254,,15.1,22,0,0,2,50-60
Femme,France,37645.047943134385,Premium,,24,0,3,4,60+
Homme,Canada,53121.40926620095,Premium,1.1,27,0,5,4,40-50
Homme,Maroc,34073.17424468652,Premium,48.5,15,0,2,3,30-40
Femme,Canada,,Premium,17.0,23,0,4,6,<20
Femme,Maroc,,Premium,1.7,18,0,3,4,50-60
Femme,France,59254.18795388777,Standard,7.4,39,0,6,6,60+
Homme,Canada,31214.7263357813,Standard,23.1,33,1,0,5,20-30
Homme,Maroc,51676.25824174205,Premium,18.7,29,1,3,5,40-50
Femme,Maroc,50211.365462340545,Familial,28.3,26,0,2,1,40-50
Homme,France,37214.11259611726,Standard,20.0,23,0,6,2,20-30
Femme,Canada,12909.387697403654,Standard,16.7,23,0,3,4,<20
Homme,Belgique,36789.30959082265,Premium,29.9,29,0,5,6,60+
Femme,France,38655.55533823186,Standard,6.8,29,1,3,5,20-30
Homme,Canada,49905.62030785957,Standard,1.9,35,0,3,5,30-40
Femme,France,31090.239963551172,Standard,3.1,25,1,3,6,30-40
Femme,Maroc,28870.535583608413,Premium,10.4,22,0,6,1,20-30
Homme,Maroc,53362.6848256375,Standard,7.4,32,1,0,2,50-60
Femme,France,21973.838729340136,Premium,11.5,30,0,5,5,50-60
Homme,Algérie,36148.36695845216,Premium,28.9,31,1,6,2,30-40
Femme,Canada,41586.31106812395,Standard,4.9,20,0,4,6,60+
Femme,France,40543.026915532166,Premium,6.7,8,1,6,5,40-50
Homme,Algérie,56407.369285116496,Familial,7.5,24,0,2,4,30-40
Homme,Belgique,27464.02990363349,Standard,11.2,25,0,2,4,30-40
Homme,Belgique,34388.811098402104,Premium,21.8,31,0,5,2,40-50
Non précisé,Belgique,53807.11317409723,Premium,2.7,19,0,2,2,50-60
Homme,Algérie,40390.92454118581,Premium,13.2,22,0,5,6,20-30
Homme,France,,Standard,6.1,25,1,3,4,50-60
Homme,Canada,34711.14201976566,Premium,4.2,19,0,6,6,50-60
Homme,Canada,31014.00714807096,Premium,2.8,30,1,2,2,
Homme,Algérie,53201.59615273855,Standard,10.2,38,0,4,1,20-30
Homme,Belgique,46691.877225722536,Premium,4.8,26,0,6,2,60+
Homme,Algérie,38035.57334174705,Standard,13.8,33,1,2,1,20-30
Femme,Canada,43829.52219118522,Standard,12.1,25,1,6,6,50-60
Femme,France,28481.116681432108,Standard,5.4,20,0,5,1,50-60
Homme,France,53027.55671751161,Familial,23.0,22,0,4,3,30-40
Homme,Maroc,48505.76778778996,Premium,,20,0,5,2,60+
Homme,Algérie,31900.783726889265,Premium,13.4,23,0,6,2,60+
Femme,Algérie,33124.83516623408,Standard,19.8,26,0,2,4,30-40
Homme,Belgique,36608.695220312766,Premium,8.3,30,0,3,1,60+
Homme,Maroc,64656.246887915346,Familial,7.5,16,0,2,3,
Femme,Canada,30662.91876136571,Standard,10.8,22,0,3,4,60+
Homme,Canada,26233.55348852629,Familial,3.8,23,0,2,1,30-40
Homme,Algérie,14100.779084736203,Familial,4.6,25,0,5,2,40-50
Homme,Algérie,50944.906106433664,Standard,18.5,30,1,0,6,<20
Homme,Algérie,42566.76408658277,Premium,7.0,23,0,2,2,60+
Homme,Belgique,16489.206791995377,Familial,4.0,25,0,0,2,50-60
Femme,France,2437.4296263254523,Standard,7.9,16,0,3,4,<20
Homme,Canada,38764.04286043152,Premium,0.3,27,1,6,3,50-60
Homme,Canada,66527.16188078545,Familial,0.6,32,0,3,1,40-50
Femme,France,42700.07569203328,Familial,7.3,25,0,3,5,50-60
Homme,Belgique,57917.71019552835,Standard,9.2,21,0,2,3,50-60
Homme,France,54329.31848447227,Familial,2.0,28,0,0,5,50-60
Homme,Canada,61212.555687330714,Standard,24.2,24,0,0,1,
Homme,Maroc,26421.65953846659,Standard,32.9,23,1,0,1,20-30
Homme,France,38672.72318909209,,2.0,25,0,2,6,60+
Femme,Maroc,27442.559362926953,Premium,2.0,34,0,1,3,40-50
Femme,Canada,37023.02695738896,Standard,6.8,24,0,2,1,30-40
Homme,Maroc,37205.22119579646,,27.5,36,0,5,1,20-30
Homme,Algérie,26943.020864096663,Premium,48.2,28,0,3,5,<20
Femme,Algérie,25703.510490579247,,57.1,30,0,3,5,40-50
Homme,Belgique,66325.4082088279,Standard,31.6,18,0,3,4,60+
Femme,Belgique,32678.846020481156,Familial,10.5,36,0,6,7,
Femme,Canada,40228.37414369321,Premium,6.0,30,0,0,3,40-50
Femme,France,9754.799106205637,Standard,20.6,18,0,1,5,<20
Femme,Maroc,36415.79794311739,Standard,1.4,26,1,3,1,40-50
Homme,Algérie,51111.23591183449,Standard,1.9,27,0,6,1,40-50
Femme,Belgique,36446.54343473102,Standard,17.7,21,0,5,1,40-50
Homme,Belgique,52428.717358223046,Premium,1.8,25,0,6,1,20-30
Femme,France,53941.92775994464,Standard,31.5,23,0,6,2,30-40
Homme,Belgique,29265.622651778605,Standard,8.9,26,0,2,2,50-60
Femme,Algérie,48673.88479566837,Premium,11.0,20,0,2,1,60+
Femme,Belgique,30555.697772294054,Premium,15.3,24,1,4,2,60+
Femme,Belgique,41759.07365581131,Premium,1.1,27,0,6,7,40-50
Homme,Maroc,20991.929397676515,Familial,95.4,24,0,1,3,40-50
Homme,Algérie,38449.77740777566,Familial,25.1,22,0,3,4,30-40
Homme,Algérie,42302.20218128232,Standard,18.1,28,1,2,1,20-30
Homme,Belgique,43263.38409123037,Standard,1.1,20,0,1,1,30-40
Femme,France,48889.576940185405,Standard,3.6,25,1,1,2,40-50
Femme,France,,Familial,21.8,21,0,0,2,20-30
Homme,Algérie,54873.49821809265,Premium,9.7,25,0,2,6,40-50
Homme,Maroc,45967.29353248608,Familial,0.8,26,0,3,3,50-60
Homme,Belgique,60816.8921554595,Premium,7.0,18,0,4,5,50-60
Homme,Canada,40063.41803091604,Standard,64.8,22,1,5,5,20-30
Femme,Canada,45996.11554910447,Standard,3.3,20,0,0,5,50-60
Femme,Canada,47646.063551280065,Standard,16.4,27,1,2,6,
Homme,Canada,36801.35311899797,Familial,35.7,18,0,2,6,50-60
Femme,Belgique,20347.46232798723,Premium,1.0,16,0,6,6,30-40
Homme,Belgique,42107.45301390126,Premium,21.1,23,1,6,2,50-60
Femme,Belgique,39456.38161245052,Premium,19.4,16,0,2,4,40-50
Homme,Belgique,58512.094818140526,Standard,5.1,21,0,4,4,40-50
Homme,Algérie,27323.853700201442,Standard,11.3,25,0,6,2,40-50
Femme,Belgique,,Standard,59.3,34,0,3,2,30-40
Femme,Maroc,60596.922162744995,Standard,23.3,20,0,3,5,30-40
Homme,Maroc,65736.99633233993,Standard,0.2,18,0,5,3,40-50
Homme,Canada,46807.39981537246,Standard,17.5,27,0,2,4,30-40
Homme,Belgique,28209.686323855014,Standard,0.4,25,0,0,3,30-40
Homme,Maroc,39623.21930869374,Standard,7.8,28,0,3,2,60+
Femme,Belgique,36093.88749438773,Standard,65.5,25,0,0,5,50-60
Homme,Canada,38863.04931468844,Standard,7.4,24,0,4,3,40-50
Femme,Algérie,49783.826391525836,Premium,15.2,25,0,6,3,60+
Homme,Belgique,42556.187505545284,Familial,10.1,26,0,6,5,60+
Femme,France,27663.56208446182,Standard,,22,0,4,3,60+
Homme,Belgique,33579.73365808451,Premium,1.4,26,1,0,4,60+
Homme,Canada,22595.60270577119,Premium,9.2,24,1,6,4,50-60
Femme,Canada,48819.77420022973,Familial,15.5,24,0,1,6,60+
Femme,Belgique,33066.68511716428,,0.5,22,0,5,5,60+
Femme,Algérie,30320.93704392501,,30.8,26,1,2,5,20-30
Non précisé,Algérie,36411.49312868218,Standard,2.6,28,1,3,2,60+
Non précisé,Maroc,53802.31195180232,Standard,4.2,23,1,0,3,20-30
Homme,Maroc,46395.23957320774,Premium,5.5,22,1,6,6,40-50
Homme,France,20282.376746371694,Premium,18.6,17,0,0,4,
Homme,France,45160.107607916354,Standard,15.8,25,0,3,3,30-40
Homme,Algérie,33550.20593372742,Standard,10.4,23,1,1,3,20-30
Femme,France,20313.613288180662,,54.6,24,1,5,5,40-50
Femme,Canada,38545.49767365613,Standard,5.7,25,1,4,6,30-40
Femme,Belgique,43854.658635731066,Familial,3.3,18,0,4,4,50-60
Homme,Algérie,57801.717796853765,Familial,8.3,24,0,3,1,30-40
Femme,Belgique,33797.0855858281,Familial,7.4,18,0,4,4,20-30
Homme,Algérie,25422.81002378505,Premium,1.9,22,0,5,6,
Homme,Belgique,32965.12816752069,Standard,0.0,34,0,6,1,30-40
Non précisé,Belgique,,Premium,4.8,28,0,3,1,60+
Femme,Maroc,30777.294344365873,Familial,1.5,30,0,3,4,60+
Homme,Belgique,34171.995686529415,Standard,0.8,24,0,1,4,30-40
Femme,Algérie,9558.823329072016,Standard,0.8,22,1,1,4,
Homme,Canada,45515.38311524144,Standard,6.0,26,0,4,1,20-30
Homme,Belgique,28784.806517058783,Standard,41.1,23,0,3,6,20-30
Homme,Belgique,31432.12100267711,Standard,1.9,25,0,1,4,50-60
Femme,Belgique,52135.37906376,Standard,5.6,29,0,4,2,20-30
Femme,Maroc,40548.98300485268,Standard,77.6,20,0,3,5,60+
Femme,Algérie,48681.858842329464,Premium,13.0,30,0,1,1,60+
Homme,Algérie,26049.860617095186,Standard,18.0,30,1,1,5,60+
Femme,Algérie,50487.57642149549,Premium,25.3,20,0,0,6,60+
Femme,Canada,,Premium,27.6,34,0,6,4,60+
Femme,Canada,48330.36484899516,Standard,24.4,24,0,6,5,40-50
Homme,Algérie,51216.28132496787,Standard,1.9,32,1,5,3,20-30
Homme,Canada,17681.242130347448,Familial,8.9,23,0,5,1,20-30
Non précisé,Canada,37655.54886712523,Premium,10.8,22,0,5,5,30-40
Femme,Maroc,32411.86015072856,Premium,51.9,26,1,0,1,30-40
Homme,Canada,23609.91358361483,,9.7,26,0,1,5,60+
Femme,Algérie,60581.47376649816,,20.7,22,0,0,5,50-60
Homme,France,27880.312611706908,Standard,28.7,28,0,0,5,60+
Femme,Algérie,51544.772191842916,Premium,0.8,21,0,5,2,40-50
Femme,France,59624.23617885386,Familial,18.8,31,1,3,6,20-30
Homme,Maroc,52200.491293353174,Premium,46.6,28,0,0,5,40-50
Femme,Belgique,21538.9236157416,Standard,20.2,35,1,3,1,20-30
Homme,Canada,26189.135596223157,Standard,0.3,26,0,6,3,60+
Homme,Canada,55978.37661880406,Standard,7.5,21,1,4,3,
Homme,France,39324.03131416764,Premium,16.0,33,0,1,1,50-60
Femme,Belgique,53980.599905177725,Premium,22.8,23,0,4,5,30-40
Femme,Belgique,44445.37755962977,Standard,69.1,23,0,0,3,60+
Non précisé,Canada,42661.942645666255,Standard,4.5,23,0,6,4,60+
Homme,France,43408.68591768584,Standard,20.5,20,1,3,7,60+
Homme,Maroc,52180.77640306271,Standard,36.7,23,1,5,2,30-40
Homme,Algérie,54583.301648109555,Premium,4.5,22,0,4,1,40-50
Femme,Maroc,,Premium,30.5,23,0,5,3,50-60
Homme,France,37994.22827323635,Standard,23.3,18,0,6,6,<20
Femme,Algérie,37162.87302236074,Standard,12.3,17,0,5,3,30-40
Femme,Maroc,40035.9679222679,,12.5,26,0,2,2,40-50
Femme,Belgique,30303.527024245916,Familial,4.8,24,0,3,7,20-30
Homme,Canada,40308.06690000515,Standard,6.9,28,0,6,6,50-60
Femme,France,44701.92140462491,Standard,1.3,26,0,6,3,20-30
Homme,Algérie,34624.55505287466,Standard,13.2,21,0,3,6,50-60
Femme,Canada,47166.87037376264,Familial,22.0,23,0,1,3,30-40
Femme,Belgique,39565.89738531291,Premium,5.8,31,0,1,3,
Homme,Maroc,50371.058319892654,Standard,17.7,23,0,5,5,40-50
Homme,Algérie,48709.71783446011,Familial,7.5,12,1,6,1,
Femme,Canada,19128.105103870326,Standard,,18,0,3,3,40-50
Femme,Canada,47170.025900988156,Premium,40.2,25,0,4,6,60+
Homme,Belgique,43079.94895307489,,14.8,25,0,3,1,40-50
Non précisé,Belgique,41359.488312785674,Premium,3.8,28,0,6,5,30-40
Homme,Belgique,26508.24913813237,Premium,8.2,22,0,6,4,20-30
Femme,Algérie,,Premium,0.1,22,0,5,5,40-50
Homme,Maroc,66807.91454010151,Premium,,32,0,5,1,20-30
Homme,Canada,56939.634628773296,Standard,13.4,19,0,2,4,20-30
Non précisé,Algérie,51854.03191681269,Premium,1.3,23,1,3,1,20-30
Homme,Belgique,,Standard,12.0,30,0,4,6,60+
Homme,Belgique,35851.694536168274,Premium,43.1,30,0,0,1,60+
Homme,Canada,53404.142927629146,Premium,14.5,23,0,4,5,40-50
Homme,Algérie,52265.5013457015,Standard,5.0,25,0,2,6,60+
Femme,Belgique,35492.70870552812,Familial,9.3,25,1,5,5,60+
Femme,France,32872.37960129048,Familial,8.5,18,0,3,3,60+
Femme,France,37151.756353067314,Standard,67.1,22,0,0,2,<20
Femme,Maroc,74138.07866083634,Premium,18.7,30,1,1,6,50-60
Femme,Belgique,48661.983727471874,Premium,0.6,28,0,5,6,50-60
Homme,Canada,40960.999354676234,Standard,6.7,17,0,3,3,20-30
Homme,Algérie,36086.86777354196,Standard,4.8,30,0,6,2,50-60
Homme,Maroc,51885.0043702357,Premium,59.8,24,1,4,1,60+
Femme,Maroc,46800.71668146054,Premium,11.2,22,0,0,4,40-50
Non précisé,France,53958.077445358824,Standard,7.3,26,0,0,5,30-40
Femme,Maroc,28022.001324783447,Standard,37.9,20,0,0,7,50-60
Femme,Algérie,30170.97332713914,Premium,13.6,26,0,0,4,20-30
Femme,Canada,45987.407959976124,Standard,43.1,33,1,6,5,40-50
Femme,Algérie,54643.039086035045,Standard,29.3,32,0,3,2,60+
Homme,Maroc,52494.69512158292,Premium,12.7,24,0,4,1,20-30
Femme,Belgique,,Standard,30.9,29,0,5,1,50-60
Homme,Maroc,34382.647481885346,Standard,16.6,28,0,3,5,50-60
Femme,Canada,24851.099363461635,Standard,5.1,22,0,0,5,40-50
Femme,Maroc,40396.504723086386,Premium,44.2,20,0,4,2,<20
Homme,Algérie,36027.45602208171,,31.3,30,0,2,5,50-60
Homme,France,42434.71695448906,Standard,15.5,17,0,3,4,50-60
Femme,France,51423.10655917157,Standard,4.3,28,1,1,2,<20
Femme,Maroc,45934.797766938864,Standard,2.8,29,0,1,3,60+
Homme,Maroc,37550.49653918363,Standard,,22,1,5,5,40-50
Homme,France,44119.69904870834,Familial,1.7,32,1,0,4,
Femme,France,51451.87832320124,Premium,17.3,16,0,4,4,60+
Femme,France,37904.47175892901,Premium,35.8,27,0,6,4,60+
Femme,Belgique,57863.75515627908,Premium,4.7,26,0,1,1,50-60
Homme,Canada,22075.17347750258,Standard,9.9,28,0,6,1,40-50
Homme,Belgique,38977.27287681299,Premium,7.2,29,1,6,1,20-30
Homme,Maroc,41627.00181312117,Standard,2.3,23,0,0,4,
Homme,France,19832.931910244948,Standard,13.8,20,1,5,5,60+
Homme,France,17091.884443990053,Standard,17.6,22,0,1,3,50-60
Femme,Algérie,14719.291326751434,Standard,1.1,28,1,2,5,50-60
Femme,Canada,38012.65529662981,Standard,6.0,27,1,4,2,60+
Femme,Belgique,,Premium,42.0,26,0,3,4,
Homme,Belgique,23715.459254404323,Standard,9.4,31,1,2,2,20-30
Femme,Canada,,Standard,26.1,24,0,2,2,50-60
Femme,Algérie,36102.15191487954,Premium,24.6,28,0,6,6,60+
Homme,Algérie,31327.26313694306,Familial,25.5,21,0,4,6,40-50
Homme,Canada,38483.42369396434,Premium,19.0,20,0,2,2,30-40
Homme,Algérie,32362.923120508578,Premium,15.1,21,1,6,3,40-50
Femme,France,53562.8109579438,Premium,3.2,28,1,5,5,50-60
Homme,France,45666.27592531389,Standard,6.9,23,0,0,5,40-50
Femme,Maroc,52589.65080007606,Familial,35.1,20,0,3,6,50-60
Femme,Maroc,32914.00897838469,Premium,10.0,25,1,2,5,
Homme,Maroc,45651.07010188656,Premium,1.8,24,0,6,4,<20
Homme,Maroc,35061.342967511984,Standard,10.1,25,1,1,6,40-50
Femme,Maroc,22254.934283891824,Standard,1.6,22,0,4,6,40-50
Femme,Canada,35021.30971194681,Premium,15.6,35,0,3,3,50-60
Homme,France,41056.20925466809,Standard,10.2,21,0,0,5,20-30
Femme,Algérie,37022.27806207935,Standard,25.5,28,1,2,3,20-30
Femme,Algérie,43717.250484107484,Premium,14.4,31,0,2,5,60+
Non précisé,Maroc,55423.487007844175,Premium,39.2,28,1,2,3,20-30
Femme,Belgique,58100.79143812666,Standard,16.0,25,0,4,7,30-40
Homme,Canada,42516.003225592074,Premium,1.3,25,0,3,4,30-40
Femme,Algérie,43070.192106615126,Standard,,24,0,1,4,50-60
Homme,France,51178.32698911978,Standard,1.2,21,0,4,5,50-60
Non précisé,Belgique,18695.063385141802,Standard,4.0,26,1,2,7,60+
Femme,Maroc,60017.357610580126,Premium,1.7,31,0,2,1,
Non précisé,Belgique,37366.18929120623,Premium,5.7,31,0,2,4,20-30
Femme,Belgique,47875.27699805169,Premium,3.2,26,0,3,4,20-30
Homme,France,,Standard,15.7,30,0,2,4,40-50
Homme,Algérie,44803.671921958456,Premium,15.9,13,0,0,4,30-40
Homme,Maroc,,Standard,3.3,24,0,6,2,60+
Homme,Maroc,,Familial,31.3,17,0,0,4,30-40
Femme,Belgique,22910.590211450482,Standard,4.4,24,0,5,1,30-40
Femme,Algérie,50567.686185129474,Premium,3.7,26,0,4,4,20-30
Homme,France,24318.492854309767,Familial,42.1,23,1,6,3,60+
Homme,Canada,40177.25487619631,Familial,1.9,23,0,6,3,50-60
Homme,Maroc,46673.38842219161,Premium,30.4,34,0,3,3,30-40
Femme,Belgique,32450.86574912297,Standard,33.6,29,0,6,2,60+
Homme,Maroc,37028.228468247056,Premium,59.0,24,0,3,3,60+
Femme,France,23282.98157654001,Premium,16.0,25,0,0,1,30-40
Femme,Maroc,48676.015031648036,Standard,53.8,26,0,6,3,50-60
Homme,France,34745.90955642169,Standard,26.3,23,0,3,3,30-40
Non précisé,France,35771.7845021245,Premium,3.5,25,0,0,2,
Homme,Maroc,62051.53368063625,,,28,0,6,2,30-40
Homme,Canada,48213.249889039645,Standard,8.1,25,0,6,3,40-50
Femme,Belgique,57584.916309164335,Premium,10.3,23,0,6,3,20-30
Homme,Belgique,21309.107691154448,Familial,25.1,27,0,1,4,30-40
Femme,Canada,58124.44692242249,Premium,3.9,24,0,4,1,<20
Femme,Algérie,6492.278751853603,Standard,2.1,22,1,5,1,50-60
Homme,Belgique,46027.31295691928,Standard,5.4,20,0,0,6,40-50
Non précisé,France,18490.50737295272,Premium,5.3,17,0,4,3,40-50
Femme,Belgique,32808.84427164533,Premium,5.6,25,0,5,5,<20
Homme,Maroc,47936.485048879,Premium,5.4,39,0,6,6,20-30
Homme,Canada,44209.28246652953,Premium,9.7,17,1,0,3,40-50
Homme,Maroc,34435.56557170003,Standard,8.4,25,0,4,3,60+
Femme,Canada,32498.028756899654,Standard,10.3,22,1,4,1,40-50
Femme,Maroc,33039.322984258564,Standard,17.5,13,0,3,6,40-50
Homme,Canada,21445.950434227692,Standard,11.3,37,0,3,5,50-60
Femme,Algérie,34090.10647869123,Standard,5.7,22,0,6,5,30-40
Homme,Canada,77493.88658337394,Standard,20.3,22,0,3,2,50-60
Homme,Maroc,34637.48387713211,Standard,8.3,22,0,4,6,50-60
Femme,Algérie,33150.91533646286,Premium,0.7,27,1,0,5,<20
Femme,Belgique,46286.007856836004,Premium,14.6,25,0,5,6,60+
Femme,Maroc,30382.129443290072,Premium,2.3,30,1,6,4,
Homme,France,29305.100643169957,Standard,8.3,22,1,3,5,30-40
Femme,Belgique,41515.30672053147,Familial,6.3,25,1,5,1,20-30
Homme,France,30953.45256808779,Premium,40.6,22,0,0,6,20-30
Femme,Canada,,Familial,2.5,24,0,5,3,60+
Homme,Canada,50592.08369534904,Familial,5.5,37,0,4,1,30-40
Femme,Canada,42641.419666671434,Standard,0.4,26,0,4,5,50-60
Femme,Maroc,47934.483467301114,Premium,0.9,27,0,5,5,60+
Homme,Canada,55466.92681676472,Familial,,17,0,2,6,<20
Homme,Belgique,40844.70441581107,,0.8,24,0,2,2,50-60
Femme,Maroc,42541.35328610574,,28.1,19,0,4,4,60+
Homme,Algérie,43713.88539748554,Premium,5.7,25,0,3,5,40-50
Femme,Maroc,27109.180184654313,Premium,27.1,20,0,2,6,50-60
Femme,Algérie,32145.448876931907,Familial,9.2,26,0,5,3,30-40
Femme,Algérie,,Standard,5.5,24,0,3,2,<20
Homme,Maroc,45750.91213869377,Familial,7.1,25,0,3,1,40-50
Femme,Canada,44297.83371536576,Premium,3.5,23,1,4,3,30-40
Homme,Canada,25761.23845414247,Standard,18.4,28,0,2,6,20-30
Homme,France,39344.11490271799,Standard,18.2,20,0,5,3,20-30
Homme,Canada,48542.48340598494,Standard,8.5,30,1,1,5,
Femme,Belgique,28303.477533705718,Standard,2.0,14,1,5,6,20-30
Femme,Maroc,23289.895970965485,Standard,31.9,23,1,4,1,60+
Femme,France,45855.7683884814,Standard,6.5,20,1,0,4,30-40
Homme,Canada,36608.1882338486,Standard,13.2,29,1,1,5,60+
Femme,Belgique,39421.41172666622,Premium,4.7,25,1,3,3,30-40
Homme,Canada,,Standard,110.8,29,0,2,2,30-40
Homme,Algérie,45223.99668260894,Standard,9.2,23,1,6,1,20-30
Homme,Belgique,39464.4272945576,Standard,7.4,29,0,1,3,20-30
Homme,France,44139.44208488275,Premium,12.7,29,0,0,5,40-50
Homme,Belgique,33866.24189796777,Standard,23.7,25,1,5,3,20-30
Femme,Maroc,39348.42454067214,,12.0,27,1,2,5,50-60
Femme,Algérie,44425.489044355076,Premium,22.1,26,0,2,6,30-40
Homme,Canada,27408.193711479827,Standard,48.9,29,0,0,1,20-30
Homme,Algérie,34683.33363879331,Standard,37.7,16,0,0,1,50-60
Femme,Algérie,17369.470840499405,Familial,1.3,23,0,2,2,40-50
Femme,Canada,56640.85843583768,Premium,7.4,24,0,2,6,30-40
Femme,France,43150.647754694095,Premium,13.2,28,1,2,6,60+
Femme,Maroc,47411.928546194795,Standard,3.3,24,0,1,2,30-40
Homme,Algérie,30990.382358800904,Premium,7.0,23,0,1,3,40-50
Femme,Canada,26302.117996251014,Familial,0.0,32,1,0,1,30-40
Homme,Algérie,23337.656915564527,Standard,16.3,26,0,2,3,40-50
Homme,Maroc,43729.938000365044,Premium,3.5,19,0,6,3,30-40
Femme,France,37431.90234788732,Familial,0.4,16,0,5,4,30-40
Femme,Maroc,46902.45644854785,Standard,18.2,35,1,6,7,60+
Homme,Algérie,20239.70634554296,Standard,2.0,23,0,5,6,50-60
Homme,Canada,17895.132462571823,Standard,1.3,22,1,3,1,40-50
Femme,France,9578.133112522535,Standard,,22,0,1,5,50-60
Homme,France,46354.00602258431,,22.2,22,1,1,7,30-40
Homme,Algérie,,Standard,7.4,25,0,0,4,30-40
Femme,Algérie,,Standard,43.9,27,0,5,6,40-50
Homme,Canada,33149.09092451223,Standard,15.1,30,0,5,5,30-40
Homme,Canada,40937.59351190407,Premium,23.4,29,0,0,4,50-60
Homme,France,46077.62936880023,Standard,9.7,26,0,1,3,
Homme,Algérie,28060.495655640832,Standard,4.6,19,0,5,2,20-30
Femme,Maroc,43640.81235831052,Familial,6.1,27,1,1,2,60+
Femme,France,50294.395016893184,Premium,61.9,24,1,5,2,30-40
Femme,France,33391.15360095675,Standard,7.8,22,0,1,3,50-60
Femme,France,44817.01976409597,Premium,7.0,27,0,5,7,60+
Femme,France,65139.10892679105,Premium,3.6,38,1,6,6,50-60
Non précisé,Canada,,Standard,6.6,21,0,2,6,50-60
Homme,Algérie,49346.104540366345,Premium,20.2,21,0,5,6,40-50
Homme,France,44076.86532084079,Familial,14.1,21,1,4,6,60+
Femme,Canada,25377.259871635255,Standard,11.1,37,0,4,4,20-30
Homme,France,51743.448093526604,Premium,8.5,36,0,4,1,40-50
Homme,France,33325.71608030316,Standard,2.7,23,1,1,6,60+
Femme,Canada,52090.16499768684,Standard,27.8,26,1,4,1,40-50
Homme,France,27556.694542140198,Premium,,23,1,2,4,50-60
Femme,Algérie,62584.69758886611,Premium,3.6,24,0,6,3,30-40
Homme,Algérie,38486.47687258342,Standard,14.8,30,0,3,4,40-50
Homme,Canada,45898.464332699616,Standard,25.6,20,0,4,2,50-60
Femme,Canada,48229.864625730486,Premium,10.6,25,0,6,2,<20
Femme,Belgique,42902.748668432905,,14.1,24,0,5,5,30-40
Femme,Maroc,39453.68980798804,Standard,13.6,17,1,6,3,30-40
Femme,Algérie,37798.16917583953,Familial,16.1,27,0,5,6,40-50
Homme,Algérie,41917.49539980397,Premium,1.7,21,0,4,1,20-30
Femme,Belgique,,Standard,7.5,26,0,2,6,30-40
Non précisé,Canada,25152.675728543323,Familial,30.1,22,1,1,2,60+
Femme,Algérie,53130.7135496057,Standard,17.3,28,0,6,1,60+
Homme,Maroc,40182.611034081776,Standard,6.1,26,0,3,4,
Femme,Algérie,35537.16671521236,Standard,1.8,26,1,3,4,<20
Homme,Belgique,16868.144193618682,Standard,1.8,13,0,4,3,60+
Homme,France,36147.63861482746,Standard,21.3,28,1,6,4,40-50
Homme,Maroc,33747.35406967457,Premium,9.0,22,0,0,5,60+
Femme,Belgique,34324.990668900195,Standard,17.0,18,1,3,4,30-40
Homme,Maroc,34073.61208345283,Standard,11.2,15,1,2,5,30-40
Homme,Algérie,,Familial,17.6,22,0,3,1,40-50
Femme,Maroc,31692.184444927447,Standard,23.6,26,0,0,7,60+
Homme,France,35379.94791030061,Familial,92.1,23,0,3,6,40-50
Femme,Canada,26882.526488834137,Premium,3.4,21,0,4,2,40-50
Femme,Canada,24953.036069184738,Standard,11.8,34,1,5,5,20-30
Homme,Belgique,41809.67163842468,Standard,6.7,16,0,5,4,60+
Homme,Maroc,38251.70727405831,Premium,4.1,25,0,6,3,20-30
Homme,France,32102.45022896051,Premium,8.4,27,0,2,1,<20
Femme,Canada,51249.58118641624,Standard,0.1,21,0,3,5,
Femme,Canada,,Premium,1.1,31,0,5,2,<20
Homme,Algérie,42202.417226889025,,2.3,32,0,5,1,30-40
Femme,Belgique,52690.67078820014,Premium,18.8,21,0,5,3,
Homme,Canada,48988.77065771168,Premium,82.3,22,0,4,3,60+
Homme,Maroc,53199.98858003963,Premium,23.7,23,0,2,5,40-50
Homme,Belgique,34240.816156930465,Familial,2.5,24,0,2,7,20-30
Femme,Belgique,34897.77295510319,Standard,7.8,23,1,4,4,<20
Homme,Belgique,34269.190567920086,Premium,6.2,35,0,4,1,60+
Homme,France,11638.221485604454,Standard,2.4,21,0,4,5,30-40
Femme,Maroc,15619.949834325873,Standard,11.5,28,0,5,1,20-30
Femme,Maroc,26636.68177830049,,16.0,28,0,1,1,20-30
Femme,Algérie,41038.48975657772,Familial,,21,0,1,3,40-50
Non précisé,Belgique,47537.42114818144,Premium,19.0,28,0,0,4,50-60
Homme,France,38671.84049976016,Standard,4.2,23,0,3,2,60+
Femme,Belgique,49965.959988606635,Premium,43.1,31,0,0,4,50-60
Homme,Canada,45430.681752498655,Familial,6.5,24,1,3,6,20-30
Femme,France,18186.443331761202,Familial,16.0,17,0,3,2,40-50
Homme,Belgique,37449.313445570704,Standard,3.2,22,0,0,4,50-60
Homme,Algérie,53790.39700830527,Standard,9.8,29,0,1,5,<20
Homme,France,59704.73738691109,Premium,1.4,19,1,6,1,20-30
Homme,Maroc,33735.85849202052,Premium,3.3,18,0,1,3,40-50
Homme,Canada,,Standard,29.1,26,0,4,4,20-30
Femme,France,41921.840937796034,Premium,11.7,26,1,5,6,40-50
Homme,Maroc,48359.61508296229,Standard,,30,0,1,2,20-30
Femme,Canada,49333.501457053244,Standard,,16,1,4,1,40-50
Femme,Belgique,43098.11448934487,,15.5,27,0,1,6,
Femme,Algérie,34110.38595148778,Standard,12.4,29,1,0,2,20-30
Homme,Canada,44234.38741629176,Familial,3.4,25,0,6,5,40-50
Homme,Algérie,43203.75223568403,Familial,19.6,23,1,1,3,60+
Homme,Belgique,33532.67167233151,Standard,30.9,24,0,4,3,60+
Homme,Belgique,68550.64637467546,Standard,47.1,33,1,6,3,20-30
Homme,Belgique,42622.13070532174,Standard,13.6,31,0,5,6,40-50
Homme,Canada,47508.57808759826,Premium,9.3,16,1,2,7,20-30
Femme,Canada,65387.10176441841,Premium,0.6,17,0,6,3,40-50
Femme,Canada,50829.88204717145,Premium,21.0,30,0,0,2,
Homme,Algérie,35073.83272141234,Standard,0.6,27,1,2,3,30-40
Homme,Maroc,47118.825668127836,Premium,15.6,20,1,6,1,20-30
Femme,Maroc,45967.35768292462,Standard,31.1,26,0,5,7,60+
Femme,Maroc,34911.47286069365,Premium,44.6,28,0,0,5,50-60
Homme,Belgique,45485.681150544544,,30.3,27,0,2,5,<20
Homme,Belgique,36669.82710310079,Standard,2.7,31,1,5,3,30-40
Femme,Maroc,49120.34515472821,Premium,0.9,27,0,1,5,<20
Femme,Maroc,37411.91727589683,Premium,20.9,27,1,2,3,50-60
Femme,Belgique,,Familial,28.0,27,0,4,2,
Homme,Canada,37892.4072059355,,4.2,35,0,1,2,40-50
Homme,Canada,50095.99772079568,Standard,,16,1,1,5,20-30
Homme,Algérie,27668.00947537713,Standard,0.0,28,1,2,2,50-60
Homme,Maroc,69625.25938505241,Premium,59.7,32,0,6,6,50-60
Femme,France,24621.689916977517,Premium,2.3,19,0,5,6,20-30
Femme,Algérie,64872.45834976018,Standard,1.3,34,0,2,6,30-40
Homme,Canada,49584.188946839815,Premium,3.3,31,0,1,2,30-40
Femme,France,29085.99538849543,Standard,3.6,30,0,5,7,50-60
Non précisé,Algérie,44497.62605282446,Familial,23.0,20,0,3,5,40-50
Homme,Belgique,21347.61269060006,Standard,62.9,27,1,6,4,60+
Femme,Belgique,,Standard,3.8,37,0,4,1,30-40
Femme,Belgique,43623.13405297573,Premium,4.9,30,0,3,1,30-40
Femme,Belgique,,Standard,14.1,30,0,5,4,60+
Homme,Maroc,31436.018228208657,Standard,15.1,25,0,1,3,40-50
Femme,Maroc,48524.49774961238,Familial,19.8,20,1,6,4,40-50
Homme,Maroc,41570.93117811757,Standard,9.0,30,0,0,5,50-60
Femme,Canada,29882.853969103522,Familial,21.0,19,1,6,2,50-60
Homme,Canada,48711.535029347804,Premium,18.0,17,0,6,3,60+
Femme,France,50736.653925255065,Standard,2.5,31,1,5,6,50-60
Femme,Belgique,29461.603807601346,Premium,34.9,20,0,5,5,30-40
Homme,Belgique,34645.692993563076,Standard,12.9,27,1,0,3,40-50
Femme,Canada,47104.433605531834,Standard,19.6,29,0,3,4,40-50
Femme,Belgique,,Premium,2.7,24,1,3,1,20-30
Homme,Canada,42764.80292883607,Premium,17.9,32,0,6,3,30-40
Femme,France,25308.58500592966,Standard,1.1,28,1,0,3,30-40
Homme,Canada,47150.886461093076,Standard,3.4,27,0,1,4,40-50
Homme,Maroc,42337.66338356385,Premium,9.4,32,0,4,2,20-30
Femme,Canada,52986.76353812669,Premium,15.5,25,0,1,5,60+
Femme,Algérie,44332.72863545792,Standard,2.5,26,0,6,7,
Femme,France,31712.95659816977,Premium,0.0,23,0,3,4,20-30
Homme,Belgique,32233.662932655516,Premium,3.0,21,0,1,1,60+
Femme,Belgique,58022.91624188318,Standard,7.1,20,0,4,4,30-40
Homme,Algérie,40647.481628423186,Standard,1.6,19,0,5,5,60+
Homme,France,48699.53618805232,Premium,2.3,32,0,1,1,40-50
Homme,Maroc,34490.113320763405,Familial,13.7,20,0,6,5,50-60
Homme,Algérie,37339.42317770597,Premium,29.9,24,0,4,3,20-30
Homme,France,24607.19723841482,Standard,1.2,30,1,4,7,60+
Femme,France,49933.92408156702,Premium,30.9,18,0,1,1,60+
Femme,Belgique,57092.827941473566,Familial,4.0,23,0,0,3,60+
Homme,Algérie,33333.73580125411,Standard,10.6,28,0,6,4,60+
Homme,France,21168.711946548854,Standard,26.5,22,1,3,2,60+
Femme,Canada,38704.55643803209,Premium,3.8,34,0,0,5,30-40
Femme,Canada,24031.17868052209,Standard,10.0,34,0,5,5,20-30
Femme,Algérie,27260.549246625433,Standard,39.4,31,0,5,3,50-60
Homme,France,,Standard,2.8,27,0,1,1,
Homme,Algérie,47958.80373181367,Standard,3.1,21,0,1,5,50-60
Femme,Canada,55944.20549149937,Premium,24.6,31,0,1,3,50-60
Non précisé,Belgique,18690.312459024648,Standard,17.1,21,0,6,3,40-50
Homme,Canada,50572.5671728908,Standard,6.7,21,0,4,5,40-50
Femme,France,33575.54594149164,Premium,3.6,23,0,0,1,<20
Femme,Belgique,33400.862327824216,,2.5,22,0,1,4,40-50
Homme,Belgique,43225.9777739982,Premium,18.3,20,0,4,4,50-60
Homme,Canada,30653.35659559533,Standard,11.6,20,0,0,5,60+
Homme,Algérie,30844.049290035,Premium,5.8,28,0,1,3,20-30
Homme,Maroc,51425.89503728149,Standard,1.5,25,0,1,4,20-30
Homme,Maroc,37500.434559074485,Premium,16.5,24,0,3,6,60+
Homme,Maroc,30043.182767903272,Standard,11.9,34,0,2,4,
Non précisé,Maroc,36565.206894527684,Familial,77.3,23,0,2,1,20-30
Homme,France,33950.95803212505,Familial,2.2,28,0,5,1,60+
Femme,Algérie,34648.61486848616,,21.4,24,0,6,2,50-60
Femme,Belgique,58334.3918404242,Standard,7.9,21,0,1,1,50-60
Femme,Canada,27691.278238569867,Premium,9.3,24,0,5,5,<20
Femme,France,53518.75219473163,Standard,15.4,19,0,6,2,40-50
Femme,France,51255.785296470785,Standard,13.6,32,0,0,4,60+
Femme,France,37223.63937855794,,18.2,17,1,1,5,30-40
Homme,Algérie,39449.68209500778,Premium,19.3,21,0,0,5,20-30
Homme,Canada,42474.667479369506,Standard,15.1,25,0,2,4,50-60
Femme,France,23166.101546868205,Standard,,30,0,2,7,30-40
Homme,France,31925.756506655947,Standard,2.0,21,0,0,6,20-30
Femme,France,48967.433757033024,Standard,13.9,25,0,4,5,<20
Homme,France,52192.95410962823,Standard,2.5,24,0,3,5,20-30
Homme,Belgique,23788.647942767544,Standard,2.7,25,0,6,4,<20
Femme,Canada,31226.441690857642,Familial,2.8,18,1,6,3,60+
Femme,Belgique,41694.12931019183,Familial,22.3,29,1,6,6,20-30
Femme,Belgique,,Standard,21.1,24,1,4,7,30-40
Femme,Belgique,33468.15608643378,Premium,31.3,24,1,3,5,30-40
Femme,Maroc,51325.44802638443,Premium,15.0,25,0,2,7,50-60
Homme,Algérie,38853.361970987695,Premium,7.8,28,1,3,2,40-50
Non précisé,Maroc,37080.27816630423,Premium,16.3,34,0,4,5,30-40
Homme,Belgique,31108.266296127702,Premium,40.8,29,1,3,6,<20
Non précisé,Belgique,37493.129645915615,Standard,0.6,27,1,2,7,50-60
Homme,France,59213.37203417133,Standard,22.7,20,0,0,4,50-60
Femme,Belgique,,Standard,17.7,22,0,5,6,40-50
Non précisé,Algérie,26919.3419708744,Premium,50.0,24,1,1,6,40-50
Homme,Algérie,47400.61200826526,Standard,14.3,20,0,5,2,40-50
Femme,Maroc,65896.08897385848,,120.5,23,1,0,6,30-40
Homme,France,51932.43516121158,Familial,7.6,33,0,6,6,20-30
Femme,Maroc,66248.70005508853,Premium,6.7,23,1,6,4,40-50
Femme,Belgique,48681.53910225622,Premium,6.7,31,0,5,3,20-30
Homme,Algérie,67542.9249652838,Premium,,30,0,5,1,50-60
Homme,France,38483.93568924266,Standard,6.9,24,0,2,5,20-30
Non précisé,France,,Standard,3.6,29,0,6,2,50-60
Femme,Canada,25152.11179350813,Standard,2.9,26,0,3,1,60+
Homme,Belgique,,,23.1,20,1,0,6,50-60
Homme,Belgique,26264.496240853834,Premium,11.2,35,1,4,1,20-30
Femme,Maroc,36070.76848654601,Premium,5.4,37,1,2,4,30-40
Homme,Belgique,21713.65729945381,Premium,0.4,23,0,5,2,50-60
Femme,Belgique,33872.70076198357,Standard,36.5,21,1,0,3,30-40
Homme,Maroc,46454.763998748414,Standard,,26,0,5,2,<20
Femme,Belgique,30591.056393873303,Familial,0.1,19,0,2,1,60+
Homme,Algérie,38143.885018954345,Standard,31.1,30,0,6,4,20-30
Femme,Maroc,32385.374566846345,Standard,,23,0,1,4,40-50
Femme,Maroc,46578.764234546856,Standard,28.5,32,0,0,6,60+
Femme,Maroc,44104.8899136577,Standard,13.5,29,0,5,5,50-60
Femme,Canada,42134.06939038357,Premium,14.9,28,1,0,3,20-30
Homme,Maroc,44982.64371301239,Premium,12.7,38,0,0,6,40-50
Homme,Algérie,37613.56947325945,Standard,12.2,25,1,0,5,40-50
Femme,Maroc,41450.96586166975,Premium,2.9,26,1,5,1,50-60
Homme,Maroc,39017.82872434009,Standard,4.6,20,0,1,2,50-60
Homme,Canada,57026.944351426995,,21.7,28,0,0,3,
Femme,Canada,22595.872570875636,Premium,31.6,20,0,1,5,30-40
Femme,Belgique,40556.61529907726,Premium,16.1,18,0,6,7,60+
Femme,Belgique,40761.950717299405,Premium,1.1,27,0,0,3,<20
Homme,Canada,52141.88541231036,Familial,4.1,21,1,6,6,
Femme,Belgique,44999.98071937897,Premium,0.2,17,0,0,4,20-30
Homme,Canada,25927.62351792415,Standard,0.4,27,0,1,1,20-30
Homme,Algérie,28540.967714930855,,5.5,20,1,3,4,20-30
Femme,Algérie,56572.50069973599,Premium,,29,0,1,3,60+
Femme,France,53913.63596407167,Standard,14.4,22,1,2,6,20-30
Femme,Belgique,,Standard,15.2,27,0,4,2,20-30
Femme,Belgique,42759.45275976228,Premium,17.1,22,0,5,6,60+
Homme,France,33490.160379340225,Premium,15.1,19,0,1,4,50-60
Femme,Algérie,39409.484400058675,Standard,1.6,28,0,5,1,20-30
Homme,Belgique,44433.06300792184,Familial,37.7,22,0,0,7,20-30
Femme,Canada,54777.5758657675,Familial,28.3,18,0,6,6,40-50
Homme,Algérie,53974.538828277924,Standard,2.2,23,0,0,4,30-40
Homme,France,36248.49698669934,Standard,17.1,21,1,2,2,60+
Homme,Algérie,,Standard,27.1,30,1,6,3,20-30
Femme,Belgique,55496.96736648377,Premium,24.7,22,0,2,3,40-50
Femme,Maroc,39530.13769269608,Premium,16.4,24,1,1,3,60+
Femme,Maroc,49896.206641623576,Standard,21.2,30,0,5,1,30-40
Homme,France,57999.64969592849,Premium,30.3,30,0,4,5,30-40
Homme,Maroc,34636.00049962654,Standard,23.2,23,1,4,4,50-60
Homme,France,68118.57914987762,Familial,16.7,30,0,4,6,60+
Homme,Algérie,,Standard,4.2,29,0,5,6,30-40
Femme,France,60478.524341829165,Premium,9.5,27,0,3,1,40-50
Homme,Canada,55831.496001866355,Premium,0.1,18,0,1,4,60+
Homme,Canada,49819.016863813,Standard,4.3,18,0,5,4,<20
Femme,Belgique,39214.08047378367,Familial,14.0,18,0,4,1,30-40
Femme,Belgique,30287.70539453666,Premium,5.8,23,0,1,6,60+
Femme,Maroc,39064.87470333792,Premium,,19,0,6,6,40-50
Homme,Algérie,43196.887431112846,Premium,,23,1,1,5,30-40
Homme,Belgique,37347.259856367375,Premium,16.5,30,0,2,3,60+
Femme,Algérie,41859.8048479968,Standard,25.2,22,0,1,7,30-40
Homme,Belgique,16012.212803183818,Premium,32.6,25,0,2,2,40-50
Homme,Maroc,35296.01287807844,Standard,3.7,19,0,2,1,60+
Homme,Belgique,10176.16238987734,Premium,8.8,28,1,3,4,20-30
Homme,Canada,30025.223257450576,Standard,35.3,21,0,1,6,50-60
Homme,Maroc,,Premium,57.6,24,0,4,5,20-30
Homme,France,44407.72670804738,Standard,15.9,24,0,6,2,50-60
Femme,Canada,29305.97479427212,Premium,65.0,31,1,6,1,20-30
Homme,Maroc,36298.36580860995,Standard,7.5,17,0,0,5,50-60
Femme,France,31537.131570889553,Standard,52.8,33,0,3,3,60+
Femme,France,52311.30351262079,Standard,14.8,20,0,1,6,40-50
Femme,France,39767.79518899736,Premium,13.5,22,0,2,1,60+
Femme,Canada,62882.32181004088,Premium,0.4,25,1,4,6,30-40
Femme,France,31698.42748972995,Standard,13.8,32,0,3,6,20-30
Femme,Maroc,44405.467952971,Premium,2.6,23,0,3,6,50-60
Femme,Belgique,,Standard,10.9,33,0,4,6,50-60
Femme,Maroc,28560.81747676434,Premium,2.0,32,0,5,5,60+
Femme,Canada,28329.452262185172,Premium,11.4,38,1,4,1,50-60
Homme,France,40852.811673900804,Premium,23.0,18,0,6,2,50-60
Non précisé,Maroc,66530.21205507035,Premium,10.2,28,0,4,3,20-30
Femme,Belgique,67490.5656650378,,3.1,25,0,3,2,30-40
Femme,Maroc,37910.470570612466,Premium,18.8,24,0,4,6,60+
Homme,Maroc,47592.025848759986,Premium,47.1,35,0,0,6,20-30
Homme,Belgique,33806.57269356735,Standard,12.5,24,0,5,5,
Femme,Belgique,21021.29125062048,Premium,16.5,30,0,5,6,60+
Homme,Maroc,32894.61216789324,Standard,3.7,26,0,3,3,40-50
Femme,Maroc,26257.051055083397,Premium,25.9,26,0,2,7,20-30
Homme,Maroc,19527.239569033954,Premium,13.1,34,0,6,4,30-40
Homme,Canada,22986.368411152776,Standard,1.1,34,1,3,1,30-40
Femme,Algérie,52634.14456069324,Standard,6.0,27,0,3,2,20-30
Homme,Algérie,45868.525247628815,Premium,7.0,29,0,4,6,40-50
Homme,Belgique,,Premium,1.9,18,0,0,5,20-30
Homme,Algérie,37549.33913585397,Standard,3.5,37,0,6,5,30-40
Homme,Belgique,51249.88948976217,Premium,17.6,31,1,6,5,60+
Homme,Algérie,30550.694772698334,Standard,5.7,25,0,1,3,50-60
Homme,Belgique,27647.911046412977,,6.6,24,1,2,2,20-30
Homme,Algérie,45657.98323893002,,11.7,30,0,1,6,50-60
Homme,Maroc,43103.34966365443,Standard,1.0,31,0,4,3,30-40
Homme,Belgique,20631.09762258252,Standard,29.8,27,1,2,4,40-50
Femme,Algérie,34731.62414844179,Familial,7.5,27,0,3,3,20-30
Femme,Algérie,60336.45317927094,Premium,2.6,24,0,0,5,60+
Femme,Belgique,53075.6884465399,Premium,6.4,25,0,1,7,30-40
Femme,France,44856.95574165399,Familial,11.9,25,0,1,1,40-50
Femme,France,13241.91648628795,Premium,5.1,28,0,0,5,30-40
Homme,Belgique,24979.63015438259,Standard,12.2,29,0,6,3,40-50
Homme,Belgique,41095.15399906602,Standard,10.1,20,1,1,2,20-30
Femme,Canada,,Standard,14.7,23,0,2,6,20-30
Femme,Canada,41764.12762530745,,3.3,28,0,0,3,60+
Femme,Belgique,30461.122474563406,Standard,0.7,26,0,6,3,30-40
Femme,France,43994.10553871163,Standard,4.6,21,1,5,1,30-40
Homme,Maroc,62075.067218572534,Standard,4.0,20,0,2,5,30-40
Femme,Maroc,41545.9840653173,Standard,33.4,31,1,4,5,50-60
Femme,Algérie,54181.439821384614,Familial,68.9,19,0,5,5,20-30
Homme,Belgique,41524.29412819428,Premium,8.1,19,1,1,4,30-40
Femme,Maroc,25864.302227059303,Premium,47.7,23,0,1,4,50-60
Homme,Belgique,33299.972667594215,Premium,22.2,33,0,0,6,20-30
Femme,Canada,34459.41132014494,Standard,7.0,17,1,3,6,20-30
Homme,France,31282.991770025234,Premium,3.0,21,0,5,3,60+
Femme,Algérie,22866.668268992395,,0.3,23,0,6,2,20-30
Homme,France,33602.76650966485,Standard,6.1,22,1,2,3,50-60
Femme,France,28420.698538234315,Standard,,25,0,1,3,60+
Femme,Algérie,36584.03000986191,Familial,8.4,23,0,5,1,<20
Femme,Canada,50953.95363482252,Familial,5.4,27,1,1,3,40-50
Femme,Belgique,,Standard,6.4,25,1,6,4,50-60
Femme,Algérie,41360.09225299199,Standard,1.9,26,0,5,1,40-50
Femme,France,47614.77014044162,Premium,8.3,27,1,4,5,60+
Femme,Canada,22102.991369814845,,32.1,28,0,1,2,<20
Femme,Maroc,24933.013924434403,Standard,71.1,26,0,3,2,40-50
Femme,Belgique,36902.22626238024,Premium,,23,0,0,2,20-30
Femme,Algérie,55702.550077792395,Familial,5.9,28,0,4,3,40-50
Femme,France,55508.0787389909,Premium,6.2,27,0,3,3,20-30
Femme,Canada,45001.67342775316,Familial,15.2,29,0,3,3,60+
Homme,Canada,27126.23992062191,Standard,8.7,23,1,3,5,60+
Homme,Maroc,,Premium,8.5,20,1,4,1,30-40
Femme,Belgique,54397.98280082226,Premium,3.9,30,0,3,1,60+
Femme,Algérie,42877.968147496176,Familial,33.4,20,0,4,5,50-60
Homme,Canada,49865.27451161731,Familial,3.1,26,1,0,5,30-40
Homme,Canada,35297.444391309626,,9.8,16,0,4,6,50-60
Femme,Canada,35434.676113753136,Premium,8.7,18,0,0,6,<20
Femme,Belgique,,Premium,15.0,25,0,3,1,40-50
Femme,France,41705.23707691578,Standard,13.7,23,0,2,6,60+
Homme,Algérie,48098.92435330943,Standard,32.1,27,0,0,2,50-60
Homme,Maroc,35067.40523474363,Standard,49.3,23,0,2,5,20-30
Femme,Algérie,51714.79282430198,Premium,8.7,23,0,4,4,30-40
Non précisé,Canada,47445.95702167887,Standard,20.0,18,0,3,2,60+
Homme,France,35250.03278164558,Standard,11.1,25,0,6,3,20-30
Homme,Canada,56268.2194980405,Familial,1.5,23,1,1,5,20-30
Femme,Maroc,56663.4320918755,Premium,0.7,20,0,5,4,50-60
Homme,Belgique,37951.73803747055,Premium,17.1,27,0,3,2,60+
Femme,Algérie,48091.730253691516,Familial,25.4,21,0,2,6,20-30
Homme,Algérie,55240.348976840054,Premium,1.2,33,0,0,6,30-40
Homme,Belgique,35767.35618221707,Premium,7.0,22,1,5,1,60+
Homme,Canada,27779.815218503743,Familial,16.7,27,0,6,6,60+
Femme,Algérie,41640.16992985099,Standard,1.7,27,0,1,2,20-30
Homme,Maroc,40557.74143956519,Standard,4.9,21,0,3,3,50-60
Femme,Belgique,64206.59465248091,Premium,39.7,26,0,2,1,<20
Homme,Maroc,71987.31690340226,Standard,4.1,19,0,5,2,20-30
Homme,Maroc,49733.23019926983,Standard,,25,1,3,2,50-60
Femme,Maroc,57132.57792174777,Premium,30.3,23,0,3,6,40-50
Femme,Canada,30276.81186975304,Premium,9.3,29,0,2,1,40-50
Femme,France,32364.987804733308,Standard,13.8,24,0,3,5,40-50
Femme,Belgique,66270.2111979405,Familial,3.8,22,1,6,1,50-60
Femme,Canada,26682.032800375167,Familial,8.0,26,0,3,2,40-50
Homme,Algérie,,Standard,5.7,19,0,2,6,20-30
Femme,France,19127.412462337328,Standard,11.0,23,1,4,5,60+
Homme,France,47289.60788927408,Standard,13.4,23,0,1,2,50-60
Femme,Belgique,32775.85128753143,Familial,41.1,27,1,0,5,20-30
Non précisé,Algérie,37254.41210994273,Standard,3.0,30,0,5,5,40-50
Femme,Canada,46478.081856072175,Familial,1.6,26,0,3,4,40-50
Femme,Belgique,55456.84576047138,Familial,7.6,26,0,6,6,40-50
Femme,Canada,40480.608102237944,Familial,2.3,29,1,1,4,40-50
Homme,Maroc,,Standard,0.3,18,0,6,2,30-40
Femme,Algérie,49707.917852682855,Familial,2.7,16,1,5,2,60+
Homme,Belgique,45184.64506419904,Premium,40.9,26,1,1,4,50-60
Homme,Maroc,56902.668794108664,Premium,2.6,24,0,2,3,30-40
Homme,Algérie,55588.10988325489,Standard,14.8,18,0,3,5,20-30
Non précisé,France,50099.00301718316,Standard,2.0,19,0,2,6,30-40
Femme,Belgique,38619.505599598626,Standard,2.5,30,1,5,4,20-30
Homme,Belgique,57274.30562141709,Familial,12.2,21,1,2,2,30-40
Homme,Algérie,31787.18368020464,Standard,0.5,26,1,1,2,50-60
Femme,Algérie,,Standard,16.4,39,0,1,7,60+
Homme,Algérie,40311.273055712016,Premium,0.7,19,0,5,2,60+
Femme,Canada,58513.63863972231,Premium,1.6,24,0,1,2,50-60
Femme,Algérie,39718.075687193676,Standard,1.4,29,0,6,3,30-40
Homme,Algérie,39295.57361043256,Premium,43.7,28,1,4,5,40-50
Femme,France,24823.650506813927,Standard,5.5,33,0,5,1,60+
Femme,Canada,33175.7176052321,Standard,22.3,31,0,3,5,60+
Femme,Canada,,Premium,3.0,30,0,5,3,60+
Femme,France,37857.974287974204,Familial,20.3,19,0,5,1,<20
Non précisé,France,29907.777355396433,Standard,1.2,15,0,0,6,60+
Femme,Algérie,35249.09054084334,Standard,7.9,26,0,5,1,60+
Femme,Canada,35689.803010141346,Familial,1.1,25,0,3,2,20-30
Homme,Canada,31156.084164565178,Standard,7.5,26,1,4,3,20-30
Homme,Belgique,28822.14391599902,Standard,4.0,27,1,2,5,30-40
Homme,Canada,25441.363714522166,Premium,16.1,26,0,3,2,30-40
Homme,Algérie,29558.17657016679,Premium,17.0,23,0,5,5,20-30
Femme,Belgique,55819.270630311155,Standard,21.5,29,1,6,1,30-40
Femme,Algérie,40337.14253116355,Premium,10.4,29,0,1,6,30-40
Femme,Belgique,12250.349685362402,Standard,1.4,22,0,2,6,20-30
Homme,Algérie,,Premium,1.0,26,0,4,3,60+
Femme,Canada,57900.7777502936,Familial,11.0,27,1,6,3,20-30
Homme,Belgique,33758.5879222753,Premium,6.8,30,0,4,4,50-60
Homme,Belgique,22381.43085764974,Standard,2.4,36,1,2,2,50-60
Homme,Maroc,40594.2985492951,Familial,10.4,22,0,6,2,20-30
Non précisé,Belgique,55736.71873206994,Standard,24.7,20,0,6,3,50-60
Homme,Canada,75618.24428829146,,17.1,15,0,6,6,
Femme,Canada,42217.33623416862,Premium,30.7,24,0,0,3,30-40
Homme,France,52111.32077149322,Familial,9.2,25,0,3,2,
Homme,France,47769.72823942713,Premium,2.2,31,0,2,5,
Homme,Maroc,35586.234541545266,Familial,11.8,27,0,0,7,60+
Homme,Maroc,31903.46005789209,Premium,3.6,28,1,6,6,<20
Homme,Maroc,22784.550747867892,Standard,37.3,17,0,5,4,30-40
Homme,Canada,52513.14969252574,Standard,5.8,19,0,1,4,50-60
Femme,Algérie,38971.56181978886,Standard,12.3,20,0,5,2,50-60
Homme,Maroc,20921.26129264292,Premium,26.2,21,1,1,4,50-60
Femme,Algérie,58048.075266576394,Standard,8.6,20,0,2,2,50-60
Non précisé,Belgique,25259.203199741936,Familial,8.1,30,0,5,4,50-60
Femme,Belgique,45457.67429054117,Familial,2.7,30,1,1,3,50-60
Homme,France,56069.612421479345,Premium,27.3,28,0,0,3,50-60
Femme,Algérie,23364.754957508067,Premium,24.7,24,0,6,3,30-40
Homme,Belgique,24039.224831538293,Premium,17.3,24,0,1,2,50-60
Homme,Algérie,51697.46310046581,Premium,2.0,28,1,1,2,40-50
Homme,Algérie,59060.75335913008,Standard,6.6,22,0,4,1,30-40
Femme,Canada,43952.65114421695,Premium,1.0,26,1,3,7,40-50
Femme,Canada,52778.596303177204,Standard,14.9,40,0,5,3,60+
Femme,Algérie,47851.85861772643,Premium,26.3,23,0,4,3,50-60
Femme,Maroc,40128.435868122135,Standard,9.4,30,0,2,4,40-50
Femme,Algérie,39067.48551356608,Standard,22.2,22,0,2,1,20-30
Femme,Maroc,69828.77679274298,Standard,9.1,35,0,3,4,<20
Homme,Algérie,43126.31419828273,Premium,13.6,25,0,6,3,30-40
Femme,Algérie,,Standard,1.6,25,0,0,3,40-50
Femme,France,,Familial,4.9,22,0,6,5,30-40
Femme,France,22075.306322901586,Premium,17.0,30,1,1,3,50-60
Homme,Algérie,35434.0995074782,Premium,5.3,30,0,5,4,40-50
Femme,Maroc,19031.235674490294,Standard,,26,0,3,1,20-30
Femme,Maroc,36274.61727730165,Premium,1.3,17,0,6,3,60+
Femme,Canada,57395.64891790919,Premium,11.1,23,0,0,6,60+
Femme,Belgique,48983.83607196216,Premium,1.5,26,0,4,5,20-30
Non précisé,Maroc,,Standard,27.7,29,1,3,4,50-60
Homme,Algérie,30898.110498363392,Standard,1.3,23,0,2,2,50-60
Femme,Maroc,57394.92250774211,Standard,22.6,26,1,2,4,<20
Homme,Canada,43473.75827112642,Familial,17.9,37,0,2,4,
Homme,Canada,53016.50965241566,Premium,,27,0,0,3,30-40
Homme,France,44862.52579035838,Standard,9.1,28,0,5,3,30-40
Femme,France,29449.613916225262,Standard,4.9,24,1,6,3,60+
Femme,France,34961.31659871705,,6.6,32,0,1,6,30-40
Femme,Maroc,41006.64097487577,Standard,3.9,31,1,1,2,<20
Homme,France,58710.18089507635,Familial,17.0,18,0,0,2,50-60
Femme,France,39025.09211795905,Standard,11.7,30,1,5,5,50-60
Femme,Belgique,27299.801828917647,Standard,63.5,26,0,4,5,60+
Femme,Algérie,44249.67042701297,Standard,4.3,25,1,2,1,
Femme,France,57152.64797086328,Premium,13.2,30,0,4,1,60+
Femme,Algérie,49191.468187144645,Premium,9.9,28,0,0,3,40-50
Femme,Maroc,20772.60747082524,Familial,40.5,25,0,0,6,50-60
Homme,Algérie,47775.132235532685,Standard,8.2,24,1,1,3,
Homme,Belgique,59919.34792545654,Standard,4.6,30,1,2,1,60+
Femme,Maroc,24062.137977401326,Standard,0.1,21,1,6,5,
Femme,Algérie,52229.934962431864,Standard,19.8,30,0,1,4,30-40
Femme,Algérie,45272.76586471541,Standard,55.1,29,0,1,4,60+
Femme,Maroc,45479.797190488745,Standard,6.0,21,0,5,5,40-50
Homme,Algérie,29322.95587806574,Standard,17.2,29,1,5,4,50-60
Femme,Maroc,,Premium,16.6,19,0,0,3,40-50
Femme,Canada,36289.907497983426,Standard,10.5,23,0,0,7,
Homme,Algérie,25311.85448023493,Standard,,23,0,3,3,60+
Femme,Algérie,18872.002455564867,Premium,29.0,23,0,1,3,<20
Femme,Algérie,46610.89193959792,Premium,13.0,35,0,5,7,50-60
Homme,France,42458.88930907767,Standard,1.1,29,0,2,5,30-40
Homme,Algérie,35223.61587784602,Standard,18.4,33,0,3,5,50-60
Homme,Algérie,38485.994645364866,Standard,12.9,26,0,0,5,40-50
Femme,Maroc,40479.03898513349,Premium,6.7,26,1,5,1,20-30
Homme,Algérie,44229.18669048231,Standard,13.2,16,1,0,6,60+
Homme,France,43683.06518338207,Premium,13.4,21,1,0,3,50-60
Femme,Algérie,38291.84818055834,Premium,2.2,21,0,3,5,30-40
Homme,Canada,49417.327311311354,Standard,13.1,21,0,1,3,50-60
Homme,Belgique,,Premium,8.2,24,0,1,4,40-50
Femme,France,29943.031853561275,Standard,10.4,31,1,4,3,20-30
Femme,Algérie,29674.335584932684,Premium,0.3,28,0,2,6,30-40
Femme,Maroc,22166.128625284815,Familial,43.4,28,0,2,4,
Femme,Algérie,,Premium,8.7,25,0,1,2,
Femme,Belgique,54350.112699893914,Standard,4.9,32,1,0,5,<20
Femme,Belgique,30144.637102232846,Premium,2.7,24,0,4,1,50-60
Homme,Algérie,37314.493851680985,Familial,6.1,18,0,2,6,30-40
Femme,Belgique,45096.63838801317,Premium,0.2,31,1,4,6,30-40
Femme,Maroc,38459.446658923625,,17.7,29,0,2,7,60+
Femme,Algérie,51440.7447926479,Standard,9.4,18,1,1,6,50-60
Femme,France,25966.764635466287,Premium,12.1,19,1,4,2,60+
Non précisé,Maroc,44841.13718836371,Standard,14.8,21,0,4,6,20-30
Homme,Maroc,48037.02884943829,Standard,0.1,24,1,2,1,50-60
Homme,France,,Standard,65.0,25,0,5,1,40-50
Non précisé,France,36475.52001173327,Standard,11.1,19,0,3,4,40-50
Femme,Belgique,46540.217496381956,Standard,44.2,21,0,3,4,30-40
Homme,Belgique,37011.43751255952,Standard,10.7,25,0,4,6,50-60
Homme,France,,Standard,14.0,26,0,3,4,40-50
Femme,Belgique,27550.66679089751,Standard,13.2,18,0,2,3,40-50
Homme,Canada,64198.602448622005,Standard,21.3,14,0,0,3,50-60
Homme,Maroc,53871.51367195517,,29.6,23,0,1,2,30-40
Femme,Canada,57423.30647822666,Premium,10.6,23,1,4,3,20-30
Femme,France,15693.751681711277,Premium,25.9,24,0,4,2,60+
Homme,Belgique,31525.937415493052,Standard,8.1,24,0,1,2,30-40
Femme,Maroc,42875.855060713315,Premium,18.2,29,0,5,4,40-50
Femme,Belgique,34141.42618864396,Standard,5.9,26,1,2,7,60+
Homme,Algérie,47585.0428083626,Standard,9.0,24,0,3,2,40-50
Homme,Canada,43038.45045654513,,8.8,29,0,1,4,<20
Femme,France,39678.12718614792,Familial,11.9,18,0,3,3,50-60
Homme,France,36929.827781548745,Familial,86.4,29,1,0,3,20-30
Homme,Algérie,,Premium,6.6,25,1,1,5,30-40
Femme,Maroc,35139.29433716871,,6.9,24,0,2,6,20-30
Femme,France,40875.52331745542,Standard,0.4,19,1,5,3,60+
Femme,Maroc,14894.990476102153,Premium,14.3,25,0,1,4,20-30
Homme,Maroc,27936.745646995394,Standard,,17,0,5,5,60+
Homme,Canada,32150.419807069255,Premium,18.5,24,0,5,2,40-50
Femme,France,56536.00900679213,Premium,16.0,20,0,6,5,20-30
Femme,Algérie,46492.57115434545,Premium,1.1,34,0,5,1,20-30
Homme,Belgique,25540.18186966103,Standard,,24,1,5,1,<20
Femme,Algérie,41363.72271706979,Standard,3.0,23,0,5,6,20-30
Homme,France,32780.986676049135,Standard,1.4,20,0,5,4,40-50
Homme,France,28611.113547674122,Standard,8.3,28,1,6,3,40-50
Femme,Canada,59757.662848871,Standard,1.2,26,0,3,5,50-60
Homme,Belgique,48528.62531871447,Premium,2.3,36,1,6,5,30-40
Homme,Belgique,48779.65043476543,Standard,35.7,23,0,2,3,
Homme,Maroc,28366.508322065863,Familial,7.6,25,0,2,5,40-50
Homme,Belgique,,Premium,,28,1,2,5,60+
Femme,Canada,23187.229522097932,Premium,21.1,23,1,6,3,40-50
Femme,Maroc,43242.70866601909,Premium,23.3,25,1,1,2,<20
Femme,Maroc,47020.44389371673,Premium,2.4,23,1,5,6,50-60
Femme,France,29022.26281079354,Premium,14.1,31,0,3,5,30-40
Femme,Maroc,26669.091139080843,Standard,35.6,28,0,5,1,50-60
Homme,France,52252.33102384529,Standard,0.9,26,0,3,1,60+
Homme,France,36285.38075935552,Standard,0.4,20,1,2,5,20-30
Femme,Maroc,61390.95178021745,Premium,5.8,19,0,5,6,40-50
Femme,Canada,,Standard,17.7,22,0,4,4,30-40
Homme,Belgique,41736.18496953344,Standard,15.2,25,0,4,5,50-60
Femme,Maroc,34512.55117719884,Premium,26.0,24,0,2,3,30-40
Homme,Canada,,Familial,19.4,24,0,6,5,50-60
Homme,France,40116.03411245985,Standard,15.4,24,1,1,2,20-30
Femme,Canada,22696.96883598302,Standard,11.0,30,0,6,5,30-40
Femme,Canada,48402.65050231083,Familial,3.6,25,0,3,5,40-50
Femme,Algérie,45099.982352904044,Familial,4.9,25,0,0,2,40-50
Femme,Belgique,52800.33246181075,Standard,33.9,21,1,2,6,30-40
Homme,Maroc,28145.784854533165,Premium,9.9,22,0,5,1,50-60
Homme,Canada,24533.852971672404,Standard,24.7,20,0,6,5,20-30
Femme,Algérie,29474.042223076234,Premium,36.3,21,0,4,7,30-40
Femme,Belgique,44281.017021686595,Premium,7.2,27,0,3,5,40-50
Homme,Belgique,43394.8404226472,,18.5,22,0,4,1,60+
Homme,France,38557.076848795135,Standard,19.4,31,0,1,6,30-40
Femme,Maroc,42126.74379586172,Standard,10.9,25,0,5,6,40-50
Homme,Maroc,52709.35461997247,Premium,47.3,28,0,1,1,
Femme,Belgique,34781.493236752765,Standard,8.8,26,0,4,4,50-60
Femme,Belgique,48499.817843778495,Familial,5.6,13,1,0,1,50-60
Femme,Canada,,Familial,1.1,25,1,0,2,60+
Homme,Belgique,36994.68351510505,Premium,3.9,33,0,1,4,60+
Homme,Belgique,47710.576700930484,Familial,19.1,26,0,1,4,20-30
Femme,Algérie,33663.738830936134,Premium,20.7,33,0,2,4,
Femme,Belgique,47608.1570583415,Standard,5.8,33,1,3,6,40-50
Femme,France,43086.02443415112,Standard,23.9,21,0,5,1,50-60
Homme,France,44681.27849868778,Familial,,25,0,4,4,30-40
Homme,Maroc,67776.59296353105,Familial,7.7,19,1,1,2,40-50
Homme,Algérie,33592.17783750435,Premium,6.5,15,0,3,1,60+
Femme,Canada,47688.35371807888,Standard,6.2,29,0,3,5,<20
Homme,Canada,31716.723032107267,Premium,,22,0,2,7,50-60
Femme,France,14649.812438070421,Premium,9.4,19,0,2,5,40-50
Homme,Belgique,50424.79442132456,Standard,4.1,21,0,2,3,30-40
Homme,Algérie,24405.114632112407,Standard,9.5,25,1,5,4,40-50
Homme,Belgique,41034.573015290116,,14.5,25,1,5,1,50-60
Femme,Algérie,22733.622310451046,Premium,2.1,26,0,2,1,40-50
Homme,France,50029.344405491516,Premium,2.0,23,0,5,4,20-30
Femme,Belgique,27580.371059377605,Standard,62.6,16,0,1,6,60+
Homme,Algérie,47146.70638536534,Standard,15.2,31,0,0,6,50-60
Femme,Belgique,44855.47884729974,Familial,22.7,31,0,1,2,50-60
Femme,France,24347.429756165468,Familial,5.9,20,1,1,2,60+
Homme,Maroc,28900.62518250416,Premium,36.3,28,0,0,4,50-60
Femme,Algérie,,Standard,18.9,29,0,4,1,
Homme,Belgique,44620.83272404967,Standard,15.0,28,0,6,3,60+
Femme,France,37210.45564055684,Premium,,24,0,3,4,20-30
Homme,Algérie,38553.31168463944,Premium,4.3,27,0,0,2,<20
Homme,Algérie,37798.57705449703,Standard,,27,0,0,1,60+
Femme,France,46802.70173861895,Standard,0.5,26,0,3,5,40-50
Femme,Belgique,26743.357953526174,Premium,4.5,28,0,2,3,60+
Homme,Maroc,53492.41045009095,Standard,44.6,22,0,0,6,50-60
Femme,Canada,43920.22014367777,Premium,0.3,16,0,4,2,40-50
Femme,Belgique,32017.635164103052,Premium,24.7,30,0,4,4,40-50
Non précisé,France,36397.02312991792,,2.7,26,1,3,4,40-50
Femme,Algérie,28572.645459555348,Premium,1.8,24,0,4,1,40-50
Homme,Canada,43797.82046009262,Standard,26.5,20,0,5,3,30-40
Homme,Canada,37108.91187798444,Premium,22.1,27,0,3,6,<20
Homme,Belgique,58951.07082101415,Standard,5.4,19,0,2,2,40-50
Homme,Belgique,49057.65129967392,Standard,7.5,26,0,2,6,40-50
Femme,Maroc,,Standard,9.6,22,1,0,2,40-50
Femme,Algérie,,Standard,0.4,36,0,1,4,
Femme,Canada,48150.19115674583,Premium,49.6,27,0,5,5,50-60
Homme,Belgique,16246.254189796759,Premium,34.7,20,1,4,6,30-40
Homme,Belgique,49172.45602000067,Premium,29.3,24,1,6,4,30-40
Femme,Maroc,37751.53838658271,Standard,19.5,30,0,1,3,50-60
Homme,France,39496.986924492216,Premium,21.0,19,0,3,5,20-30
Femme,Maroc,66250.64829344461,Standard,4.7,20,1,6,6,60+
Femme,France,13978.742123081514,Familial,1.3,24,0,4,5,30-40
Homme,Belgique,29900.594562599104,Premium,6.9,20,0,0,6,30-40
Homme,France,50819.46937323729,,28.2,28,0,2,4,<20
Homme,Canada,23624.15845088113,Standard,13.6,23,1,3,3,60+
Homme,Canada,45675.5575590477,,2.1,19,1,1,5,40-50
Femme,France,,Premium,11.1,28,0,6,4,40-50
Homme,Maroc,39827.307915504156,Standard,18.7,27,1,5,3,50-60
Femme,Algérie,32827.07160010211,Standard,29.7,34,0,2,5,50-60
Femme,Canada,38165.841833228216,Standard,9.4,20,0,0,1,50-60
Femme,France,58072.065056337444,Premium,9.4,25,1,2,4,30-40
Homme,Belgique,40489.48079818715,Standard,25.2,19,1,3,1,20-30
Homme,Belgique,,Premium,2.5,21,0,1,6,40-50
Homme,France,29018.668384675017,Familial,4.8,26,0,4,6,20-30
Homme,Canada,29852.848394733643,Standard,12.4,18,1,6,2,50-60
Homme,Maroc,25039.280624280767,Premium,16.4,25,1,5,2,
Femme,Algérie,38849.85868841869,Standard,12.9,25,1,6,5,40-50
Homme,Belgique,44164.36390455506,Standard,2.3,28,0,2,2,50-60
Homme,Maroc,33143.42908682596,Standard,7.4,20,0,0,2,50-60
Homme,Maroc,46795.277491272,Standard,8.7,26,0,6,4,30-40
Femme,Belgique,41766.65261283513,Familial,3.3,21,0,0,3,50-60
Femme,Algérie,37583.36299315908,Standard,9.7,28,0,3,1,50-60
Homme,Belgique,408.54530910932846,Familial,,19,0,4,6,40-50
Femme,Algérie,20197.447936249777,Standard,6.0,21,0,4,6,50-60
Homme,Canada,28378.674030411716,Premium,5.5,17,0,2,3,40-50
Homme,Canada,46643.69437761195,Premium,9.6,27,1,4,4,30-40
Femme,Algérie,51196.3694661961,Standard,11.4,31,0,0,1,40-50
Homme,Belgique,29591.031777836055,Standard,6.3,32,1,3,3,40-50
Femme,Algérie,50533.42468913831,Premium,22.6,21,0,6,3,20-30
Homme,Maroc,32913.89559738425,Premium,8.0,23,0,0,6,30-40
Femme,Belgique,51233.965348725884,Standard,8.0,19,0,0,5,20-30
Homme,Maroc,49229.13635234696,Premium,,29,0,5,2,50-60
Homme,Belgique,32130.442306988974,Familial,5.3,18,0,5,5,30-40
Femme,Belgique,54027.94387687112,Premium,1.5,23,0,5,3,20-30
Homme,Algérie,58642.620040063804,Standard,12.6,36,0,2,2,20-30
Homme,Maroc,16588.539481698615,Standard,2.6,30,0,2,1,60+
Homme,Algérie,44666.09080092122,Standard,79.1,32,0,5,5,<20
Homme,Algérie,45783.70659554444,Standard,2.0,23,0,3,5,
Femme,Algérie,39087.0982119767,Premium,19.4,29,0,3,4,30-40
Femme,Canada,41749.77375718948,Premium,32.4,13,0,1,6,20-30
Femme,Belgique,67099.12442990729,Premium,19.8,27,1,2,5,40-50
Homme,Maroc,45485.73372935082,Familial,16.1,31,0,3,5,60+
Femme,Maroc,42135.67600405884,Standard,23.5,21,1,0,5,50-60
Homme,Canada,36944.633803696415,Standard,10.2,26,0,4,5,30-40
Femme,Algérie,66175.13746061588,Premium,35.3,22,0,4,7,60+
Femme,France,28766.369169736652,Familial,41.4,27,1,4,5,30-40
Homme,France,19714.614840416743,Premium,15.9,29,0,6,4,50-60
Femme,Algérie,32717.39047514127,Premium,42.9,26,0,0,7,60+
Femme,Algérie,39149.78429796647,Standard,9.4,31,0,1,7,40-50
Femme,France,26649.438920257402,,27.7,28,0,6,6,40-50
Homme,Belgique,52019.63117121971,Standard,8.7,27,0,4,3,40-50
Homme,Maroc,,Premium,,25,0,5,4,<20
Femme,Canada,36138.47848447483,Standard,23.0,36,0,0,2,40-50
Homme,Maroc,48436.88049663377,Standard,0.7,23,0,5,3,40-50
Homme,Maroc,65509.77074644288,Familial,14.8,21,0,4,2,20-30
Femme,France,27856.86619015724,Familial,21.1,21,0,4,2,40-50
Homme,Algérie,27815.00495950491,Premium,4.1,25,0,3,2,40-50
Homme,France,31225.02767368711,Premium,15.2,24,0,6,4,40-50
Homme,Belgique,34947.25385087858,Premium,18.8,19,0,3,5,20-30
Femme,Algérie,11970.345399810121,Standard,8.1,29,0,3,7,30-40
Homme,Algérie,41046.838172721364,Familial,35.9,28,0,3,5,20-30
Femme,France,26487.112715370076,Familial,1.7,23,1,4,4,60+
Femme,Maroc,41273.485359497965,Standard,1.9,28,0,2,6,50-60
Homme,Algérie,40933.358624650085,Standard,6.3,21,0,3,1,20-30
Femme,Algérie,47805.29520254616,Familial,24.4,20,0,0,4,20-30
Homme,France,57332.509688251586,Standard,18.0,25,1,0,3,30-40
Homme,Belgique,44985.49748633264,Premium,11.1,25,0,0,5,30-40
Homme,Belgique,50021.227102105804,Standard,25.1,14,0,5,4,20-30
Femme,Canada,58477.0469465181,Premium,35.7,28,0,0,5,<20
Femme,Canada,,Standard,4.2,25,0,0,2,50-60
Femme,France,36507.566745140735,Premium,3.1,31,1,2,2,20-30
Femme,Algérie,,Standard,0.4,22,0,2,2,30-40
Femme,France,41198.36271724574,Standard,0.4,25,1,0,4,60+
Femme,Canada,56812.36135685105,Premium,23.9,35,0,1,3,60+
Homme,Maroc,53485.11178664115,Premium,42.9,21,1,2,7,60+
Homme,France,48067.471694507476,Premium,12.0,22,0,2,7,40-50
Femme,Algérie,64132.287294841946,Premium,17.7,21,1,3,1,40-50
Femme,Canada,40588.319399582055,Premium,27.6,28,0,4,3,60+
Non précisé,Algérie,45315.01859573851,Standard,16.9,19,0,4,5,30-40
Homme,France,37225.67128504709,Standard,53.7,25,0,3,5,40-50
Femme,Belgique,49519.08507546428,Standard,,23,0,6,6,30-40
Femme,Canada,49669.38780133821,Standard,5.0,28,0,5,6,40-50
Homme,France,52556.278434298736,Standard,13.9,15,0,5,3,40-50
Homme,Canada,46888.40606172444,Familial,14.0,22,0,3,6,20-30
Homme,Algérie,,Premium,29.9,24,1,2,1,20-30
Femme,Maroc,21192.667362229655,Premium,1.4,18,1,0,7,50-60
Femme,Maroc,38803.65004172429,Familial,19.5,36,0,3,1,50-60
Homme,Canada,33528.74927052872,Premium,20.2,22,1,5,1,40-50
Homme,Canada,34261.03078342994,Standard,12.0,31,0,5,2,<20
Homme,Maroc,30568.703980091115,Standard,13.4,23,1,5,4,<20
Femme,France,38356.94985742904,Standard,9.9,21,0,4,3,60+
Homme,Maroc,44799.6849524984,Standard,17.2,18,1,3,2,40-50
Femme,Canada,57161.456541556494,Standard,28.2,17,0,2,1,20-30
Femme,Maroc,,Familial,,28,0,0,4,40-50
Homme,Canada,22718.43258096651,Standard,81.7,35,0,2,3,50-60
Femme,Canada,46302.90335183512,Familial,16.3,24,0,1,1,60+
Homme,Canada,12916.08516019727,Premium,11.6,26,0,5,2,30-40
Homme,Algérie,59832.03973206578,Standard,45.9,32,0,5,3,50-60
Femme,Canada,40754.57321144537,Standard,3.5,31,1,3,2,<20
Homme,Canada,31893.231614034743,Premium,1.6,29,1,6,1,40-50
Femme,Algérie,47949.66128417146,Standard,5.7,24,1,2,5,40-50
Homme,Maroc,38008.00068419893,Standard,57.2,29,0,5,2,<20
Non précisé,Canada,,Premium,13.9,35,0,4,3,
Homme,Canada,33185.124507976696,Standard,1.4,28,0,2,3,
Homme,Belgique,48102.35797490617,Standard,0.1,22,0,4,2,50-60
Homme,France,28402.701043206805,Standard,8.5,29,0,6,1,40-50
Homme,Belgique,42388.13485159813,Familial,4.1,28,0,1,5,20-30
Homme,Canada,41584.65439059024,Standard,4.4,29,1,2,4,
Homme,Canada,,Standard,5.8,33,1,1,5,50-60
Homme,France,25792.65944970642,Premium,20.9,21,0,1,7,30-40
Femme,Maroc,27039.12385216683,Standard,0.4,29,0,3,1,50-60
Femme,Belgique,46668.849583217205,Standard,2.0,25,0,1,2,30-40
Homme,Belgique,34843.164443159934,Standard,13.8,21,1,5,3,30-40
Femme,Maroc,26899.956061635603,,4.3,22,1,1,6,30-40
Femme,France,46312.60771014906,Premium,0.7,22,0,1,1,60+
Homme,Maroc,22679.049048559795,Standard,7.7,20,0,4,1,<20
Homme,Canada,33845.56787815616,Standard,7.4,22,0,3,5,<20
Homme,Canada,40726.91322878399,Standard,7.4,19,1,5,2,60+
Femme,France,37449.736165731345,Familial,6.1,24,1,3,2,30-40
Femme,Canada,46043.054496773024,Standard,0.9,24,1,4,7,50-60
Homme,Canada,25902.787957270964,Familial,5.6,24,0,0,5,50-60
Homme,Canada,45910.69699631301,Familial,9.4,27,0,6,3,30-40
Femme,Algérie,44535.93649740811,Premium,14.8,26,0,2,5,<20
Homme,Belgique,46660.7324053094,Standard,1.4,37,1,3,5,30-40
Femme,Maroc,39169.662166458605,Standard,1.9,13,0,2,1,40-50
Homme,Canada,64443.43978633989,Standard,20.0,18,0,0,3,30-40
Homme,Belgique,50212.79145525772,,13.7,19,1,3,1,40-50
Femme,Algérie,47169.89192106515,Standard,11.7,22,0,6,6,40-50
Femme,Belgique,,Standard,13.8,22,0,3,2,40-50
Femme,Canada,47482.627614777215,Familial,8.7,21,1,4,4,50-60
Homme,Maroc,35680.22730312649,Standard,10.3,29,1,0,2,40-50
Femme,Maroc,36756.1532141362,Premium,18.2,19,0,4,1,40-50
Femme,Belgique,46565.20857188693,Familial,12.8,31,0,3,2,<20
Femme,Algérie,34269.241595494874,Familial,22.1,21,0,0,3,30-40
Homme,Maroc,27534.002226904147,Premium,1.0,22,0,6,4,60+
Femme,Belgique,54106.82428262105,Standard,19.3,31,1,0,6,50-60
Femme,Canada,37722.732344717,,18.6,29,0,0,4,50-60
Homme,France,48603.85781555017,Standard,25.5,18,1,3,3,30-40
Femme,Belgique,28404.86007967676,Familial,1.6,35,0,6,1,30-40
Homme,France,31967.412696418127,Standard,14.4,25,0,3,2,20-30
Homme,Maroc,22197.35675221409,Familial,27.3,32,0,2,6,
Femme,Belgique,49007.14580968297,Standard,1.8,31,0,2,5,30-40
Femme,Maroc,56984.315196641044,Standard,17.3,24,0,6,5,40-50
Homme,Canada,23346.782357755907,Premium,2.0,27,0,3,1,40-50
Femme,France,52944.54687008901,,52.4,28,0,1,4,30-40
Homme,Algérie,40759.05854198642,Standard,17.4,20,0,5,6,30-40
Homme,Maroc,25397.246199686826,Familial,15.7,27,0,6,1,40-50
Homme,Canada,52879.439240430416,Premium,2.9,22,0,4,3,
Femme,France,51910.152120685496,Premium,0.1,29,1,3,1,30-40
Femme,Canada,35054.41335004056,Standard,6.2,26,1,0,5,60+
Femme,Belgique,31462.021454736067,Premium,4.8,19,0,2,5,20-30
Non précisé,Algérie,53817.762654199236,Standard,20.4,29,0,3,7,60+
Homme,Algérie,32495.63843455874,Premium,18.1,32,0,1,2,40-50
Homme,Canada,47593.38881167819,Premium,7.1,24,0,3,1,20-30
Homme,France,65135.26465839144,,12.0,27,0,4,6,<20
Femme,Maroc,46350.32947270205,Premium,16.5,23,0,3,7,20-30
Femme,Canada,32605.15439809315,Premium,10.5,21,0,1,6,30-40
Homme,France,38827.28411694582,Premium,2.6,27,0,3,2,30-40
Homme,Algérie,37742.5664716933,Familial,30.8,30,0,6,6,50-60
Homme,Algérie,33064.99280526034,Standard,15.2,30,1,5,5,20-30
Femme,Algérie,61474.4874379633,Standard,5.0,27,1,5,4,50-60
Femme,Belgique,47145.61595531992,Standard,4.6,35,1,3,3,40-50
Homme,Algérie,44766.70459234615,Standard,0.3,26,0,2,2,<20
Homme,Maroc,52894.306445075854,Standard,43.6,20,0,0,6,60+
Femme,Belgique,34587.94481879425,Standard,8.3,20,1,4,5,50-60
Homme,Belgique,60875.22194785967,Standard,18.4,29,0,3,1,50-60
Femme,Canada,17995.091130515302,Familial,0.0,29,0,6,3,30-40
Homme,Belgique,38353.34749262707,Premium,0.0,26,1,1,1,60+
Homme,Canada,53340.384088735496,,61.4,32,0,0,4,40-50
Femme,Algérie,26470.609405784933,Premium,6.7,23,0,4,3,<20
Femme,Canada,,Standard,19.1,25,0,6,5,30-40
Homme,Canada,53962.508898263746,Premium,,35,0,1,4,
Homme,France,42372.31898386755,Premium,9.4,29,0,0,3,
Femme,France,44707.39469342955,Familial,8.8,18,0,2,5,30-40
Femme,Maroc,43117.80364957308,Standard,6.7,31,0,5,4,20-30
Femme,Algérie,42115.01962996469,Familial,2.5,21,1,0,1,40-50
Homme,Algérie,28878.999105376577,Standard,27.3,27,1,2,6,30-40
Femme,France,14872.018738112994,Standard,46.0,31,1,2,1,
Femme,Algérie,11117.675037235607,Standard,7.6,23,0,1,3,
Homme,Maroc,41649.22577815743,Familial,49.8,22,0,5,4,50-60
Homme,Belgique,29973.155417559155,Standard,0.9,27,0,0,4,40-50
Femme,France,32080.914642599833,Premium,23.0,20,0,2,4,50-60
Homme,Canada,16386.833963329118,Familial,6.5,24,0,0,4,60+
Femme,France,39515.4986095453,Standard,7.4,32,1,1,6,50-60
Femme,Belgique,37389.53488093611,Standard,21.2,24,0,4,4,30-40
Homme,Belgique,45476.468232571984,Standard,8.4,24,0,3,1,20-30
Homme,Belgique,31451.745540449832,Standard,22.3,29,0,1,1,60+
Homme,Maroc,,Standard,13.3,18,0,3,3,20-30
Homme,Algérie,40889.985930220835,Standard,19.4,27,0,3,1,
Femme,Belgique,33210.135378605686,Premium,82.0,29,0,4,3,40-50
Homme,Algérie,41010.59215230077,Standard,34.5,29,0,5,4,<20
Non précisé,Maroc,45920.536049959395,Standard,6.0,27,0,6,6,50-60
Non précisé,Algérie,23335.045917561263,Standard,17.7,16,1,1,1,60+
Femme,Canada,28252.13634251343,Premium,4.4,24,0,0,2,30-40
Femme,France,43698.49985394205,Standard,33.5,27,0,5,4,40-50
Homme,Canada,33468.03658495431,Standard,17.5,25,0,5,6,
Femme,France,48680.02863383254,Premium,8.1,40,0,2,3,30-40
Femme,Maroc,37599.507922489756,Premium,47.8,29,0,5,1,<20
Homme,Maroc,30738.86021760825,Standard,3.4,28,0,5,5,40-50
Femme,France,35549.971190606,Premium,77.7,32,0,6,4,20-30
Homme,Canada,34008.062683067525,Premium,3.6,31,0,0,2,50-60
Femme,Canada,41558.16503693899,,0.3,39,1,1,3,50-60
Homme,Canada,40625.921033908424,Standard,7.9,20,0,6,4,30-40
Homme,Canada,46233.48717635959,Premium,4.8,29,1,2,2,40-50
Homme,France,50526.31532948061,Standard,30.0,27,0,0,6,60+
Femme,France,45461.804849038985,Premium,3.5,24,0,5,1,30-40
Femme,Canada,34629.61451946844,Premium,2.7,35,0,4,3,30-40
Homme,Belgique,,Standard,23.9,22,1,4,4,50-60
Femme,Canada,,Familial,10.4,22,0,4,4,50-60
Femme,Belgique,,Premium,15.2,22,0,6,1,30-40
Homme,Maroc,,Standard,3.5,16,0,3,5,60+
Femme,Canada,39119.038982847866,Premium,11.7,32,0,1,2,50-60
Femme,Canada,23730.961996290203,Standard,0.5,27,1,6,2,50-60
Femme,Canada,28810.878571911984,,2.3,20,0,6,6,20-30
Homme,France,22940.789835967757,Standard,49.1,22,0,4,7,50-60
Femme,Maroc,35859.60816516029,Familial,8.5,19,1,4,5,60+
Homme,Belgique,56036.38782364286,Standard,5.4,23,0,3,1,30-40
Homme,France,48212.71135747533,Premium,11.8,30,0,4,1,20-30
Femme,Belgique,37115.09631868339,Standard,0.2,22,0,2,1,
Homme,Algérie,41580.15692422684,Premium,83.6,29,0,2,5,20-30
Femme,Algérie,,Familial,3.0,19,1,0,5,40-50
Femme,Maroc,33059.20442079705,Premium,8.0,23,1,5,6,20-30
Homme,Algérie,39090.95170453029,Standard,1.5,18,1,6,6,20-30
Homme,Canada,46071.2567088676,Standard,15.5,24,0,0,2,30-40
Homme,Canada,,Standard,11.0,23,0,2,2,60+
Homme,Belgique,50793.66552891289,Premium,12.6,27,1,6,6,40-50
Femme,Belgique,42103.33934814664,Standard,3.0,31,0,3,5,30-40
Homme,France,30819.518178708033,Standard,23.0,18,0,0,1,50-60
Femme,Belgique,41207.29312400971,Premium,62.5,23,0,4,5,20-30
Femme,France,36814.5815735803,Standard,14.8,29,0,6,3,<20
Homme,Maroc,51222.709946961986,Familial,21.7,24,0,4,2,40-50
Homme,Algérie,32813.80162475639,Premium,24.8,16,0,2,3,60+
Homme,France,37287.97472523277,Standard,22.4,24,0,0,6,20-30
Femme,Canada,45692.5411795356,Standard,26.3,25,0,0,1,50-60
Femme,Belgique,,Premium,21.7,18,0,0,6,30-40
Homme,Algérie,27505.977078882606,Premium,53.4,21,1,4,2,60+
Homme,Maroc,30104.631885970597,Standard,24.0,28,0,4,2,50-60
Homme,Belgique,43494.52484566384,Premium,7.6,36,0,3,3,40-50
Homme,Maroc,51343.524021846315,,27.0,29,0,2,5,20-30
Femme,Algérie,20095.27573348053,Premium,0.1,20,0,5,7,40-50
Homme,Algérie,49914.61209378243,Standard,13.7,16,1,1,1,30-40
Homme,France,53910.17902819938,Standard,6.2,26,0,2,1,20-30
Femme,Belgique,46003.18964797325,Familial,2.1,23,0,5,1,60+
Homme,Algérie,26106.664815226017,Premium,41.7,26,1,4,6,30-40
Homme,Canada,35881.06386005697,Standard,10.7,23,0,2,2,30-40
Femme,Maroc,54240.576379463644,Premium,8.6,28,1,4,4,40-50
Femme,France,26234.758239404833,Standard,9.3,21,0,0,5,<20
Homme,France,30866.777372447534,Premium,38.7,28,0,2,3,20-30
Homme,Canada,22944.1667235849,Standard,22.0,25,0,4,1,30-40
Homme,Algérie,33191.93524453161,Standard,13.8,21,0,0,7,50-60
Homme,Belgique,24597.481892953703,Standard,1.1,31,0,5,4,30-40
Femme,France,,Standard,10.6,18,0,4,5,50-60
Femme,Maroc,51885.69164659775,Standard,18.3,29,0,5,5,60+
Homme,Canada,49984.6328021686,Familial,3.0,26,0,2,7,
Femme,France,,,28.4,24,0,5,4,30-40
Femme,Maroc,58601.17964816246,Familial,5.5,24,0,6,4,20-30
Femme,Algérie,38355.4342965615,Premium,1.8,20,0,0,5,
Femme,Maroc,59865.07290354072,Standard,21.9,26,0,6,5,60+
Homme,France,53872.798071624966,Standard,62.0,25,0,0,2,
Femme,Belgique,32936.83130985866,Familial,9.4,22,1,1,2,20-30
Homme,Algérie,38930.23857320906,Premium,10.0,37,0,3,5,20-30
Femme,Maroc,43699.70943125357,Standard,3.7,26,0,4,5,40-50
Femme,Belgique,50368.49104827318,Premium,11.4,20,0,5,4,50-60
Femme,France,33698.335333305855,Standard,20.4,17,1,1,4,60+
Homme,France,,Premium,3.8,21,0,6,6,20-30
Femme,Maroc,32365.282869738017,Premium,24.0,21,0,2,5,20-30
Femme,Canada,26093.03968858967,Premium,17.0,37,0,5,3,30-40
Femme,Belgique,27798.165383188123,Familial,9.6,15,0,1,6,20-30
Femme,Maroc,45684.3257106564,,26.2,26,0,0,5,
Femme,Maroc,30367.997894337244,Familial,6.8,18,0,1,3,50-60
Femme,Canada,25382.70789877485,Familial,8.5,35,0,6,5,60+
Homme,Maroc,,Standard,4.6,23,1,6,6,30-40
Homme,Maroc,59124.39356012831,Premium,10.7,25,1,5,5,
Femme,France,27574.457483889157,Familial,5.5,29,0,5,3,20-30
Femme,France,42360.74327499845,Premium,10.8,31,0,4,2,20-30
Homme,Algérie,,Standard,41.9,26,0,5,4,60+
Homme,Maroc,32329.50789601618,Premium,38.9,24,0,4,4,50-60
Homme,Canada,,Premium,8.1,17,0,0,6,20-30
Homme,France,60921.21980428942,Standard,3.3,26,0,2,6,<20
Homme,Belgique,39014.240280746526,Standard,2.9,22,0,5,5,<20
Femme,Canada,27474.987274485273,Standard,15.9,27,0,1,4,50-60
Homme,France,63235.43909024816,Familial,11.6,30,0,0,2,30-40
Homme,Maroc,54355.77644487604,Familial,17.4,24,0,6,6,30-40
Homme,Algérie,37998.58602951571,Familial,22.5,37,0,5,4,60+
Homme,Algérie,20037.04370332119,Standard,0.7,15,0,2,1,30-40
Non précisé,France,56386.48970613971,Premium,11.5,33,0,1,3,
Non précisé,Canada,39186.582216705174,,17.4,19,0,1,4,<20
Femme,Belgique,36945.06864438395,Standard,1.1,24,1,6,6,50-60
Homme,Maroc,52628.475936223644,Standard,5.1,19,1,0,3,20-30
Homme,Algérie,37493.04086493597,Premium,1.0,22,0,0,3,50-60
Femme,France,47230.105037588146,Standard,29.2,20,0,0,3,50-60
Femme,Maroc,30244.746132166285,Premium,16.2,27,0,2,3,40-50
Femme,Maroc,52565.91571984389,Standard,20.7,22,0,6,2,20-30
Homme,Canada,29512.694766220677,Standard,6.9,25,0,3,1,30-40
Femme,France,51435.29102969157,Premium,0.5,29,0,1,2,30-40
Femme,France,28107.130185017893,Premium,5.2,30,1,6,3,50-60
Homme,Algérie,44252.73815540381,Standard,12.6,20,0,5,2,20-30
Femme,France,30240.61040352128,Standard,1.3,23,0,4,4,20-30
Homme,France,27827.295599856418,Standard,30.1,18,0,2,4,40-50
Homme,France,64498.888311456896,Premium,15.0,34,0,5,4,40-50
Homme,Maroc,32947.13169289494,Standard,11.0,21,0,4,1,60+
Homme,France,30366.511188104003,Standard,1.5,17,0,4,6,<20
Femme,Belgique,38118.10995083478,Standard,18.1,27,0,6,5,60+
Femme,Maroc,39352.012887271965,Standard,8.3,27,0,0,5,
Homme,Maroc,23397.411307108097,Premium,,25,1,3,3,30-40
Femme,France,39788.67310400836,Standard,6.0,27,0,0,4,40-50
Femme,Algérie,19146.49537264679,Premium,16.2,27,0,0,1,50-60
Homme,Algérie,27076.20052136385,Standard,2.8,21,1,6,2,50-60
Homme,Maroc,41084.86432523861,Standard,1.9,29,1,1,4,40-50
Homme,Canada,24603.80471098894,,10.6,23,0,3,3,40-50
Femme,Belgique,39580.709023931086,Premium,0.9,29,0,5,3,60+
Femme,Maroc,49230.635393194665,,1.3,15,0,0,3,30-40
Homme,Belgique,,Standard,1.5,22,0,2,7,50-60
Femme,Maroc,37702.70653734707,Premium,34.2,26,0,5,3,<20
Homme,Maroc,21721.4290027768,Standard,12.7,21,1,2,6,50-60
Femme,Maroc,39484.849266549805,Premium,4.4,25,0,5,4,20-30
Homme,Maroc,50203.8629975452,Premium,13.4,33,0,3,5,<20
Homme,France,19114.638347674856,Premium,3.9,26,0,1,2,30-40
Homme,France,46226.804174550445,Familial,,27,0,6,2,
Homme,Maroc,36999.86364270719,Familial,10.2,27,1,6,6,60+
Femme,Algérie,57729.234255165975,Standard,2.4,28,0,1,4,20-30
Homme,Algérie,29534.517788738543,Premium,1.1,26,1,6,3,50-60
Homme,France,47394.937930861466,Familial,5.1,32,0,2,2,50-60
Homme,France,26640.672575882036,Familial,18.5,17,0,5,3,20-30
Homme,Maroc,35679.524907216844,Premium,45.7,27,0,2,6,30-40
Homme,Algérie,49432.0263801781,Standard,18.5,26,0,2,6,50-60
Femme,Belgique,56758.85566794304,Familial,10.8,33,0,4,5,20-30
Femme,Belgique,43086.7992540572,Premium,6.5,32,0,4,4,40-50
Homme,Belgique,25035.278530337153,Premium,19.2,28,0,5,1,40-50
Femme,Canada,36922.35017052941,Premium,11.1,19,0,0,2,30-40
Femme,Algérie,53870.29939352727,Standard,39.2,44,1,5,5,40-50
Femme,France,46049.45340891475,Familial,2.8,26,0,6,5,20-30
Femme,Algérie,40587.86126081189,Familial,18.3,20,0,5,6,20-30
Femme,Canada,22004.07505148047,Standard,17.5,28,0,3,5,50-60
Femme,Canada,63391.724862667084,Premium,,28,0,3,6,<20
Femme,Maroc,45379.43330376393,Standard,6.2,26,0,0,5,20-30
Femme,Canada,45419.39294178937,Standard,7.9,33,0,3,3,20-30
Homme,Belgique,40860.23224119199,Familial,33.9,23,0,4,2,50-60
Homme,Algérie,17946.479411655775,Premium,34.1,23,0,1,5,20-30
Homme,France,30599.38487301335,Premium,6.5,31,0,4,4,30-40
Homme,Maroc,44410.88812903766,Standard,6.3,35,1,3,5,30-40
Homme,Belgique,32194.61275218387,Standard,48.7,28,1,3,2,30-40
Homme,Algérie,32343.319495419393,Familial,13.0,27,0,2,2,30-40
Femme,Canada,31156.580727782628,Premium,2.9,31,0,4,7,40-50
Homme,Canada,48541.405599347454,Premium,13.7,30,1,2,4,<20
Femme,Algérie,26446.839000931534,Standard,3.0,31,0,1,4,50-60
Homme,Belgique,52749.49824296595,,57.2,15,0,1,3,60+
Homme,Belgique,30018.977323940275,Familial,3.9,22,0,0,3,20-30
Homme,Belgique,44272.79969699852,Premium,19.2,18,1,3,5,50-60
Homme,Belgique,25210.657465317774,Premium,3.8,31,1,3,7,50-60
Femme,France,41335.723641173885,Standard,27.0,22,0,4,2,30-40
Homme,Belgique,50094.62113591325,Premium,30.0,19,0,2,4,60+
Homme,Belgique,39677.93378343711,Premium,54.1,36,0,3,5,20-30
Femme,Canada,29828.94264187721,Premium,20.8,31,0,1,3,30-40
Homme,France,22243.915390499835,Premium,4.7,28,1,6,5,30-40
Femme,Maroc,42790.71168831257,Premium,18.0,30,0,6,6,60+
Femme,Canada,51998.955876926935,Premium,0.1,22,0,0,3,60+
Homme,Algérie,46757.96173090526,Premium,1.9,18,0,4,2,
Femme,France,32903.6210776221,Standard,34.0,23,1,6,3,40-50
Femme,Belgique,49708.39451192959,Standard,10.1,29,0,4,4,
Homme,Canada,41037.28491389815,Premium,3.5,21,0,2,3,30-40
Homme,Belgique,31788.581856833905,Familial,,27,0,3,1,20-30
Homme,Maroc,52041.88743800964,Standard,1.2,26,1,2,2,20-30
Femme,Canada,42394.98763507959,,9.9,26,0,2,1,20-30
Homme,Canada,34483.21064884352,Familial,13.7,23,0,6,3,50-60
Homme,Belgique,40617.57076666358,Standard,23.6,25,0,0,3,20-30
Homme,Algérie,47104.7557917501,Standard,0.0,25,0,0,7,20-30
Femme,Canada,45592.43185758986,Familial,3.5,24,0,1,3,30-40
Femme,Maroc,33742.66714222301,Premium,13.1,20,0,0,7,20-30
Homme,Maroc,22639.2556809944,Standard,1.0,25,0,3,6,20-30
Non précisé,France,18784.222361285745,Premium,3.8,29,1,5,3,60+
Homme,France,43342.188119576516,Standard,2.5,40,1,4,5,50-60
Femme,Algérie,36941.0219533035,Premium,51.5,28,1,5,6,20-30
Femme,Belgique,14459.067812107589,Standard,5.1,18,0,5,6,60+
Homme,Canada,44806.16661512407,Standard,26.3,25,0,1,4,20-30
Femme,Belgique,31478.536113898823,,1.4,25,0,3,5,20-30
Femme,Canada,36470.2572908767,Premium,30.6,16,0,1,1,20-30
Femme,Belgique,43992.9176134027,Standard,5.7,18,0,5,2,20-30
Homme,Canada,58199.221238946506,Standard,11.2,35,1,5,5,30-40
Femme,Belgique,31195.134349998985,Premium,7.9,31,1,0,1,60+
Homme,France,42141.006544557924,Familial,25.5,25,0,2,1,60+
Homme,France,,Standard,12.3,20,0,2,3,20-30
Non précisé,Algérie,62932.02833680025,Standard,0.4,28,0,5,5,60+
Femme,Maroc,45490.351746699795,Premium,0.8,25,1,1,6,20-30
Homme,Belgique,42595.04345373682,Standard,9.1,26,0,6,5,50-60
Homme,Belgique,50350.03133517878,Premium,12.8,19,1,2,5,50-60
Homme,Algérie,36228.755163713104,Premium,4.3,20,1,6,2,40-50
Homme,Belgique,36594.21688550161,,23.1,28,0,5,6,20-30
Femme,Algérie,34361.24195542867,Familial,52.4,20,0,0,4,20-30
Homme,Maroc,49818.971220983636,Premium,3.5,22,0,5,3,40-50
Femme,Algérie,59086.683535638454,Premium,40.8,22,0,6,3,30-40
Homme,Canada,53376.90923520046,Premium,20.7,30,0,6,4,60+
Homme,Maroc,36480.41818975308,Standard,6.3,32,0,1,1,50-60
Homme,Algérie,37378.23066565277,Standard,6.1,30,1,4,3,50-60
Non précisé,Maroc,42380.09716364529,Premium,5.3,31,0,3,5,50-60
Femme,Canada,37903.01466909885,Standard,3.6,23,0,5,4,40-50
Homme,Algérie,37334.19649091107,Standard,13.4,24,0,4,2,60+
Homme,Maroc,45793.89453413912,Familial,21.5,19,0,0,1,30-40
Femme,Maroc,46008.455521479395,,32.2,35,0,3,4,60+
Homme,Maroc,26716.42860695988,Premium,3.3,22,1,5,3,50-60
Homme,Maroc,19030.67938250172,Premium,15.4,30,0,6,1,20-30
Homme,Maroc,46041.10228585607,Premium,,28,0,6,3,<20
Femme,Algérie,35046.93906045832,Familial,3.0,24,0,4,1,60+
Femme,Algérie,74775.58967768507,Premium,0.8,28,0,6,1,60+
Homme,France,40102.66250094858,Standard,7.5,26,1,2,2,50-60
Femme,Canada,49332.09619175742,,27.3,28,0,6,6,30-40
Homme,France,,Standard,23.9,29,0,5,2,40-50
Femme,France,24169.97986258626,Premium,2.8,24,0,0,3,30-40
Homme,Canada,47457.31870974046,Standard,22.8,31,0,2,4,60+
Femme,Algérie,,Premium,8.6,28,0,0,3,30-40
Femme,Canada,52593.55678477977,Premium,7.6,21,0,0,1,60+
Femme,France,35462.98944479815,,12.5,30,0,6,5,50-60
Homme,Canada,33780.874155628175,Premium,27.6,20,0,5,6,40-50
Femme,Algérie,21519.142261803594,Premium,4.5,19,0,5,3,30-40
Femme,Canada,16434.448326433485,Premium,21.2,22,0,6,3,50-60
Femme,Canada,31979.148436505922,Premium,3.3,21,0,6,5,20-30
Homme,Belgique,50274.33944452205,Standard,1.3,33,1,0,4,60+
Femme,Belgique,48127.21342903233,Standard,13.1,21,0,1,6,30-40
Homme,Algérie,42154.774194990816,Standard,9.0,18,0,3,5,30-40
Femme,France,14381.418777805531,Premium,8.8,28,0,5,1,40-50
Homme,Algérie,37998.46388537547,Familial,8.1,19,0,1,3,60+
Femme,Algérie,,Premium,10.8,23,0,2,4,60+
Femme,Maroc,42720.35632756578,Standard,9.8,22,0,1,4,60+
Femme,Maroc,,Standard,8.7,29,0,4,5,40-50
Non précisé,Maroc,61617.43325696032,Premium,0.6,25,0,6,6,50-60
Femme,Belgique,47457.082298848676,Standard,2.5,32,1,6,2,40-50
Femme,Algérie,40293.78144581055,Standard,2.6,30,0,6,2,30-40
Femme,Algérie,43109.08090812319,Familial,1.8,16,0,2,1,50-60
Homme,Algérie,,Standard,22.0,32,1,3,2,40-50
Homme,Algérie,54843.1038292789,Familial,7.4,28,0,0,5,30-40
Homme,Canada,68167.24630228626,Premium,4.1,36,0,0,7,40-50
Homme,Algérie,32224.666812052015,Standard,15.2,23,1,3,4,20-30
Homme,France,43104.28644989018,,2.2,32,0,2,1,20-30
Homme,Belgique,69726.92197431326,Premium,11.1,25,0,4,4,40-50
Femme,France,35818.88937778406,Premium,0.1,20,0,1,3,60+
Non précisé,Algérie,31356.54362812444,,5.0,25,0,5,1,50-60
Homme,Algérie,42514.0457743437,Familial,1.9,19,1,4,3,20-30
Femme,Canada,46576.783242759906,Premium,2.9,23,0,1,5,
Homme,Algérie,21212.944417323568,Standard,,22,1,4,4,20-30
Femme,France,48561.25051583798,Standard,5.9,29,0,2,3,<20
Femme,Belgique,19671.843856283987,Standard,9.7,22,0,0,3,
Homme,Maroc,62103.319942881186,Standard,5.8,21,0,2,4,60+
Homme,Belgique,32145.8122955465,Standard,37.3,29,1,5,4,40-50
Femme,Canada,44838.53469878758,Standard,12.6,31,0,3,5,30-40
Femme,Maroc,56111.34151354749,Premium,10.7,24,1,0,3,
Femme,France,33067.87810473603,Standard,16.5,33,0,4,1,50-60
Femme,France,40634.42598677335,Familial,13.3,25,0,1,5,40-50
Femme,Maroc,35446.30163607631,Standard,14.0,26,0,2,5,40-50
Homme,Canada,32546.857863040303,Standard,,23,1,4,1,50-60
Homme,Maroc,51890.073015125636,Standard,36.5,24,0,4,5,40-50
Femme,Belgique,20241.2750191933,Standard,0.8,30,0,4,4,50-60
Homme,Belgique,40638.02859682984,Standard,13.4,28,0,1,5,40-50
Homme,Canada,24637.050973389076,Premium,30.9,35,1,0,6,
Femme,Belgique,45674.98428511528,Premium,12.8,22,0,1,5,40-50
Femme,Algérie,42950.34498918994,Premium,16.5,21,0,2,3,40-50
Homme,France,21055.408162905245,Familial,20.8,32,1,4,1,40-50
Femme,Belgique,43604.41982616386,Standard,1.3,20,0,1,7,30-40
Femme,Maroc,52672.011617983764,Premium,4.5,21,1,5,6,50-60
Homme,Canada,47887.01175981442,Premium,13.2,21,0,2,5,50-60
Homme,France,36528.68924663723,Premium,8.3,22,0,1,5,20-30
Homme,Maroc,44902.33529826729,Premium,1.7,22,1,3,1,20-30
Femme,Belgique,55818.50642051855,Premium,1.7,30,0,4,1,60+
Homme,Maroc,,Premium,13.9,23,0,3,5,60+
Homme,Canada,41793.25598653178,Premium,9.2,25,0,3,6,40-50
Homme,France,34625.00967223549,Premium,12.5,19,0,6,4,40-50
Femme,Canada,39639.7968392116,Familial,0.3,18,0,2,4,20-30
Homme,France,,Standard,,26,0,0,6,20-30
Femme,Belgique,37888.50182710309,Premium,3.5,25,0,0,6,40-50
Homme,Belgique,52219.20540198316,Premium,22.8,31,0,4,2,40-50
Homme,Canada,48061.79374575356,Premium,18.3,36,0,3,3,20-30
Femme,Belgique,50077.96126893488,Familial,1.6,18,0,5,2,40-50
Femme,Maroc,43746.747040040806,Standard,4.6,31,0,6,4,
Femme,Maroc,57704.709091992634,Premium,8.2,24,0,2,1,30-40
Homme,Belgique,37723.10478566009,Standard,22.1,30,0,0,6,60+
Homme,Maroc,37089.89340572464,Standard,43.3,31,0,6,3,20-30
Femme,Belgique,,,14.2,24,0,2,4,40-50
Homme,Canada,24677.778391526215,Premium,9.1,21,0,3,1,30-40
Femme,France,45583.916761474065,Standard,4.6,19,1,2,2,40-50
Femme,Belgique,28100.207085282516,Familial,26.1,25,0,4,4,50-60
Femme,France,35293.697333163735,Familial,1.2,20,0,2,6,50-60
Femme,France,55000.395976699394,Premium,49.7,22,0,5,1,40-50
Femme,Canada,51737.24058363559,Standard,0.5,25,0,4,7,50-60
Homme,Belgique,47067.64383822238,Premium,27.8,21,0,1,6,30-40
Femme,Maroc,41829.358044184664,Familial,20.0,26,1,5,5,
Femme,Maroc,24751.81261801586,Standard,11.1,34,0,5,3,30-40
Homme,France,14558.018052260515,Premium,15.2,27,1,4,1,20-30
Femme,France,37595.70380176948,Standard,8.9,23,0,4,1,60+
Homme,Algérie,41681.546067914736,Standard,9.4,19,0,3,6,40-50
Homme,Canada,57359.01388266768,Premium,0.7,25,1,0,4,20-30
Femme,Canada,51610.19724719806,Standard,18.4,24,0,6,5,30-40
Homme,Algérie,69019.489249439,,3.0,20,0,1,3,40-50
Homme,France,25709.610315868442,Premium,,23,0,0,2,50-60
Homme,Belgique,19157.682207180926,Premium,3.6,24,0,1,1,30-40
Homme,Algérie,33802.289300307675,Standard,19.7,25,1,5,3,30-40
Homme,Maroc,37155.86673377169,Premium,9.7,22,0,0,5,20-30
Femme,Canada,63524.91321449557,,0.4,26,0,0,5,30-40
Femme,France,,Standard,0.9,31,0,5,6,20-30
Homme,Maroc,60489.881633516154,Familial,2.1,25,0,5,5,60+
Femme,Algérie,45559.33463710391,Premium,20.3,23,1,1,1,20-30
Femme,Canada,27284.59376172596,Standard,23.0,27,0,1,5,20-30
Homme,Belgique,51596.22121817447,Standard,2.7,33,0,6,1,50-60
Femme,France,39949.17024429891,Premium,14.5,27,0,5,6,30-40
Homme,Maroc,37000.953432838505,Standard,3.1,30,0,3,5,50-60
Homme,Belgique,27865.702056806847,Premium,0.2,27,0,5,4,20-30
Femme,France,37728.255301402125,Standard,21.1,21,0,4,4,50-60
Femme,France,36392.777539149756,Familial,24.6,26,0,4,7,60+
Femme,Belgique,33350.97796848896,Premium,2.0,20,0,3,3,<20
Homme,Maroc,29391.060529156814,Premium,23.5,31,1,0,3,50-60
Femme,Maroc,25228.655087693387,Familial,38.9,22,0,3,6,40-50
Femme,Canada,41663.19015594819,Premium,24.4,27,0,3,5,50-60
Homme,Algérie,60177.480883767836,,6.0,27,0,5,6,50-60
Femme,Belgique,57112.00006762486,Standard,9.2,21,1,3,4,20-30
Femme,Algérie,,Premium,2.9,25,0,3,6,30-40
Non précisé,Maroc,38484.272640267845,Standard,5.7,27,0,3,6,30-40
Femme,Canada,44703.17731168584,,8.5,22,0,5,2,40-50
Homme,Canada,52913.9687120226,Standard,8.7,24,0,1,7,<20
Femme,Maroc,44375.05610038817,Standard,9.5,20,0,6,3,40-50
Homme,Maroc,55481.93457600964,Premium,36.3,19,0,2,2,30-40
Femme,Maroc,54325.712439140756,Familial,3.4,26,0,5,3,
Homme,Maroc,55310.30591938876,Standard,39.3,28,0,4,2,20-30
Homme,Canada,36088.439673910485,Premium,38.4,30,0,6,3,40-50
Homme,Canada,20184.277520727395,Standard,11.4,24,1,6,2,40-50
Homme,Canada,35950.482562942314,Premium,0.6,21,0,2,4,60+
Homme,Canada,72672.50407284955,Standard,21.1,18,1,5,6,60+
Homme,Maroc,28456.00185372388,Premium,7.3,30,0,6,5,40-50
Femme,Maroc,37015.148650618765,Premium,3.3,26,0,6,1,30-40
Non précisé,Canada,35411.49090982804,Standard,16.4,21,0,5,4,40-50
Homme,Maroc,52614.93942258228,Standard,12.6,22,1,5,5,60+
Femme,Belgique,52464.41093245577,Standard,35.5,29,0,5,7,40-50
Homme,France,39045.86575687413,Premium,4.0,24,0,5,4,40-50
Femme,Algérie,18796.678988871903,Standard,25.0,27,0,0,5,20-30
Femme,France,42537.442970860044,,14.1,27,1,0,3,30-40
Femme,Canada,,Premium,17.9,20,0,0,3,60+
Homme,Algérie,43883.30334036356,Standard,14.5,19,0,0,2,60+
Homme,Maroc,49354.00782239654,Standard,12.4,24,0,2,3,50-60
Homme,Canada,,Standard,16.3,24,1,1,6,30-40
Homme,Canada,43661.17480750882,Familial,19.4,24,0,3,6,30-40
Femme,Canada,53774.71815748857,Premium,17.1,25,1,2,4,20-30
Homme,Canada,41721.57584585105,Premium,5.4,23,1,4,7,50-60
Femme,Maroc,37495.044270928694,,19.9,19,1,2,5,20-30
Homme,Belgique,34167.78470396305,Standard,25.7,20,1,0,1,20-30
Homme,Maroc,54941.23362096315,Familial,53.6,26,0,4,1,60+
Homme,Algérie,47593.96966341939,Standard,13.8,26,0,5,6,50-60
Homme,Belgique,31037.506562219238,Standard,,19,0,2,2,30-40
Homme,Canada,34647.077225151064,Standard,6.1,34,1,4,6,40-50
Femme,Belgique,,Familial,9.8,24,0,5,5,40-50
Femme,Algérie,39332.36508165271,Premium,12.8,20,0,3,5,30-40
Homme,Belgique,47409.16147455043,Premium,1.5,25,0,1,6,20-30
Homme,Belgique,27338.130598935244,Premium,7.6,25,0,0,4,<20
Femme,Canada,,Standard,16.5,20,0,4,2,60+
Femme,Maroc,46818.62261452521,Premium,5.2,29,1,1,5,
Homme,Algérie,56504.1142553364,Familial,5.2,28,0,4,5,<20
Homme,Maroc,44311.66468998192,Premium,0.1,19,0,0,3,60+
Homme,Algérie,37015.367578658115,Standard,19.8,18,0,2,4,50-60
Homme,Belgique,43431.90026615,Premium,0.8,23,0,4,1,40-50
Homme,Algérie,53053.43631603518,Standard,3.3,28,1,3,4,60+
Femme,Maroc,22924.144135205457,Standard,3.2,25,0,6,4,50-60
Femme,France,47039.89085380099,Premium,0.6,21,0,4,5,40-50
Femme,France,38344.49397411232,Familial,32.4,28,0,0,5,60+
Homme,Algérie,44652.10354036615,Standard,4.8,16,0,0,3,50-60
Femme,Maroc,24488.0238698072,Premium,15.7,26,0,0,1,60+
Homme,Maroc,29546.209700135267,Familial,10.5,34,0,0,3,40-50
Homme,Belgique,32293.764780990085,Standard,20.6,23,0,0,1,30-40
Homme,Belgique,49106.052893267486,Premium,16.0,24,1,1,3,30-40
Femme,Algérie,44708.92926001513,Standard,9.0,27,1,0,5,50-60
Homme,France,37741.54941082029,Familial,10.3,21,1,0,6,30-40
Femme,Maroc,38463.229192984734,Familial,5.6,19,0,6,4,40-50
Femme,France,,Standard,16.4,33,0,3,4,30-40
Femme,Belgique,9099.330572512741,Standard,3.1,26,0,3,5,40-50
Femme,Algérie,32059.998952410377,Standard,,39,0,4,3,20-30
Homme,France,31979.615026501146,Premium,19.5,22,0,4,3,30-40
Homme,Maroc,41026.221153289975,Premium,53.4,17,0,3,1,<20
Homme,Belgique,70880.87871149465,Standard,1.7,29,1,0,2,30-40
Homme,Maroc,24304.22978815404,Standard,12.9,30,1,3,6,20-30
Homme,Algérie,31406.823041857915,Standard,5.8,25,0,5,5,50-60
Femme,France,47729.7647284267,Standard,8.9,26,0,2,5,40-50
Homme,France,52194.71055471731,Standard,5.3,27,0,6,6,50-60
Homme,Algérie,30670.164746645987,Familial,5.2,20,1,1,5,60+
Femme,Maroc,39581.909190275874,Standard,2.9,25,0,0,6,20-30
Femme,Belgique,40146.07303419922,Premium,19.3,22,0,3,5,40-50
Homme,Algérie,43565.98803721991,Premium,31.9,29,0,0,5,50-60
Femme,Canada,63731.01083971247,Premium,15.7,22,0,6,3,40-50
Femme,France,57367.23210061221,Standard,17.4,18,0,0,5,30-40
Femme,Canada,20676.895253829236,Familial,10.0,25,0,4,5,40-50
Homme,France,70290.96517673436,Familial,1.7,33,0,0,3,50-60
Homme,Canada,59129.70444958548,Standard,31.0,25,0,4,3,60+
Homme,Maroc,31573.48357701685,Familial,2.3,26,0,5,3,40-50
Femme,France,44900.965501542116,Standard,23.1,25,1,1,5,50-60
Femme,Belgique,38191.73860427617,Standard,7.9,20,0,2,2,60+
Femme,Belgique,33380.3369313025,Standard,18.2,18,0,2,2,30-40
Homme,France,34364.49900361413,Standard,31.6,21,1,2,4,40-50
Femme,Canada,41264.81736988399,Standard,,23,1,3,1,40-50
Femme,Canada,16515.1352951696,Premium,12.1,23,0,0,3,50-60
Homme,France,36741.69896146634,Premium,14.4,32,0,1,3,50-60
Homme,France,51876.08864472537,Standard,2.5,20,1,2,1,30-40
Femme,France,40167.34484188097,Familial,1.1,27,1,4,6,20-30
Femme,Maroc,36972.37908184068,Standard,8.7,22,1,0,6,
Femme,Algérie,52989.295125981735,Standard,16.0,27,0,5,2,30-40
